[
{
  "model": "base.eryfile",
  "pk": 1,
  "fields": {
    "created": "2020-04-23T16:27:34.110Z",
    "modified": "2020-04-23T16:27:34.120Z",
    "slug": "template0-hrIpecpF",
    "comment": "Default root for rendering command's output",
    "state": "prealpha",
    "name": "default-web-command-template",
    "published": true,
    "keywords": []
  }
},
{
  "model": "base.eryfile",
  "pk": 2,
  "fields": {
    "created": "2020-04-23T16:27:34.156Z",
    "modified": "2020-04-23T16:27:34.162Z",
    "slug": "template0-hrIpecpE",
    "comment": "Default root for rendering command's output",
    "state": "prealpha",
    "name": "default-email-command-template",
    "published": true,
    "keywords": []
  }
},
{
  "model": "base.eryfile",
  "pk": 3,
  "fields": {
    "created": "2020-04-23T16:27:34.183Z",
    "modified": "2020-04-23T16:27:34.189Z",
    "slug": "Root-egEAZdKg",
    "comment": "Default email template for stages.",
    "state": "prealpha",
    "name": "Root",
    "published": true,
    "keywords": []
  }
},
{
  "model": "base.eryfile",
  "pk": 5,
  "fields": {
    "created": "2020-04-23T16:27:34.228Z",
    "modified": "2020-04-23T16:27:34.235Z",
    "slug": "template0-hrIpecpX",
    "comment": "Default root for rendering command's output",
    "state": "prealpha",
    "name": "default-sms-command-template",
    "published": true,
    "keywords": []
  }
},
{
  "model": "base.eryfile",
  "pk": 6,
  "fields": {
    "created": "2020-04-23T16:27:34.256Z",
    "modified": "2020-04-23T16:27:34.262Z",
    "slug": "Root-egEABsKg",
    "comment": "Default web template for stages.",
    "state": "prealpha",
    "name": "Root",
    "published": true,
    "keywords": []
  }
},
{
  "model": "base.eryfile",
  "pk": 7,
  "fields": {
    "created": "2020-04-23T16:27:34.283Z",
    "modified": "2020-04-23T16:27:34.288Z",
    "slug": "Root-ezEAGdkx",
    "comment": "Default sms template for stages.",
    "state": "prealpha",
    "name": "Root",
    "published": true,
    "keywords": []
  }
},
{
  "model": "base.eryfile",
  "pk": 8,
  "fields": {
    "created": "2020-04-23T16:27:34.315Z",
    "modified": "2020-04-23T16:27:34.319Z",
    "slug": "DefaultTheme-GGGlqICG",
    "comment": null,
    "state": "prealpha",
    "name": "Default Theme",
    "published": true,
    "keywords": []
  }
},
{
  "model": "base.eryfile",
  "pk": 9,
  "fields": {
    "created": "2020-04-23T16:27:34.338Z",
    "modified": "2020-04-23T16:27:34.348Z",
    "slug": "Grow-DcxmVTfL",
    "comment": "Wrapper for Material Design Component",
    "state": "prealpha",
    "name": "Grow",
    "published": true,
    "keywords": []
  }
},
{
  "model": "base.eryfile",
  "pk": 10,
  "fields": {
    "created": "2020-04-23T16:27:34.362Z",
    "modified": "2020-04-23T16:27:34.371Z",
    "slug": "ListItemText-AdnWajKM",
    "comment": "Wrapper for Material Design Component",
    "state": "prealpha",
    "name": "ListItemText",
    "published": true,
    "keywords": []
  }
},
{
  "model": "base.eryfile",
  "pk": 11,
  "fields": {
    "created": "2020-04-23T16:27:34.384Z",
    "modified": "2020-04-23T16:27:34.393Z",
    "slug": "ListSubheader-oPcbZAGl",
    "comment": "Wrapper for Material Design Component",
    "state": "prealpha",
    "name": "ListSubheader",
    "published": true,
    "keywords": []
  }
},
{
  "model": "base.eryfile",
  "pk": 12,
  "fields": {
    "created": "2020-04-23T16:27:34.406Z",
    "modified": "2020-04-23T16:27:34.415Z",
    "slug": "ExpansionPanel-hOCfCpdb",
    "comment": "Wrapper for Material Design Component",
    "state": "prealpha",
    "name": "ExpansionPanel",
    "published": true,
    "keywords": []
  }
},
{
  "model": "base.eryfile",
  "pk": 13,
  "fields": {
    "created": "2020-04-23T16:27:34.428Z",
    "modified": "2020-04-23T16:27:34.437Z",
    "slug": "Tooltip-nonFsjnl",
    "comment": "Wrapper for Material Design Component",
    "state": "prealpha",
    "name": "Tooltip",
    "published": true,
    "keywords": []
  }
},
{
  "model": "base.eryfile",
  "pk": 16,
  "fields": {
    "created": "2020-04-23T16:27:34.503Z",
    "modified": "2020-04-23T16:27:34.512Z",
    "slug": "Chip-qLyMsUOI",
    "comment": "Wrapper for Material Design Component",
    "state": "prealpha",
    "name": "Chip",
    "published": true,
    "keywords": []
  }
},
{
  "model": "base.eryfile",
  "pk": 17,
  "fields": {
    "created": "2020-04-23T16:27:34.527Z",
    "modified": "2020-04-23T16:27:34.536Z",
    "slug": "Icon-LZXnJaRj",
    "comment": "Wrapper for Material Design Component",
    "state": "prealpha",
    "name": "Icon",
    "published": true,
    "keywords": []
  }
},
{
  "model": "base.eryfile",
  "pk": 18,
  "fields": {
    "created": "2020-04-23T16:27:34.549Z",
    "modified": "2020-04-23T16:27:34.558Z",
    "slug": "ClickAwayListener-LcSTpUDx",
    "comment": "Wrapper for Material Design Component",
    "state": "prealpha",
    "name": "ClickAwayListener",
    "published": true,
    "keywords": []
  }
},
{
  "model": "base.eryfile",
  "pk": 19,
  "fields": {
    "created": "2020-04-23T16:27:34.571Z",
    "modified": "2020-04-23T16:27:34.580Z",
    "slug": "DialogContent-qkjEChGn",
    "comment": "Wrapper for Material Design Component",
    "state": "prealpha",
    "name": "DialogContent",
    "published": true,
    "keywords": []
  }
},
{
  "model": "base.eryfile",
  "pk": 21,
  "fields": {
    "created": "2020-04-23T16:27:34.619Z",
    "modified": "2020-04-23T16:27:34.627Z",
    "slug": "CardContent-ElLzvPww",
    "comment": "Wrapper for Material Design Component",
    "state": "prealpha",
    "name": "CardContent",
    "published": true,
    "keywords": []
  }
},
{
  "model": "base.eryfile",
  "pk": 22,
  "fields": {
    "created": "2020-04-23T16:27:34.641Z",
    "modified": "2020-04-23T16:27:34.649Z",
    "slug": "Link-pdNuxcqb",
    "comment": "Wrapper for Material Design Component",
    "state": "prealpha",
    "name": "Link",
    "published": true,
    "keywords": []
  }
},
{
  "model": "base.eryfile",
  "pk": 23,
  "fields": {
    "created": "2020-04-23T16:27:34.663Z",
    "modified": "2020-04-23T16:27:34.671Z",
    "slug": "Fab-HIOjvACw",
    "comment": "Wrapper for Material Design Component",
    "state": "prealpha",
    "name": "Fab",
    "published": true,
    "keywords": []
  }
},
{
  "model": "base.eryfile",
  "pk": 24,
  "fields": {
    "created": "2020-04-23T16:27:34.684Z",
    "modified": "2020-04-23T16:27:34.692Z",
    "slug": "Step-mcLVFxju",
    "comment": "Wrapper for Material Design Component",
    "state": "prealpha",
    "name": "Step",
    "published": true,
    "keywords": []
  }
},
{
  "model": "base.eryfile",
  "pk": 25,
  "fields": {
    "created": "2020-04-23T16:27:34.705Z",
    "modified": "2020-04-23T16:27:34.714Z",
    "slug": "Table-PhfDJSvJ",
    "comment": "Wrapper for Material Design Component",
    "state": "prealpha",
    "name": "Table",
    "published": true,
    "keywords": []
  }
},
{
  "model": "base.eryfile",
  "pk": 26,
  "fields": {
    "created": "2020-04-23T16:27:34.728Z",
    "modified": "2020-04-23T16:27:34.738Z",
    "slug": "TextField-mKSlkfLR",
    "comment": "Wrapper for Material Design Component",
    "state": "prealpha",
    "name": "TextField",
    "published": true,
    "keywords": []
  }
},
{
  "model": "base.eryfile",
  "pk": 27,
  "fields": {
    "created": "2020-04-23T16:27:34.771Z",
    "modified": "2020-04-23T16:27:34.780Z",
    "slug": "RadioGroup-LbVMARYb",
    "comment": "Wrapper for Material Design Component",
    "state": "prealpha",
    "name": "RadioGroup",
    "published": true,
    "keywords": []
  }
},
{
  "model": "base.eryfile",
  "pk": 28,
  "fields": {
    "created": "2020-04-23T16:27:34.794Z",
    "modified": "2020-04-23T16:27:34.802Z",
    "slug": "QrReader-yqrIwFhz",
    "comment": null,
    "state": "prealpha",
    "name": "QrReader",
    "published": true,
    "keywords": []
  }
},
{
  "model": "base.eryfile",
  "pk": 29,
  "fields": {
    "created": "2020-04-23T16:27:34.815Z",
    "modified": "2020-04-23T16:27:34.823Z",
    "slug": "GridListTile-XCzjwKWB",
    "comment": "Wrapper for Material Design Component",
    "state": "prealpha",
    "name": "GridListTile",
    "published": true,
    "keywords": []
  }
},
{
  "model": "base.eryfile",
  "pk": 30,
  "fields": {
    "created": "2020-04-23T16:27:34.837Z",
    "modified": "2020-04-23T16:27:34.845Z",
    "slug": "Backdrop-sOOvSzQi",
    "comment": "Wrapper for Material Design Component",
    "state": "prealpha",
    "name": "Backdrop",
    "published": true,
    "keywords": []
  }
},
{
  "model": "base.eryfile",
  "pk": 31,
  "fields": {
    "created": "2020-04-23T16:27:34.859Z",
    "modified": "2020-04-23T16:27:34.867Z",
    "slug": "Badge-IlsCrLqZ",
    "comment": "Wrapper for Material Design Component",
    "state": "prealpha",
    "name": "Badge",
    "published": true,
    "keywords": []
  }
},
{
  "model": "base.eryfile",
  "pk": 32,
  "fields": {
    "created": "2020-04-23T16:27:34.882Z",
    "modified": "2020-04-23T16:27:34.891Z",
    "slug": "smsnumberwidget-ujIkXxBK",
    "comment": "Default widget for SMS Input which require int/float responses",
    "state": "prealpha",
    "name": "SMSNumberWidget",
    "published": false,
    "keywords": []
  }
},
{
  "model": "base.eryfile",
  "pk": 33,
  "fields": {
    "created": "2020-04-23T16:27:34.904Z",
    "modified": "2020-04-23T16:27:34.913Z",
    "slug": "StepIcon-nKErJcpe",
    "comment": "Wrapper for Material Design Component",
    "state": "prealpha",
    "name": "StepIcon",
    "published": true,
    "keywords": []
  }
},
{
  "model": "base.eryfile",
  "pk": 35,
  "fields": {
    "created": "2020-04-23T16:27:34.952Z",
    "modified": "2020-04-23T16:27:34.960Z",
    "slug": "Grid-boiBQcEE",
    "comment": "Wrapper for Material Design Component",
    "state": "prealpha",
    "name": "Grid",
    "published": true,
    "keywords": []
  }
},
{
  "model": "base.eryfile",
  "pk": 36,
  "fields": {
    "created": "2020-04-23T16:27:34.975Z",
    "modified": "2020-04-23T16:27:34.984Z",
    "slug": "Zoom-VmdsBHOS",
    "comment": "Wrapper for Material Design Component",
    "state": "prealpha",
    "name": "Zoom",
    "published": true,
    "keywords": []
  }
},
{
  "model": "base.eryfile",
  "pk": 37,
  "fields": {
    "created": "2020-04-23T16:27:34.997Z",
    "modified": "2020-04-23T16:27:35.006Z",
    "slug": "AppBar-YVrvDHnJ",
    "comment": "Wrapper for Material Design Component",
    "state": "prealpha",
    "name": "AppBar",
    "published": true,
    "keywords": []
  }
},
{
  "model": "base.eryfile",
  "pk": 38,
  "fields": {
    "created": "2020-04-23T16:27:35.022Z",
    "modified": "2020-04-23T16:27:35.030Z",
    "slug": "CardActions-mwbdinWu",
    "comment": "Wrapper for Material Design Component",
    "state": "prealpha",
    "name": "CardActions",
    "published": true,
    "keywords": []
  }
},
{
  "model": "base.eryfile",
  "pk": 40,
  "fields": {
    "created": "2020-04-23T16:27:35.071Z",
    "modified": "2020-04-23T16:27:35.080Z",
    "slug": "InputLabel-OCnQAsBk",
    "comment": "Wrapper for Material Design Component",
    "state": "prealpha",
    "name": "InputLabel",
    "published": true,
    "keywords": []
  }
},
{
  "model": "base.eryfile",
  "pk": 41,
  "fields": {
    "created": "2020-04-23T16:27:35.094Z",
    "modified": "2020-04-23T16:27:35.103Z",
    "slug": "TableBody-CuaPwPtW",
    "comment": "Wrapper for Material Design Component",
    "state": "prealpha",
    "name": "TableBody",
    "published": true,
    "keywords": []
  }
},
{
  "model": "base.eryfile",
  "pk": 45,
  "fields": {
    "created": "2020-04-23T16:27:35.194Z",
    "modified": "2020-04-23T16:27:35.203Z",
    "slug": "CardHeader-gqUEjNvA",
    "comment": "Wrapper for Material Design Component",
    "state": "prealpha",
    "name": "CardHeader",
    "published": true,
    "keywords": []
  }
},
{
  "model": "base.eryfile",
  "pk": 46,
  "fields": {
    "created": "2020-04-23T16:27:35.216Z",
    "modified": "2020-04-23T16:27:35.225Z",
    "slug": "TableFooter-eCKsTNmz",
    "comment": "Wrapper for Material Design Component",
    "state": "prealpha",
    "name": "TableFooter",
    "published": true,
    "keywords": []
  }
},
{
  "model": "base.eryfile",
  "pk": 47,
  "fields": {
    "created": "2020-04-23T16:27:35.239Z",
    "modified": "2020-04-23T16:27:35.248Z",
    "slug": "StepButton-jYYJMbsw",
    "comment": "Wrapper for Material Design Component",
    "state": "prealpha",
    "name": "StepButton",
    "published": true,
    "keywords": []
  }
},
{
  "model": "base.eryfile",
  "pk": 48,
  "fields": {
    "created": "2020-04-23T16:27:35.261Z",
    "modified": "2020-04-23T16:27:35.270Z",
    "slug": "SwipeableDrawer-PScUyGDx",
    "comment": "Wrapper for Material Design Component",
    "state": "prealpha",
    "name": "SwipeableDrawer",
    "published": true,
    "keywords": []
  }
},
{
  "model": "base.eryfile",
  "pk": 49,
  "fields": {
    "created": "2020-04-23T16:27:35.284Z",
    "modified": "2020-04-23T16:27:35.293Z",
    "slug": "Box-ewCfjnQt",
    "comment": "Wrapper for Material Design Component",
    "state": "prealpha",
    "name": "Box",
    "published": true,
    "keywords": []
  }
},
{
  "model": "base.eryfile",
  "pk": 51,
  "fields": {
    "created": "2020-04-23T16:27:35.334Z",
    "modified": "2020-04-23T16:27:35.343Z",
    "slug": "StepContent-VgEvFnqt",
    "comment": "Wrapper for Material Design Component",
    "state": "prealpha",
    "name": "StepContent",
    "published": true,
    "keywords": []
  }
},
{
  "model": "base.eryfile",
  "pk": 52,
  "fields": {
    "created": "2020-04-23T16:27:35.357Z",
    "modified": "2020-04-23T16:27:35.366Z",
    "slug": "Menu-LuVqQbNz",
    "comment": "Wrapper for Material Design Component",
    "state": "prealpha",
    "name": "Menu",
    "published": true,
    "keywords": []
  }
},
{
  "model": "base.eryfile",
  "pk": 54,
  "fields": {
    "created": "2020-04-23T16:27:35.405Z",
    "modified": "2020-04-23T16:27:35.414Z",
    "slug": "Paper-TThdEqct",
    "comment": "Wrapper for Material Design Component",
    "state": "prealpha",
    "name": "Paper",
    "published": true,
    "keywords": []
  }
},
{
  "model": "base.eryfile",
  "pk": 55,
  "fields": {
    "created": "2020-04-23T16:27:35.429Z",
    "modified": "2020-04-23T16:27:35.437Z",
    "slug": "DialogActions-TBvzferC",
    "comment": "Wrapper for Material Design Component",
    "state": "prealpha",
    "name": "DialogActions",
    "published": true,
    "keywords": []
  }
},
{
  "model": "base.eryfile",
  "pk": 56,
  "fields": {
    "created": "2020-04-23T16:27:35.451Z",
    "modified": "2020-04-23T16:27:35.459Z",
    "slug": "GridListTileBar-sIyjRzTB",
    "comment": "Wrapper for Material Design Component",
    "state": "prealpha",
    "name": "GridListTileBar",
    "published": true,
    "keywords": []
  }
},
{
  "model": "base.eryfile",
  "pk": 57,
  "fields": {
    "created": "2020-04-23T16:27:35.473Z",
    "modified": "2020-04-23T16:27:35.481Z",
    "slug": "MuiThemeProvider-OJqtnHjU",
    "comment": "Wrapper for Material Design Component",
    "state": "prealpha",
    "name": "MuiThemeProvider",
    "published": true,
    "keywords": []
  }
},
{
  "model": "base.eryfile",
  "pk": 58,
  "fields": {
    "created": "2020-04-23T16:27:35.495Z",
    "modified": "2020-04-23T16:27:35.504Z",
    "slug": "smsmultiplechoicecaptionvaluewidget-ujIkXxBK",
    "comment": "Displays value: caption pairs for SMS Inputs with multiple choice options",
    "state": "prealpha",
    "name": "SMSMultipleChoiceCaptionValueWidget",
    "published": false,
    "keywords": []
  }
},
{
  "model": "base.eryfile",
  "pk": 59,
  "fields": {
    "created": "2020-04-23T16:27:35.518Z",
    "modified": "2020-04-23T16:27:35.526Z",
    "slug": "TableHead-umcWgRvP",
    "comment": "Wrapper for Material Design Component",
    "state": "prealpha",
    "name": "TableHead",
    "published": true,
    "keywords": []
  }
},
{
  "model": "base.eryfile",
  "pk": 60,
  "fields": {
    "created": "2020-04-23T16:27:35.540Z",
    "modified": "2020-04-23T16:27:35.549Z",
    "slug": "Switch-QCCHPBVZ",
    "comment": "Wrapper for Material Design Component",
    "state": "prealpha",
    "name": "Switch",
    "published": true,
    "keywords": []
  }
},
{
  "model": "base.eryfile",
  "pk": 61,
  "fields": {
    "created": "2020-04-23T16:27:35.564Z",
    "modified": "2020-04-23T16:27:35.572Z",
    "slug": "ListItem-ONLpXGFe",
    "comment": "Wrapper for Material Design Component",
    "state": "prealpha",
    "name": "ListItem",
    "published": true,
    "keywords": []
  }
},
{
  "model": "base.eryfile",
  "pk": 62,
  "fields": {
    "created": "2020-04-23T16:27:35.586Z",
    "modified": "2020-04-23T16:27:35.595Z",
    "slug": "Typography-GoPCrlLg",
    "comment": "Wrapper for Material Design Component",
    "state": "prealpha",
    "name": "Typography",
    "published": true,
    "keywords": []
  }
},
{
  "model": "base.eryfile",
  "pk": 63,
  "fields": {
    "created": "2020-04-23T16:27:35.608Z",
    "modified": "2020-04-23T16:27:35.617Z",
    "slug": "FormControlLabel-yquWKGZO",
    "comment": "Wrapper for Material Design Component",
    "state": "prealpha",
    "name": "FormControlLabel",
    "published": true,
    "keywords": []
  }
},
{
  "model": "base.eryfile",
  "pk": 64,
  "fields": {
    "created": "2020-04-23T16:27:35.630Z",
    "modified": "2020-04-23T16:27:35.639Z",
    "slug": "Select-DPFMSlRt",
    "comment": "Wrapper for Material Design Component",
    "state": "prealpha",
    "name": "Select",
    "published": true,
    "keywords": []
  }
},
{
  "model": "base.eryfile",
  "pk": 65,
  "fields": {
    "created": "2020-04-23T16:27:35.652Z",
    "modified": "2020-04-23T16:27:35.661Z",
    "slug": "Blog-aSbRtAhu",
    "comment": "Wrapper for Material Design Component",
    "state": "prealpha",
    "name": "Blog",
    "published": true,
    "keywords": []
  }
},
{
  "model": "base.eryfile",
  "pk": 66,
  "fields": {
    "created": "2020-04-23T16:27:35.674Z",
    "modified": "2020-04-23T16:27:35.683Z",
    "slug": "QR-cpwpXWXg",
    "comment": null,
    "state": "prealpha",
    "name": "QR",
    "published": false,
    "keywords": []
  }
},
{
  "model": "base.eryfile",
  "pk": 67,
  "fields": {
    "created": "2020-04-23T16:27:35.722Z",
    "modified": "2020-04-23T16:27:35.731Z",
    "slug": "InputBase-sCinGjbZ",
    "comment": "Wrapper for Material Design Component",
    "state": "prealpha",
    "name": "InputBase",
    "published": true,
    "keywords": []
  }
},
{
  "model": "base.eryfile",
  "pk": 68,
  "fields": {
    "created": "2020-04-23T16:27:35.745Z",
    "modified": "2020-04-23T16:27:35.753Z",
    "slug": "ExpansionPanelSummary-tCCISDCU",
    "comment": "Wrapper for Material Design Component",
    "state": "prealpha",
    "name": "ExpansionPanelSummary",
    "published": true,
    "keywords": []
  }
},
{
  "model": "base.eryfile",
  "pk": 69,
  "fields": {
    "created": "2020-04-23T16:27:35.767Z",
    "modified": "2020-04-23T16:27:35.776Z",
    "slug": "TableSortLabel-EkcUaVip",
    "comment": "Wrapper for Material Design Component",
    "state": "prealpha",
    "name": "TableSortLabel",
    "published": true,
    "keywords": []
  }
},
{
  "model": "base.eryfile",
  "pk": 70,
  "fields": {
    "created": "2020-04-23T16:27:35.789Z",
    "modified": "2020-04-23T16:27:35.798Z",
    "slug": "MenuList-LqDlYeTA",
    "comment": "Wrapper for Material Design Component",
    "state": "prealpha",
    "name": "MenuList",
    "published": true,
    "keywords": []
  }
},
{
  "model": "base.eryfile",
  "pk": 71,
  "fields": {
    "created": "2020-04-23T16:27:35.811Z",
    "modified": "2020-04-23T16:27:35.820Z",
    "slug": "ListItemSecondaryAction-XhRCObsx",
    "comment": "Wrapper for Material Design Component",
    "state": "prealpha",
    "name": "ListItemSecondaryAction",
    "published": true,
    "keywords": []
  }
},
{
  "model": "base.eryfile",
  "pk": 73,
  "fields": {
    "created": "2020-04-23T16:27:35.867Z",
    "modified": "2020-04-23T16:27:35.876Z",
    "slug": "BottomNavigationAction-RhyvLsFh",
    "comment": "Wrapper for Material Design Component",
    "state": "prealpha",
    "name": "BottomNavigationAction",
    "published": true,
    "keywords": []
  }
},
{
  "model": "base.eryfile",
  "pk": 74,
  "fields": {
    "created": "2020-04-23T16:27:35.890Z",
    "modified": "2020-04-23T16:27:35.898Z",
    "slug": "CssBaseline-TarJZbne",
    "comment": "Wrapper for Material Design Component",
    "state": "prealpha",
    "name": "CssBaseline",
    "published": true,
    "keywords": []
  }
},
{
  "model": "base.eryfile",
  "pk": 75,
  "fields": {
    "created": "2020-04-23T16:27:35.912Z",
    "modified": "2020-04-23T16:27:35.921Z",
    "slug": "Modal-QXgyxNZL",
    "comment": "Wrapper for Material Design Component",
    "state": "prealpha",
    "name": "Modal",
    "published": true,
    "keywords": []
  }
},
{
  "model": "base.eryfile",
  "pk": 76,
  "fields": {
    "created": "2020-04-23T16:27:35.935Z",
    "modified": "2020-04-23T16:27:35.944Z",
    "slug": "SvgIcon-vBLDaeHn",
    "comment": "Wrapper for Material Design Component",
    "state": "prealpha",
    "name": "SvgIcon",
    "published": true,
    "keywords": []
  }
},
{
  "model": "base.eryfile",
  "pk": 77,
  "fields": {
    "created": "2020-04-23T16:27:35.959Z",
    "modified": "2020-04-23T16:27:35.967Z",
    "slug": "Collapse-fdWcualE",
    "comment": "Wrapper for Material Design Component",
    "state": "prealpha",
    "name": "Collapse",
    "published": true,
    "keywords": []
  }
},
{
  "model": "base.eryfile",
  "pk": 79,
  "fields": {
    "created": "2020-04-23T16:27:36.008Z",
    "modified": "2020-04-23T16:27:36.017Z",
    "slug": "TablePagination-yVLEOTUi",
    "comment": "Wrapper for Material Design Component",
    "state": "prealpha",
    "name": "TablePagination",
    "published": true,
    "keywords": []
  }
},
{
  "model": "base.eryfile",
  "pk": 80,
  "fields": {
    "created": "2020-04-23T16:27:36.032Z",
    "modified": "2020-04-23T16:27:36.041Z",
    "slug": "webemptywidget-uJIkXXbk",
    "comment": "Equivalent to null empty Widget.",
    "state": "prealpha",
    "name": "WebEmptyWidget",
    "published": false,
    "keywords": []
  }
},
{
  "model": "base.eryfile",
  "pk": 81,
  "fields": {
    "created": "2020-04-23T16:27:36.055Z",
    "modified": "2020-04-23T16:27:36.064Z",
    "slug": "StepLabel-CCzVGwGG",
    "comment": "Wrapper for Material Design Component",
    "state": "prealpha",
    "name": "StepLabel",
    "published": true,
    "keywords": []
  }
},
{
  "model": "base.eryfile",
  "pk": 82,
  "fields": {
    "created": "2020-04-23T16:27:36.078Z",
    "modified": "2020-04-23T16:27:36.087Z",
    "slug": "ButtonBase-VMCwQMSP",
    "comment": "Wrapper for Material Design Component",
    "state": "prealpha",
    "name": "ButtonBase",
    "published": true,
    "keywords": []
  }
},
{
  "model": "base.eryfile",
  "pk": 83,
  "fields": {
    "created": "2020-04-23T16:27:36.101Z",
    "modified": "2020-04-23T16:27:36.110Z",
    "slug": "smsmultiplechoicevaluewidget-ujIkXxBK",
    "comment": "Displays values for SMS Inputs with multiple choice options",
    "state": "prealpha",
    "name": "SMSMultipleChoiceValueWidget",
    "published": false,
    "keywords": []
  }
},
{
  "model": "base.eryfile",
  "pk": 84,
  "fields": {
    "created": "2020-04-23T16:27:36.124Z",
    "modified": "2020-04-23T16:27:36.133Z",
    "slug": "IconButton-IHsfeHzn",
    "comment": "Wrapper for Material Design Component",
    "state": "prealpha",
    "name": "IconButton",
    "published": true,
    "keywords": []
  }
},
{
  "model": "base.eryfile",
  "pk": 85,
  "fields": {
    "created": "2020-04-23T16:27:36.147Z",
    "modified": "2020-04-23T16:27:36.156Z",
    "slug": "InputAdornment-JgamHseZ",
    "comment": "Wrapper for Material Design Component",
    "state": "prealpha",
    "name": "InputAdornment",
    "published": true,
    "keywords": []
  }
},
{
  "model": "base.eryfile",
  "pk": 86,
  "fields": {
    "created": "2020-04-23T16:27:36.170Z",
    "modified": "2020-04-23T16:27:36.179Z",
    "slug": "Popover-wuyrZrMA",
    "comment": "Wrapper for Material Design Component",
    "state": "prealpha",
    "name": "Popover",
    "published": true,
    "keywords": []
  }
},
{
  "model": "base.eryfile",
  "pk": 88,
  "fields": {
    "created": "2020-04-23T16:27:36.218Z",
    "modified": "2020-04-23T16:27:36.227Z",
    "slug": "Dialog-AYKChlIC",
    "comment": "Wrapper for Material Design Component",
    "state": "prealpha",
    "name": "Dialog",
    "published": true,
    "keywords": []
  }
},
{
  "model": "base.eryfile",
  "pk": 89,
  "fields": {
    "created": "2020-04-23T16:27:36.243Z",
    "modified": "2020-04-23T16:27:36.252Z",
    "slug": "Hidden-fZhqRuRp",
    "comment": "Wrapper for Material Design Component",
    "state": "prealpha",
    "name": "Hidden",
    "published": true,
    "keywords": []
  }
},
{
  "model": "base.eryfile",
  "pk": 90,
  "fields": {
    "created": "2020-04-23T16:27:36.266Z",
    "modified": "2020-04-23T16:27:36.275Z",
    "slug": "FormControl-iMhNwgzj",
    "comment": "Wrapper for Material Design Component",
    "state": "prealpha",
    "name": "FormControl",
    "published": true,
    "keywords": []
  }
},
{
  "model": "base.eryfile",
  "pk": 91,
  "fields": {
    "created": "2020-04-23T16:27:36.288Z",
    "modified": "2020-04-23T16:27:36.297Z",
    "slug": "Container-RYylgXcT",
    "comment": "Wrapper for Material Design Component",
    "state": "prealpha",
    "name": "Container",
    "published": true,
    "keywords": []
  }
},
{
  "model": "base.eryfile",
  "pk": 92,
  "fields": {
    "created": "2020-04-23T16:27:36.312Z",
    "modified": "2020-04-23T16:27:36.322Z",
    "slug": "SMSSubmitButton-sGuVqQCu",
    "comment": "Allows forward stage progression.",
    "state": "prealpha",
    "name": "SMSSubmitButton",
    "published": false,
    "keywords": []
  }
},
{
  "model": "base.eryfile",
  "pk": 94,
  "fields": {
    "created": "2020-04-23T16:27:36.374Z",
    "modified": "2020-04-23T16:27:36.383Z",
    "slug": "List-bpbLOwGS",
    "comment": "Wrapper for Material Design Component",
    "state": "prealpha",
    "name": "List",
    "published": true,
    "keywords": []
  }
},
{
  "model": "base.eryfile",
  "pk": 95,
  "fields": {
    "created": "2020-04-23T16:27:36.397Z",
    "modified": "2020-04-23T16:27:36.406Z",
    "slug": "ExpansionPanelDetails-CtrxPPgG",
    "comment": "Wrapper for Material Design Component",
    "state": "prealpha",
    "name": "ExpansionPanelDetails",
    "published": true,
    "keywords": []
  }
},
{
  "model": "base.eryfile",
  "pk": 96,
  "fields": {
    "created": "2020-04-23T16:27:36.419Z",
    "modified": "2020-04-23T16:27:36.428Z",
    "slug": "BottomNavigation-lhrqZmtH",
    "comment": "Wrapper for Material Design Component",
    "state": "prealpha",
    "name": "BottomNavigation",
    "published": true,
    "keywords": []
  }
},
{
  "model": "base.eryfile",
  "pk": 97,
  "fields": {
    "created": "2020-04-23T16:27:36.442Z",
    "modified": "2020-04-23T16:27:36.451Z",
    "slug": "StepConnector-KBxtYxDx",
    "comment": "Wrapper for Material Design Component",
    "state": "prealpha",
    "name": "StepConnector",
    "published": true,
    "keywords": []
  }
},
{
  "model": "base.eryfile",
  "pk": 98,
  "fields": {
    "created": "2020-04-23T16:27:36.464Z",
    "modified": "2020-04-23T16:27:36.473Z",
    "slug": "TableRow-FhrhgDLc",
    "comment": "Wrapper for Material Design Component",
    "state": "prealpha",
    "name": "TableRow",
    "published": true,
    "keywords": []
  }
},
{
  "model": "base.eryfile",
  "pk": 99,
  "fields": {
    "created": "2020-04-23T16:27:36.487Z",
    "modified": "2020-04-23T16:27:36.495Z",
    "slug": "Card-ysbrGXGZ",
    "comment": "Wrapper for Material Design Component",
    "state": "prealpha",
    "name": "Card",
    "published": true,
    "keywords": []
  }
},
{
  "model": "base.eryfile",
  "pk": 100,
  "fields": {
    "created": "2020-04-23T16:27:36.512Z",
    "modified": "2020-04-23T16:27:36.521Z",
    "slug": "CardMedia-mEQlVYyr",
    "comment": "Wrapper for Material Design Component",
    "state": "prealpha",
    "name": "CardMedia",
    "published": true,
    "keywords": []
  }
},
{
  "model": "base.eryfile",
  "pk": 102,
  "fields": {
    "created": "2020-04-23T16:27:36.560Z",
    "modified": "2020-04-23T16:27:36.569Z",
    "slug": "MobileStepper-xDxfCSNg",
    "comment": "Wrapper for Material Design Component",
    "state": "prealpha",
    "name": "MobileStepper",
    "published": true,
    "keywords": []
  }
},
{
  "model": "base.eryfile",
  "pk": 103,
  "fields": {
    "created": "2020-04-23T16:27:36.582Z",
    "modified": "2020-04-23T16:27:36.591Z",
    "slug": "Radio-CqNIyweI",
    "comment": "Wrapper for Material Design Component",
    "state": "prealpha",
    "name": "Radio",
    "published": true,
    "keywords": []
  }
},
{
  "model": "base.eryfile",
  "pk": 104,
  "fields": {
    "created": "2020-04-23T16:27:36.604Z",
    "modified": "2020-04-23T16:27:36.613Z",
    "slug": "smsnullwidget-ujIkXxBK",
    "comment": "Default widget for SMS Input which don't require a typed response",
    "state": "prealpha",
    "name": "SMSNullWidget",
    "published": false,
    "keywords": []
  }
},
{
  "model": "base.eryfile",
  "pk": 105,
  "fields": {
    "created": "2020-04-23T16:27:36.628Z",
    "modified": "2020-04-23T16:27:36.637Z",
    "slug": "ListItemIcon-FtjXYGqn",
    "comment": "Wrapper for Material Design Component",
    "state": "prealpha",
    "name": "ListItemIcon",
    "published": true,
    "keywords": []
  }
},
{
  "model": "base.eryfile",
  "pk": 106,
  "fields": {
    "created": "2020-04-23T16:27:36.651Z",
    "modified": "2020-04-23T16:27:36.659Z",
    "slug": "Divider-tOHtiNmr",
    "comment": "Wrapper for Material Design Component",
    "state": "prealpha",
    "name": "Divider",
    "published": true,
    "keywords": []
  }
},
{
  "model": "base.eryfile",
  "pk": 107,
  "fields": {
    "created": "2020-04-23T16:27:36.673Z",
    "modified": "2020-04-23T16:27:36.682Z",
    "slug": "MenuItem-AeUdAzIc",
    "comment": "Wrapper for Material Design Component",
    "state": "prealpha",
    "name": "MenuItem",
    "published": true,
    "keywords": []
  }
},
{
  "model": "base.eryfile",
  "pk": 108,
  "fields": {
    "created": "2020-04-23T16:27:36.696Z",
    "modified": "2020-04-23T16:27:36.704Z",
    "slug": "CircularProgress-VWxzdAHX",
    "comment": "Wrapper for Material Design Component",
    "state": "prealpha",
    "name": "CircularProgress",
    "published": true,
    "keywords": []
  }
},
{
  "model": "base.eryfile",
  "pk": 109,
  "fields": {
    "created": "2020-04-23T16:27:36.718Z",
    "modified": "2020-04-23T16:27:36.728Z",
    "slug": "Button-yTjJiGYY",
    "comment": "Wrapper for Material Design Component",
    "state": "prealpha",
    "name": "Button",
    "published": true,
    "keywords": []
  }
},
{
  "model": "base.eryfile",
  "pk": 110,
  "fields": {
    "created": "2020-04-23T16:27:36.757Z",
    "modified": "2020-04-23T16:27:36.768Z",
    "slug": "ExpansionPanelActions-pygqoTHX",
    "comment": "Wrapper for Material Design Component",
    "state": "prealpha",
    "name": "ExpansionPanelActions",
    "published": true,
    "keywords": []
  }
},
{
  "model": "base.eryfile",
  "pk": 111,
  "fields": {
    "created": "2020-04-23T16:27:36.784Z",
    "modified": "2020-04-23T16:27:36.793Z",
    "slug": "smsemptywidget-ujjIkXxBk",
    "comment": "Equivalent to null empty Widget.",
    "state": "prealpha",
    "name": "SMSEmptyWidget",
    "published": false,
    "keywords": []
  }
},
{
  "model": "base.eryfile",
  "pk": 112,
  "fields": {
    "created": "2020-04-23T16:27:36.806Z",
    "modified": "2020-04-23T16:27:36.816Z",
    "slug": "FormGroup-LHISRLFf",
    "comment": "Wrapper for Material Design Component",
    "state": "prealpha",
    "name": "FormGroup",
    "published": true,
    "keywords": []
  }
},
{
  "model": "base.eryfile",
  "pk": 114,
  "fields": {
    "created": "2020-04-23T16:27:36.880Z",
    "modified": "2020-04-23T16:27:36.890Z",
    "slug": "TouchRipple-bcdRBGZo",
    "comment": "Wrapper for Material Design Component",
    "state": "prealpha",
    "name": "TouchRipple",
    "published": true,
    "keywords": []
  }
},
{
  "model": "base.eryfile",
  "pk": 115,
  "fields": {
    "created": "2020-04-23T16:27:36.903Z",
    "modified": "2020-04-23T16:27:36.912Z",
    "slug": "CardActionArea-AaSctUQG",
    "comment": "Wrapper for Material Design Component",
    "state": "prealpha",
    "name": "CardActionArea",
    "published": true,
    "keywords": []
  }
},
{
  "model": "base.eryfile",
  "pk": 116,
  "fields": {
    "created": "2020-04-23T16:27:36.927Z",
    "modified": "2020-04-23T16:27:36.936Z",
    "slug": "smstextwidget-ujIkXxBK",
    "comment": "Default widget for SMS Input which require str responses",
    "state": "prealpha",
    "name": "SMSTextWidget",
    "published": false,
    "keywords": []
  }
},
{
  "model": "base.eryfile",
  "pk": 117,
  "fields": {
    "created": "2020-04-23T16:27:36.949Z",
    "modified": "2020-04-23T16:27:36.958Z",
    "slug": "Portal-lsGhmhnw",
    "comment": "Wrapper for Material Design Component",
    "state": "prealpha",
    "name": "Portal",
    "published": true,
    "keywords": []
  }
},
{
  "model": "base.eryfile",
  "pk": 118,
  "fields": {
    "created": "2020-04-23T16:27:36.973Z",
    "modified": "2020-04-23T16:27:36.983Z",
    "slug": "DialogTitle-nqyjyQpp",
    "comment": "Wrapper for Material Design Component",
    "state": "prealpha",
    "name": "DialogTitle",
    "published": true,
    "keywords": []
  }
},
{
  "model": "base.eryfile",
  "pk": 119,
  "fields": {
    "created": "2020-04-23T16:27:36.997Z",
    "modified": "2020-04-23T16:27:37.006Z",
    "slug": "OutlinedInput-gvISJQaN",
    "comment": "Wrapper for Material Design Component",
    "state": "prealpha",
    "name": "OutlinedInput",
    "published": true,
    "keywords": []
  }
},
{
  "model": "base.eryfile",
  "pk": 120,
  "fields": {
    "created": "2020-04-23T16:27:37.021Z",
    "modified": "2020-04-23T16:27:37.030Z",
    "slug": "LinearProgress-XHxcjQcA",
    "comment": "Wrapper for Material Design Component",
    "state": "prealpha",
    "name": "LinearProgress",
    "published": true,
    "keywords": []
  }
},
{
  "model": "base.eryfile",
  "pk": 121,
  "fields": {
    "created": "2020-04-23T16:27:37.044Z",
    "modified": "2020-04-23T16:27:37.053Z",
    "slug": "Stepper-BMvPrZgH",
    "comment": "Wrapper for Material Design Component",
    "state": "prealpha",
    "name": "Stepper",
    "published": true,
    "keywords": []
  }
},
{
  "model": "base.eryfile",
  "pk": 122,
  "fields": {
    "created": "2020-04-23T16:27:37.069Z",
    "modified": "2020-04-23T16:27:37.078Z",
    "slug": "FilledInput-aipSvocn",
    "comment": "Wrapper for Material Design Component",
    "state": "prealpha",
    "name": "FilledInput",
    "published": true,
    "keywords": []
  }
},
{
  "model": "base.eryfile",
  "pk": 125,
  "fields": {
    "created": "2020-04-23T16:27:37.151Z",
    "modified": "2020-04-23T16:27:37.160Z",
    "slug": "Toolbar-eXZsLwYm",
    "comment": "Wrapper for Material Design Component",
    "state": "prealpha",
    "name": "Toolbar",
    "published": true,
    "keywords": []
  }
},
{
  "model": "base.eryfile",
  "pk": 126,
  "fields": {
    "created": "2020-04-23T16:27:37.174Z",
    "modified": "2020-04-23T16:27:37.183Z",
    "slug": "RootRef-GsoYhSiH",
    "comment": "Wrapper for Material Design Component",
    "state": "prealpha",
    "name": "RootRef",
    "published": true,
    "keywords": []
  }
},
{
  "model": "base.eryfile",
  "pk": 127,
  "fields": {
    "created": "2020-04-23T16:27:37.197Z",
    "modified": "2020-04-23T16:27:37.206Z",
    "slug": "DialogContentText-eeYZTNmr",
    "comment": "Wrapper for Material Design Component",
    "state": "prealpha",
    "name": "DialogContentText",
    "published": true,
    "keywords": []
  }
},
{
  "model": "base.eryfile",
  "pk": 128,
  "fields": {
    "created": "2020-04-23T16:27:37.220Z",
    "modified": "2020-04-23T16:27:37.229Z",
    "slug": "GridList-lqjMddGe",
    "comment": "Wrapper for Material Design Component",
    "state": "prealpha",
    "name": "GridList",
    "published": true,
    "keywords": []
  }
},
{
  "model": "base.eryfile",
  "pk": 129,
  "fields": {
    "created": "2020-04-23T16:27:37.243Z",
    "modified": "2020-04-23T16:27:37.252Z",
    "slug": "Slider-FzsoiCsy",
    "comment": "Wrapper for Material Design Component",
    "state": "prealpha",
    "name": "Slider",
    "published": false,
    "keywords": []
  }
},
{
  "model": "base.eryfile",
  "pk": 130,
  "fields": {
    "created": "2020-04-23T16:27:37.266Z",
    "modified": "2020-04-23T16:27:37.275Z",
    "slug": "Avatar-oOfuCCHw",
    "comment": "Wrapper for Material Design Component",
    "state": "prealpha",
    "name": "Avatar",
    "published": true,
    "keywords": []
  }
},
{
  "model": "base.eryfile",
  "pk": 131,
  "fields": {
    "created": "2020-04-23T16:27:37.288Z",
    "modified": "2020-04-23T16:27:37.298Z",
    "slug": "Tab-trEJVImg",
    "comment": "Wrapper for Material Design Component",
    "state": "prealpha",
    "name": "Tab",
    "published": true,
    "keywords": []
  }
},
{
  "model": "base.eryfile",
  "pk": 133,
  "fields": {
    "created": "2020-04-23T16:27:37.349Z",
    "modified": "2020-04-23T16:27:37.359Z",
    "slug": "Snackbar-vFWtUgpW",
    "comment": "Wrapper for Material Design Component",
    "state": "prealpha",
    "name": "Snackbar",
    "published": true,
    "keywords": []
  }
},
{
  "model": "base.eryfile",
  "pk": 134,
  "fields": {
    "created": "2020-04-23T16:27:37.373Z",
    "modified": "2020-04-23T16:27:37.382Z",
    "slug": "SnackbarContent-KUZOZcyC",
    "comment": "Wrapper for Material Design Component",
    "state": "prealpha",
    "name": "SnackbarContent",
    "published": true,
    "keywords": []
  }
},
{
  "model": "base.eryfile",
  "pk": 135,
  "fields": {
    "created": "2020-04-23T16:27:37.396Z",
    "modified": "2020-04-23T16:27:37.405Z",
    "slug": "Tabs-RXTirKHd",
    "comment": "Wrapper for Material Design Component",
    "state": "prealpha",
    "name": "Tabs",
    "published": true,
    "keywords": []
  }
},
{
  "model": "base.eryfile",
  "pk": 136,
  "fields": {
    "created": "2020-04-23T16:27:37.418Z",
    "modified": "2020-04-23T16:27:37.427Z",
    "slug": "ListItemAvatar-EfscAxrY",
    "comment": "Wrapper for Material Design Component",
    "state": "prealpha",
    "name": "ListItemAvatar",
    "published": true,
    "keywords": []
  }
},
{
  "model": "base.eryfile",
  "pk": 137,
  "fields": {
    "created": "2020-04-23T16:27:37.441Z",
    "modified": "2020-04-23T16:27:37.450Z",
    "slug": "FormSubmitButton-cvbxEHZZ",
    "comment": "Submit button for forms",
    "state": "prealpha",
    "name": "FormSubmitButton",
    "published": false,
    "keywords": []
  }
},
{
  "model": "base.eryfile",
  "pk": 139,
  "fields": {
    "created": "2020-04-23T16:27:37.513Z",
    "modified": "2020-04-23T16:27:37.522Z",
    "slug": "RadioButtons-NWguxVJa",
    "comment": "Must be wrapped in a ModuleDefinitionWidget with WidgetChoices",
    "state": "prealpha",
    "name": "RadioButtons",
    "published": false,
    "keywords": []
  }
},
{
  "model": "base.eryfile",
  "pk": 140,
  "fields": {
    "created": "2020-04-23T16:27:37.609Z",
    "modified": "2020-04-23T16:27:37.619Z",
    "slug": "Input-brYhZQKc",
    "comment": "Wrapper for Material Design Component",
    "state": "prealpha",
    "name": "Input",
    "published": true,
    "keywords": []
  }
},
{
  "model": "base.eryfile",
  "pk": 141,
  "fields": {
    "created": "2020-04-23T16:27:37.658Z",
    "modified": "2020-04-23T16:27:37.667Z",
    "slug": "Checkbox-imgZoIve",
    "comment": "Wrapper for Material Design Component",
    "state": "prealpha",
    "name": "Checkbox",
    "published": true,
    "keywords": []
  }
},
{
  "model": "base.eryfile",
  "pk": 142,
  "fields": {
    "created": "2020-04-23T16:27:37.680Z",
    "modified": "2020-04-23T16:27:37.690Z",
    "slug": "TableCell-KWCxxBXv",
    "comment": "Wrapper for Material Design Component",
    "state": "prealpha",
    "name": "TableCell",
    "published": true,
    "keywords": []
  }
},
{
  "model": "base.eryfile",
  "pk": 143,
  "fields": {
    "created": "2020-04-23T16:27:37.703Z",
    "modified": "2020-04-23T16:27:37.713Z",
    "slug": "Drawer-ZpSbEPpz",
    "comment": "Wrapper for Material Design Component",
    "state": "prealpha",
    "name": "Drawer",
    "published": true,
    "keywords": []
  }
},
{
  "model": "base.eryfile",
  "pk": 144,
  "fields": {
    "created": "2020-04-23T16:27:37.727Z",
    "modified": "2020-04-23T16:27:37.736Z",
    "slug": "NoSsr-ToVKxfYl",
    "comment": "Wrapper for Material Design Component",
    "state": "prealpha",
    "name": "NoSsr",
    "published": true,
    "keywords": []
  }
},
{
  "model": "base.eryfile",
  "pk": 145,
  "fields": {
    "created": "2020-04-23T16:27:37.749Z",
    "modified": "2020-04-23T16:27:37.758Z",
    "slug": "Slide-dLbFMofB",
    "comment": "Wrapper for Material Design Component",
    "state": "prealpha",
    "name": "Slide",
    "published": true,
    "keywords": []
  }
},
{
  "model": "base.eryfile",
  "pk": 146,
  "fields": {
    "created": "2020-04-23T16:27:37.774Z",
    "modified": "2020-04-23T16:27:37.782Z",
    "slug": "FormLabel-yIXEebyu",
    "comment": "Wrapper for Material Design Component",
    "state": "prealpha",
    "name": "FormLabel",
    "published": true,
    "keywords": []
  }
},
{
  "model": "base.eryfile",
  "pk": 147,
  "fields": {
    "created": "2020-04-23T16:27:37.796Z",
    "modified": "2020-04-23T16:27:37.804Z",
    "slug": "NativeSelect-liQxgFHq",
    "comment": "Wrapper for Material Design Component",
    "state": "prealpha",
    "name": "NativeSelect",
    "published": true,
    "keywords": []
  }
},
{
  "model": "base.eryfile",
  "pk": 148,
  "fields": {
    "created": "2020-04-23T16:27:37.818Z",
    "modified": "2020-04-23T16:27:37.827Z",
    "slug": "Fade-zULlBhtc",
    "comment": "Wrapper for Material Design Component",
    "state": "prealpha",
    "name": "Fade",
    "published": true,
    "keywords": []
  }
},
{
  "model": "base.eryfile",
  "pk": 149,
  "fields": {
    "created": "2020-04-23T16:27:37.840Z",
    "modified": "2020-04-23T16:27:37.849Z",
    "slug": "FormHelperText-KzhuSMjL",
    "comment": "Wrapper for Material Design Component",
    "state": "prealpha",
    "name": "FormHelperText",
    "published": true,
    "keywords": []
  }
},
{
  "model": "base.eryfile",
  "pk": 150,
  "fields": {
    "created": "2020-04-23T16:27:37.863Z",
    "modified": "2020-04-23T16:27:37.872Z",
    "slug": "Popper-EqOYqSAv",
    "comment": "Wrapper for Material Design Component",
    "state": "prealpha",
    "name": "Popper",
    "published": true,
    "keywords": []
  }
},
{
  "model": "base.eryfile",
  "pk": 151,
  "fields": {
    "created": "2020-04-23T16:27:37.881Z",
    "modified": "2020-04-23T16:27:37.887Z",
    "slug": "HeaderContentFooter-IwVBXtpq",
    "comment": null,
    "state": "prealpha",
    "name": "WebHeaderContentFooter",
    "published": false,
    "keywords": []
  }
},
{
  "model": "base.eryfile",
  "pk": 153,
  "fields": {
    "created": "2020-04-23T16:27:38.041Z",
    "modified": "2020-04-23T16:27:38.050Z",
    "slug": "WebTextFieldWidget-droWZrHX",
    "comment": null,
    "state": "prealpha",
    "name": "WebTextFieldWidget",
    "published": false,
    "keywords": []
  }
},
{
  "model": "base.eryfile",
  "pk": 155,
  "fields": {
    "created": "2020-04-23T16:27:38.126Z",
    "modified": "2020-04-23T16:27:38.135Z",
    "slug": "EryQR-CRmPILwn",
    "comment": null,
    "state": "prealpha",
    "name": "EryQR",
    "published": false,
    "keywords": []
  }
},
{
  "model": "base.eryfile",
  "pk": 157,
  "fields": {
    "created": "2020-04-23T16:27:38.223Z",
    "modified": "2020-04-23T16:27:38.233Z",
    "slug": "DialogCloser-qjkPVrwP",
    "comment": null,
    "state": "prealpha",
    "name": "DialogCloser",
    "published": false,
    "keywords": []
  }
},
{
  "model": "base.eryfile",
  "pk": 159,
  "fields": {
    "created": "2020-04-23T16:27:38.303Z",
    "modified": "2020-04-23T16:27:38.315Z",
    "slug": "ErySlider-DWMSEOgi",
    "comment": null,
    "state": "prealpha",
    "name": "ErySlider",
    "published": false,
    "keywords": []
  }
},
{
  "model": "base.eryfile",
  "pk": 160,
  "fields": {
    "created": "2020-04-23T16:27:38.349Z",
    "modified": "2020-04-23T16:27:38.358Z",
    "slug": "LoadingButton-onVUBnJz",
    "comment": "Disables and shows \"Loading\" as child onClick",
    "state": "prealpha",
    "name": "LoadingButton",
    "published": false,
    "keywords": []
  }
},
{
  "model": "base.eryfile",
  "pk": 161,
  "fields": {
    "created": "2020-04-23T16:27:38.413Z",
    "modified": "2020-04-23T16:27:38.422Z",
    "slug": "FormHorizontalRadioButtons-EtwUVqwU",
    "comment": null,
    "state": "prealpha",
    "name": "FormHorizontalRadioButtons",
    "published": false,
    "keywords": []
  }
},
{
  "model": "base.eryfile",
  "pk": 162,
  "fields": {
    "created": "2020-04-23T16:27:38.490Z",
    "modified": "2020-04-23T16:27:38.499Z",
    "slug": "WebIntWidget-HOGphFYC",
    "comment": null,
    "state": "prealpha",
    "name": "WebIntWidget",
    "published": false,
    "keywords": []
  }
},
{
  "model": "base.eryfile",
  "pk": 163,
  "fields": {
    "created": "2020-04-23T16:27:38.580Z",
    "modified": "2020-04-23T16:27:38.590Z",
    "slug": "CustomMenuItem-WdYnIWkm",
    "comment": null,
    "state": "prealpha",
    "name": "CustomMenuItem",
    "published": false,
    "keywords": []
  }
},
{
  "model": "base.eryfile",
  "pk": 164,
  "fields": {
    "created": "2020-04-23T16:27:38.611Z",
    "modified": "2020-04-23T16:27:38.620Z",
    "slug": "FormImageRadioButtons-SFmwQLDb",
    "comment": null,
    "state": "prealpha",
    "name": "FormImageRadioButtons",
    "published": false,
    "keywords": []
  }
},
{
  "model": "base.eryfile",
  "pk": 165,
  "fields": {
    "created": "2020-04-23T16:27:38.690Z",
    "modified": "2020-04-23T16:27:38.699Z",
    "slug": "EryInput-vOcGUNdR",
    "comment": null,
    "state": "prealpha",
    "name": "EryInput",
    "published": false,
    "keywords": []
  }
},
{
  "model": "base.eryfile",
  "pk": 166,
  "fields": {
    "created": "2020-04-23T16:27:38.746Z",
    "modified": "2020-04-23T16:27:38.755Z",
    "slug": "webmultiplechoicewidget-ujIkXxBK",
    "comment": "Displays values for Web Inputs with multiple choice options",
    "state": "prealpha",
    "name": "DefaultWebMultipleChoiceWidget",
    "published": false,
    "keywords": []
  }
},
{
  "model": "base.eryfile",
  "pk": 167,
  "fields": {
    "created": "2020-04-23T16:27:38.784Z",
    "modified": "2020-04-23T16:27:38.794Z",
    "slug": "BaseGeolocation-ZcJdHKQi",
    "comment": null,
    "state": "prealpha",
    "name": "BaseGeolocation",
    "published": false,
    "keywords": []
  }
},
{
  "model": "base.eryfile",
  "pk": 168,
  "fields": {
    "created": "2020-04-23T16:27:38.857Z",
    "modified": "2020-04-23T16:27:38.867Z",
    "slug": "LimitIntWidget-WIzjHqDr",
    "comment": null,
    "state": "prealpha",
    "name": "LimitIntWidget",
    "published": false,
    "keywords": []
  }
},
{
  "model": "base.eryfile",
  "pk": 170,
  "fields": {
    "created": "2020-04-23T16:27:38.960Z",
    "modified": "2020-04-23T16:27:38.970Z",
    "slug": "EryGeolocation-hjaoFMSK",
    "comment": null,
    "state": "prealpha",
    "name": "EryGeolocation",
    "published": false,
    "keywords": []
  }
},
{
  "model": "base.eryfile",
  "pk": 171,
  "fields": {
    "created": "2020-04-23T16:27:39.016Z",
    "modified": "2020-04-23T16:27:39.025Z",
    "slug": "EryDialog-FYasWVKM",
    "comment": null,
    "state": "prealpha",
    "name": "EryDialog",
    "published": false,
    "keywords": []
  }
},
{
  "model": "base.eryfile",
  "pk": 172,
  "fields": {
    "created": "2020-04-23T16:27:39.076Z",
    "modified": "2020-04-23T16:27:39.085Z",
    "slug": "Dropdown-cfuhycxr",
    "comment": "Must be wrapped in a ModuleDefinitionWidget with WidgetChoices",
    "state": "prealpha",
    "name": "Dropdown",
    "published": false,
    "keywords": []
  }
},
{
  "model": "base.eryfile",
  "pk": 173,
  "fields": {
    "created": "2020-04-23T16:27:39.195Z",
    "modified": "2020-04-23T16:27:39.205Z",
    "slug": "SubmitButton-sGuVqQCu",
    "comment": "Allows forward stage progression.",
    "state": "prealpha",
    "name": "SubmitButton",
    "published": false,
    "keywords": []
  }
},
{
  "model": "base.eryfile",
  "pk": 174,
  "fields": {
    "created": "2020-04-23T16:27:39.237Z",
    "modified": "2020-04-23T16:27:39.246Z",
    "slug": "AlphanumericField-bcsrHChi",
    "comment": "Allows input of alphanumerical characters, and nothing else.",
    "state": "prealpha",
    "name": "AlphanumericField",
    "published": false,
    "keywords": []
  }
},
{
  "model": "base.eryfile",
  "pk": 175,
  "fields": {
    "created": "2020-04-23T16:27:39.286Z",
    "modified": "2020-04-23T16:27:39.295Z",
    "slug": "BackButton-adWnIsOD",
    "comment": "Allows backward stage progression.",
    "state": "prealpha",
    "name": "BackButton",
    "published": false,
    "keywords": []
  }
},
{
  "model": "base.eryfile",
  "pk": 176,
  "fields": {
    "created": "2020-04-23T16:27:39.337Z",
    "modified": "2020-04-23T16:27:39.347Z",
    "slug": "FormDropdown-augPCNxQ",
    "comment": null,
    "state": "prealpha",
    "name": "FormDropdown",
    "published": false,
    "keywords": []
  }
},
{
  "model": "base.eryfile",
  "pk": 177,
  "fields": {
    "created": "2020-04-23T16:28:03.666Z",
    "modified": "2020-04-23T16:28:03.674Z",
    "slug": "Stint0-owqRSUdM",
    "comment": "kjIARKciXHtRsEvtBmKAYWCMDOicTZCMfjSFOFtJtZIYKWHagNbYCWicDZuxwUrvMxgsPcfLqYLQlwxirVqzFEnjGFHUsrxqarOA",
    "state": "prealpha",
    "name": "Stint0",
    "published": false,
    "keywords": []
  }
},
{
  "model": "folders.folder",
  "pk": 1,
  "fields": {
    "created": "2020-04-23T16:27:42.832Z",
    "modified": "2020-04-23T16:27:42.832Z",
    "name": "MyFolder_admin",
    "comment": null
  }
},
{
  "model": "frontends.frontend",
  "pk": 1,
  "fields": {
    "created": "2020-04-23T16:27:34.088Z",
    "modified": "2020-04-23T16:27:34.088Z",
    "slug": "Web-foKmSGxB",
    "name": "Web",
    "comment": "For stints conducted over web browser"
  }
},
{
  "model": "frontends.frontend",
  "pk": 2,
  "fields": {
    "created": "2020-04-23T16:27:34.092Z",
    "modified": "2020-04-23T16:27:34.092Z",
    "slug": "Email-QUondgtA",
    "name": "Email",
    "comment": "For stints conducted over email"
  }
},
{
  "model": "frontends.frontend",
  "pk": 3,
  "fields": {
    "created": "2020-04-23T16:27:34.095Z",
    "modified": "2020-04-23T16:27:34.095Z",
    "slug": "SMS-NOhjZDUD",
    "name": "SMS",
    "comment": "For stints conducted over mobile sms"
  }
},
{
  "model": "roles.privilege",
  "pk": 1,
  "fields": {
    "created": "2017-12-20T21:54:34.248Z",
    "modified": "2018-01-10T16:41:22.950Z",
    "name": "create",
    "comment": null
  }
},
{
  "model": "roles.privilege",
  "pk": 2,
  "fields": {
    "created": "2017-12-20T21:54:39.744Z",
    "modified": "2018-01-10T16:41:22.952Z",
    "name": "read",
    "comment": null
  }
},
{
  "model": "roles.privilege",
  "pk": 3,
  "fields": {
    "created": "2017-12-20T21:54:44.607Z",
    "modified": "2018-01-10T16:41:22.954Z",
    "name": "update",
    "comment": null
  }
},
{
  "model": "roles.privilege",
  "pk": 4,
  "fields": {
    "created": "2017-12-20T21:54:48.720Z",
    "modified": "2018-01-10T16:41:22.956Z",
    "name": "delete",
    "comment": null
  }
},
{
  "model": "roles.privilege",
  "pk": 5,
  "fields": {
    "created": "2017-12-20T21:54:53.926Z",
    "modified": "2018-01-10T16:41:22.958Z",
    "name": "grant",
    "comment": null
  }
},
{
  "model": "roles.privilege",
  "pk": 6,
  "fields": {
    "created": "2017-12-20T21:54:58.150Z",
    "modified": "2018-01-10T16:41:22.960Z",
    "name": "revoke",
    "comment": null
  }
},
{
  "model": "roles.privilege",
  "pk": 7,
  "fields": {
    "created": "2017-12-20T21:55:09.615Z",
    "modified": "2018-01-10T16:41:22.962Z",
    "name": "export",
    "comment": null
  }
},
{
  "model": "roles.privilege",
  "pk": 8,
  "fields": {
    "created": "2017-12-20T21:55:09.615Z",
    "modified": "2018-01-10T16:41:22.962Z",
    "name": "start",
    "comment": null
  }
},
{
  "model": "roles.privilege",
  "pk": 9,
  "fields": {
    "created": "2017-12-20T21:55:09.615Z",
    "modified": "2018-01-10T16:41:22.962Z",
    "name": "stop",
    "comment": null
  }
},
{
  "model": "roles.privilege",
  "pk": 10,
  "fields": {
    "created": "2017-12-20T21:55:09.615Z",
    "modified": "2018-01-10T16:41:22.962Z",
    "name": "change",
    "comment": null
  }
},
{
  "model": "roles.privilege",
  "pk": 11,
  "fields": {
    "created": "2020-04-23T16:27:31.738Z",
    "modified": "2020-04-23T16:27:31.738Z",
    "name": "view_versions",
    "comment": "Allows user to view all versions of said object, irrespective of user owning each version."
  }
},
{
  "model": "roles.privilege",
  "pk": 12,
  "fields": {
    "created": "2018-07-26T16:06:10.615Z",
    "modified": "2018-07-26T16:06:10.615Z",
    "name": "read_data",
    "comment": "Allows user to review variables saved it the google datastore backend"
  }
},
{
  "model": "roles.privilege",
  "pk": 13,
  "fields": {
    "created": "2017-12-20T21:55:09.615Z",
    "modified": "2018-01-10T16:41:22.962Z",
    "name": "realize",
    "comment": null
  }
},
{
  "model": "roles.privilege",
  "pk": 14,
  "fields": {
    "created": "2019-03-12T17:23:07Z",
    "modified": "2019-03-12T17:23:07Z",
    "name": "comment",
    "comment": null
  }
},
{
  "model": "roles.privilege",
  "pk": 15,
  "fields": {
    "created": "2019-03-12T17:23:07Z",
    "modified": "2019-03-12T17:23:07Z",
    "name": "star",
    "comment": null
  }
},
{
  "model": "roles.roleparent",
  "pk": 1,
  "fields": {
    "created": "2020-04-23T16:27:31.749Z",
    "modified": "2020-04-23T16:27:31.749Z",
    "role": 2,
    "parent": 1
  }
},
{
  "model": "roles.roleparent",
  "pk": 2,
  "fields": {
    "created": "2020-04-23T16:27:31.750Z",
    "modified": "2020-04-23T16:27:31.749Z",
    "role": 4,
    "parent": 2
  }
},
{
  "model": "roles.roleparent",
  "pk": 3,
  "fields": {
    "created": "2020-04-23T16:27:31.750Z",
    "modified": "2020-04-23T16:27:31.749Z",
    "role": 3,
    "parent": 1
  }
},
{
  "model": "roles.roleparent",
  "pk": 4,
  "fields": {
    "created": "2020-04-23T16:27:31.751Z",
    "modified": "2020-04-23T16:27:31.749Z",
    "role": 4,
    "parent": 3
  }
},
{
  "model": "roles.role",
  "pk": 1,
  "fields": {
    "created": "2017-12-20T21:56:37.334Z",
    "modified": "2018-01-10T16:41:15.375Z",
    "name": "viewer",
    "comment": "Has read privilege",
    "privileges": [
      2,
      14,
      15
    ]
  }
},
{
  "model": "roles.role",
  "pk": 2,
  "fields": {
    "created": "2017-12-20T21:57:23.870Z",
    "modified": "2018-01-10T16:41:15.383Z",
    "name": "editor",
    "comment": "Has create, read, update, and delete privileges",
    "privileges": [
      1,
      3,
      4
    ]
  }
},
{
  "model": "roles.role",
  "pk": 3,
  "fields": {
    "created": "2017-12-20T21:58:04.091Z",
    "modified": "2018-01-10T16:41:15.391Z",
    "name": "administrator",
    "comment": "Has grant, revoke, export, start, stop, realize, and change privileges",
    "privileges": [
      5,
      6,
      7,
      8,
      9,
      10,
      11,
      12,
      13
    ]
  }
},
{
  "model": "roles.role",
  "pk": 4,
  "fields": {
    "created": "2017-12-20T21:55:45.222Z",
    "modified": "2018-01-10T16:41:15.366Z",
    "name": "owner",
    "comment": "Has all privileges belonging to editor and administrator roles. This includes create, read, update, delete, grant, revoke, and export",
    "privileges": []
  }
},
{
  "model": "stints.stintdefinition",
  "pk": 177,
  "fields": {
    "cover_image": null,
    "keywords": []
  }
},
{
  "model": "templates.templatewidget",
  "pk": 1,
  "fields": {
    "created": "2020-04-23T16:27:37.893Z",
    "modified": "2020-04-23T16:27:37.893Z",
    "name": "Container",
    "comment": null,
    "template": 151,
    "widget": 91
  }
},
{
  "model": "templates.templatewidget",
  "pk": 2,
  "fields": {
    "created": "2020-04-23T16:27:37.900Z",
    "modified": "2020-04-23T16:27:37.900Z",
    "name": "Box",
    "comment": null,
    "template": 151,
    "widget": 49
  }
},
{
  "model": "templates.templatewidget",
  "pk": 3,
  "fields": {
    "created": "2020-04-23T16:27:37.909Z",
    "modified": "2020-04-23T16:27:37.909Z",
    "name": "Typography",
    "comment": null,
    "template": 151,
    "widget": 62
  }
},
{
  "model": "templates.templatewidget",
  "pk": 4,
  "fields": {
    "created": "2020-04-23T16:27:37.917Z",
    "modified": "2020-04-23T16:27:37.917Z",
    "name": "Paper",
    "comment": null,
    "template": 151,
    "widget": 54
  }
},
{
  "model": "templates.templatewidget",
  "pk": 5,
  "fields": {
    "created": "2020-04-23T16:27:37.924Z",
    "modified": "2020-04-23T16:27:37.924Z",
    "name": "Grid",
    "comment": null,
    "template": 151,
    "widget": 35
  }
},
{
  "model": "templates.templatewidget",
  "pk": 6,
  "fields": {
    "created": "2020-04-23T16:27:37.931Z",
    "modified": "2020-04-23T16:27:37.931Z",
    "name": "Button",
    "comment": null,
    "template": 151,
    "widget": 109
  }
},
{
  "model": "templates.templatewidget",
  "pk": 7,
  "fields": {
    "created": "2020-04-23T16:27:37.939Z",
    "modified": "2020-04-23T16:27:37.939Z",
    "name": "CssBaseline",
    "comment": null,
    "template": 151,
    "widget": 74
  }
},
{
  "model": "templates.templatewidget",
  "pk": 8,
  "fields": {
    "created": "2020-04-23T16:27:37.946Z",
    "modified": "2020-04-23T16:27:37.946Z",
    "name": "Toolbar",
    "comment": null,
    "template": 151,
    "widget": 125
  }
},
{
  "model": "templates.templatewidget",
  "pk": 9,
  "fields": {
    "created": "2020-04-23T16:27:37.953Z",
    "modified": "2020-04-23T16:27:37.953Z",
    "name": "AppBar",
    "comment": null,
    "template": 151,
    "widget": 37
  }
},
{
  "model": "templates.templateblocktranslation",
  "pk": 1,
  "fields": {
    "created": "2020-04-23T16:27:34.147Z",
    "modified": "2020-04-23T16:27:34.147Z",
    "template_block": 1,
    "language": "en",
    "content": "<Content/>",
    "frontend": 3
  }
},
{
  "model": "templates.templateblocktranslation",
  "pk": 2,
  "fields": {
    "created": "2020-04-23T16:27:34.174Z",
    "modified": "2020-04-23T16:27:34.174Z",
    "template_block": 2,
    "language": "en",
    "content": "<Content/>",
    "frontend": 3
  }
},
{
  "model": "templates.templateblocktranslation",
  "pk": 3,
  "fields": {
    "created": "2020-04-23T16:27:34.202Z",
    "modified": "2020-04-23T16:27:34.202Z",
    "template_block": 3,
    "language": "en",
    "content": "<Content/>",
    "frontend": 2
  }
},
{
  "model": "templates.templateblocktranslation",
  "pk": 4,
  "fields": {
    "created": "2020-04-23T16:27:34.248Z",
    "modified": "2020-04-23T16:27:34.248Z",
    "template_block": 4,
    "language": "en",
    "content": "<Content/>",
    "frontend": 3
  }
},
{
  "model": "templates.templateblocktranslation",
  "pk": 5,
  "fields": {
    "created": "2020-04-23T16:27:34.274Z",
    "modified": "2020-04-23T16:27:34.274Z",
    "template_block": 5,
    "language": "en",
    "content": "<Content/><Widget.NextButton/>",
    "frontend": 1
  }
},
{
  "model": "templates.templateblocktranslation",
  "pk": 6,
  "fields": {
    "created": "2020-04-23T16:27:34.301Z",
    "modified": "2020-04-23T16:27:34.301Z",
    "template_block": 6,
    "language": "en",
    "content": "<Content/>",
    "frontend": 3
  }
},
{
  "model": "templates.templateblocktranslation",
  "pk": 7,
  "fields": {
    "created": "2020-04-23T16:27:37.968Z",
    "modified": "2020-04-23T16:27:37.968Z",
    "template_block": 7,
    "language": "ru",
    "content": "<style dangerouslySetInnerHTML={{__html: `\n      h1 { font-size: 2em; }\n      p { color: red; font-size: 1.5em; }\n      #body { width: 90%; height: 100%; margin: auto; background: white; padding-left: 125px; padding-top: 10px; padding-right: 125px; box-sizing: border-box;}\n      #canvas { background: silver; width: 100%; height: 100%; box-sizing: border-box;}\n    `}} />\n<div id=\"canvas\">\n<div id=\"body\">\n<Header/>\n<Content/>\n<Footer/>\n</div>\n</div>",
    "frontend": 3
  }
},
{
  "model": "templates.templateblocktranslation",
  "pk": 8,
  "fields": {
    "created": "2020-04-23T16:27:37.978Z",
    "modified": "2020-04-23T16:27:37.978Z",
    "template_block": 7,
    "language": "ab",
    "content": "<CssBaseline /> \n<AppBar position=\"absolute\" color=\"default\">\n\t<Toolbar>\n\t\t<Typography variant=\"h6\" color=\"inherit\" noWrap>\n\t\t\tThe PennSoNG LENNS project\n\t\t</Typography>\n\t</Toolbar>\n</AppBar>\n<Container maxWidth=\"md\">\n\t<Box mt={10} maxHeight={758} >\n\t\t<Paper >\n\t\t\t<Box p={5} minHeight={600} >\n\t\t\t\t<Header/>\n\t\t\t\t<Box pt={3} >\n\t\t\t\t\t<Content/>\n\t\t\t\t</Box >\n\t\t\t</Box >\n\t\t</Paper>\n\t</Box>\n\t<Box p={5} >\n\t\t<Footer />\n\t</Box >\n\t<Grid container justify=\"center\">\n\t\t<img alt=\"PennSoNG\" src=\"https://cpb-us-w2.wpmucdn.com/web.sas.upenn.edu/dist/3/28/files/2017/12/PENNSoNG-logo-horiz-13icmng-632x134.png\" height={50} width=\"auto\" />\n\t</Grid >\n</Container>",
    "frontend": 3
  }
},
{
  "model": "templates.templateblocktranslation",
  "pk": 9,
  "fields": {
    "created": "2020-04-23T16:27:37.987Z",
    "modified": "2020-04-23T16:27:37.987Z",
    "template_block": 7,
    "language": "en",
    "content": "<CssBaseline /> \n<AppBar position=\"absolute\" color=\"default\">\n\t<Toolbar>\n\t\t<Typography variant=\"h6\" color=\"inherit\" noWrap>\n\t\t\tThe PennSoNG LENNS project\n\t\t</Typography>\n\t</Toolbar>\n</AppBar>\n<Container maxWidth=\"lg\">\n\t<Box mt={10} >\n\t\t<Paper >\n\t\t\t<Box p={5} minHeight={600} >\n\t\t\t\t<Typography variant='h2' align='center'><Header/></Typography><br/><Typography variant='h5' align='center'><Subheader/></Typography>\n\t\t\t\t<Box pt={3} >\n\t\t\t\t\t<Content/>\n\t\t\t\t</Box >\n\t\t\t</Box >\n\t\t</Paper>\n\t</Box>\n\t<Box p={5} >\n\t\t<Footer />\n\t</Box >\n\t<Grid container justify=\"center\">\n\t\t<img alt=\"PennSoNG\" src=\"https://cpb-us-w2.wpmucdn.com/web.sas.upenn.edu/dist/3/28/files/2017/12/PENNSoNG-logo-horiz-13icmng-632x134.png\" height={50} width=\"auto\" />\n\t</Grid >\n</Container>",
    "frontend": 1
  }
},
{
  "model": "templates.templateblock",
  "pk": 1,
  "fields": {
    "created": "2020-04-23T16:27:34.125Z",
    "modified": "2020-04-23T16:27:34.125Z",
    "template": 1,
    "name": "Root"
  }
},
{
  "model": "templates.templateblock",
  "pk": 2,
  "fields": {
    "created": "2020-04-23T16:27:34.166Z",
    "modified": "2020-04-23T16:27:34.166Z",
    "template": 2,
    "name": "Root"
  }
},
{
  "model": "templates.templateblock",
  "pk": 3,
  "fields": {
    "created": "2020-04-23T16:27:34.193Z",
    "modified": "2020-04-23T16:27:34.193Z",
    "template": 3,
    "name": "Root"
  }
},
{
  "model": "templates.templateblock",
  "pk": 4,
  "fields": {
    "created": "2020-04-23T16:27:34.240Z",
    "modified": "2020-04-23T16:27:34.240Z",
    "template": 5,
    "name": "Root"
  }
},
{
  "model": "templates.templateblock",
  "pk": 5,
  "fields": {
    "created": "2020-04-23T16:27:34.266Z",
    "modified": "2020-04-23T16:27:34.266Z",
    "template": 6,
    "name": "Root"
  }
},
{
  "model": "templates.templateblock",
  "pk": 6,
  "fields": {
    "created": "2020-04-23T16:27:34.293Z",
    "modified": "2020-04-23T16:27:34.293Z",
    "template": 7,
    "name": "Root"
  }
},
{
  "model": "templates.templateblock",
  "pk": 7,
  "fields": {
    "created": "2020-04-23T16:27:37.960Z",
    "modified": "2020-04-23T16:27:37.960Z",
    "template": 151,
    "name": "Root"
  }
},
{
  "model": "templates.template",
  "pk": 1,
  "fields": {
    "parental_template": null,
    "frontend": 1,
    "primary_language": "en",
    "keywords": []
  }
},
{
  "model": "templates.template",
  "pk": 2,
  "fields": {
    "parental_template": null,
    "frontend": 2,
    "primary_language": "en",
    "keywords": []
  }
},
{
  "model": "templates.template",
  "pk": 3,
  "fields": {
    "parental_template": null,
    "frontend": 3,
    "primary_language": "en",
    "keywords": []
  }
},
{
  "model": "templates.template",
  "pk": 5,
  "fields": {
    "parental_template": null,
    "frontend": 3,
    "primary_language": "en",
    "keywords": []
  }
},
{
  "model": "templates.template",
  "pk": 6,
  "fields": {
    "parental_template": null,
    "frontend": 1,
    "primary_language": "en",
    "keywords": []
  }
},
{
  "model": "templates.template",
  "pk": 7,
  "fields": {
    "parental_template": null,
    "frontend": 2,
    "primary_language": "en",
    "keywords": []
  }
},
{
  "model": "templates.template",
  "pk": 151,
  "fields": {
    "parental_template": null,
    "frontend": 1,
    "primary_language": "en",
    "keywords": []
  }
},
{
  "model": "themes.theme",
  "pk": 8,
  "fields": {
    "logo": null,
    "legal_text": null,
    "keywords": []
  }
},
{
  "model": "users.user",
  "pk": 1,
  "fields": {
    "password": "argon2$argon2i$v=19$m=512,t=2,p=2$bDJCT0w4NUNWVzZO$Gj0R0H1p4X2UUlnX6gkLJw",
    "last_login": null,
    "username": "admin",
    "is_active": true,
    "is_superuser": true,
    "is_creator": false,
    "date_joined": "2020-04-23T16:27:42.837Z",
    "profile": {},
    "experience": [],
    "profile_image": null,
    "privacy": "global",
    "my_folder": 1,
    "groups": []
  }
},
{
  "model": "widgets.widgetstate",
  "pk": 1,
  "fields": {
    "created": "2020-04-23T16:27:35.702Z",
    "modified": "2020-04-23T16:27:35.702Z",
    "name": "result",
    "comment": null,
    "widget": 66,
    "default_value": null,
    "from_prop": false
  }
},
{
  "model": "widgets.widgetstate",
  "pk": 2,
  "fields": {
    "created": "2020-04-23T16:27:37.595Z",
    "modified": "2020-04-23T16:27:37.595Z",
    "name": "value",
    "comment": null,
    "widget": 139,
    "default_value": null,
    "from_prop": false
  }
},
{
  "model": "widgets.widgetstate",
  "pk": 3,
  "fields": {
    "created": "2020-04-23T16:27:38.391Z",
    "modified": "2020-04-23T16:27:38.391Z",
    "name": "autoDisable",
    "comment": null,
    "widget": 160,
    "default_value": "False",
    "from_prop": false
  }
},
{
  "model": "widgets.widgetstate",
  "pk": 4,
  "fields": {
    "created": "2020-04-23T16:27:38.912Z",
    "modified": "2020-04-23T16:27:38.912Z",
    "name": "value",
    "comment": null,
    "widget": 168,
    "default_value": null,
    "from_prop": false
  }
},
{
  "model": "widgets.widgetstate",
  "pk": 5,
  "fields": {
    "created": "2020-04-23T16:27:38.994Z",
    "modified": "2020-04-23T16:27:38.994Z",
    "name": "useLocation",
    "comment": null,
    "widget": 170,
    "default_value": null,
    "from_prop": false
  }
},
{
  "model": "widgets.widgetstate",
  "pk": 6,
  "fields": {
    "created": "2020-04-23T16:27:39.060Z",
    "modified": "2020-04-23T16:27:39.060Z",
    "name": "close",
    "comment": null,
    "widget": 171,
    "default_value": null,
    "from_prop": false
  }
},
{
  "model": "widgets.widgetstate",
  "pk": 7,
  "fields": {
    "created": "2020-04-23T16:27:39.175Z",
    "modified": "2020-04-23T16:27:39.175Z",
    "name": "stateValue",
    "comment": null,
    "widget": 172,
    "default_value": null,
    "from_prop": false
  }
},
{
  "model": "widgets.widgetevent",
  "pk": 1,
  "fields": {
    "created": "2020-04-23T16:27:34.742Z",
    "modified": "2020-04-23T16:27:34.742Z",
    "name": "",
    "event_type": "onChange",
    "widget": 26
  }
},
{
  "model": "widgets.widgetevent",
  "pk": 2,
  "fields": {
    "created": "2020-04-23T16:27:34.749Z",
    "modified": "2020-04-23T16:27:34.749Z",
    "name": "",
    "event_type": "onFocus",
    "widget": 26
  }
},
{
  "model": "widgets.widgetevent",
  "pk": 3,
  "fields": {
    "created": "2020-04-23T16:27:34.756Z",
    "modified": "2020-04-23T16:27:34.756Z",
    "name": "",
    "event_type": "onBlur",
    "widget": 26
  }
},
{
  "model": "widgets.widgetevent",
  "pk": 4,
  "fields": {
    "created": "2020-04-23T16:27:35.696Z",
    "modified": "2020-04-23T16:27:35.696Z",
    "name": "",
    "event_type": "onScan",
    "widget": 66
  }
},
{
  "model": "widgets.widgetevent",
  "pk": 5,
  "fields": {
    "created": "2020-04-23T16:27:36.327Z",
    "modified": "2020-04-23T16:27:36.327Z",
    "name": "",
    "event_type": "onReply",
    "widget": 92
  }
},
{
  "model": "widgets.widgetevent",
  "pk": 6,
  "fields": {
    "created": "2020-04-23T16:27:36.733Z",
    "modified": "2020-04-23T16:27:36.733Z",
    "name": "",
    "event_type": "onClick",
    "widget": 109
  }
},
{
  "model": "widgets.widgetevent",
  "pk": 7,
  "fields": {
    "created": "2020-04-23T16:27:37.554Z",
    "modified": "2020-04-23T16:27:37.554Z",
    "name": "",
    "event_type": "onChange",
    "widget": 139
  }
},
{
  "model": "widgets.widgetevent",
  "pk": 8,
  "fields": {
    "created": "2020-04-23T16:27:37.623Z",
    "modified": "2020-04-23T16:27:37.623Z",
    "name": "",
    "event_type": "onClick",
    "widget": 140
  }
},
{
  "model": "widgets.widgetevent",
  "pk": 9,
  "fields": {
    "created": "2020-04-23T16:27:37.629Z",
    "modified": "2020-04-23T16:27:37.629Z",
    "name": "",
    "event_type": "onChange",
    "widget": 140
  }
},
{
  "model": "widgets.widgetevent",
  "pk": 10,
  "fields": {
    "created": "2020-04-23T16:27:37.636Z",
    "modified": "2020-04-23T16:27:37.636Z",
    "name": "",
    "event_type": "onBlur",
    "widget": 140
  }
},
{
  "model": "widgets.widgetevent",
  "pk": 11,
  "fields": {
    "created": "2020-04-23T16:27:38.068Z",
    "modified": "2020-04-23T16:27:38.068Z",
    "name": "",
    "event_type": "onBlur",
    "widget": 153
  }
},
{
  "model": "widgets.widgetevent",
  "pk": 12,
  "fields": {
    "created": "2020-04-23T16:27:38.074Z",
    "modified": "2020-04-23T16:27:38.074Z",
    "name": "",
    "event_type": "onChange",
    "widget": 153
  }
},
{
  "model": "widgets.widgetevent",
  "pk": 13,
  "fields": {
    "created": "2020-04-23T16:27:38.167Z",
    "modified": "2020-04-23T16:27:38.167Z",
    "name": "",
    "event_type": "onScan",
    "widget": 155
  }
},
{
  "model": "widgets.widgetevent",
  "pk": 14,
  "fields": {
    "created": "2020-04-23T16:27:38.245Z",
    "modified": "2020-04-23T16:27:38.245Z",
    "name": "",
    "event_type": "onClick",
    "widget": 157
  }
},
{
  "model": "widgets.widgetevent",
  "pk": 15,
  "fields": {
    "created": "2020-04-23T16:27:38.327Z",
    "modified": "2020-04-23T16:27:38.327Z",
    "name": "",
    "event_type": "onChange",
    "widget": 159
  }
},
{
  "model": "widgets.widgetevent",
  "pk": 16,
  "fields": {
    "created": "2020-04-23T16:27:38.370Z",
    "modified": "2020-04-23T16:27:38.370Z",
    "name": "",
    "event_type": "onClick",
    "widget": 160
  }
},
{
  "model": "widgets.widgetevent",
  "pk": 17,
  "fields": {
    "created": "2020-04-23T16:27:38.439Z",
    "modified": "2020-04-23T16:27:38.439Z",
    "name": "",
    "event_type": "onChange",
    "widget": 161
  }
},
{
  "model": "widgets.widgetevent",
  "pk": 18,
  "fields": {
    "created": "2020-04-23T16:27:38.525Z",
    "modified": "2020-04-23T16:27:38.525Z",
    "name": "",
    "event_type": "onKeyDown",
    "widget": 162
  }
},
{
  "model": "widgets.widgetevent",
  "pk": 19,
  "fields": {
    "created": "2020-04-23T16:27:38.531Z",
    "modified": "2020-04-23T16:27:38.531Z",
    "name": "",
    "event_type": "onBlur",
    "widget": 162
  }
},
{
  "model": "widgets.widgetevent",
  "pk": 20,
  "fields": {
    "created": "2020-04-23T16:27:38.538Z",
    "modified": "2020-04-23T16:27:38.538Z",
    "name": "",
    "event_type": "onChange",
    "widget": 162
  }
},
{
  "model": "widgets.widgetevent",
  "pk": 21,
  "fields": {
    "created": "2020-04-23T16:27:38.544Z",
    "modified": "2020-04-23T16:27:38.544Z",
    "name": "",
    "event_type": "onFocus",
    "widget": 162
  }
},
{
  "model": "widgets.widgetevent",
  "pk": 22,
  "fields": {
    "created": "2020-04-23T16:27:38.711Z",
    "modified": "2020-04-23T16:27:38.711Z",
    "name": "",
    "event_type": "onChange",
    "widget": 165
  }
},
{
  "model": "widgets.widgetevent",
  "pk": 23,
  "fields": {
    "created": "2020-04-23T16:27:38.717Z",
    "modified": "2020-04-23T16:27:38.717Z",
    "name": "",
    "event_type": "onBlur",
    "widget": 165
  }
},
{
  "model": "widgets.widgetevent",
  "pk": 24,
  "fields": {
    "created": "2020-04-23T16:27:38.723Z",
    "modified": "2020-04-23T16:27:38.723Z",
    "name": "",
    "event_type": "onKeyDown",
    "widget": 165
  }
},
{
  "model": "widgets.widgetevent",
  "pk": 25,
  "fields": {
    "created": "2020-04-23T16:27:38.878Z",
    "modified": "2020-04-23T16:27:38.878Z",
    "name": "",
    "event_type": "onFocus",
    "widget": 168
  }
},
{
  "model": "widgets.widgetevent",
  "pk": 26,
  "fields": {
    "created": "2020-04-23T16:27:38.884Z",
    "modified": "2020-04-23T16:27:38.884Z",
    "name": "",
    "event_type": "onBlur",
    "widget": 168
  }
},
{
  "model": "widgets.widgetevent",
  "pk": 27,
  "fields": {
    "created": "2020-04-23T16:27:38.891Z",
    "modified": "2020-04-23T16:27:38.891Z",
    "name": "",
    "event_type": "onChange",
    "widget": 168
  }
},
{
  "model": "widgets.widgetevent",
  "pk": 28,
  "fields": {
    "created": "2020-04-23T16:27:38.988Z",
    "modified": "2020-04-23T16:27:38.988Z",
    "name": "button",
    "event_type": "onClick",
    "widget": 170
  }
},
{
  "model": "widgets.widgetevent",
  "pk": 29,
  "fields": {
    "created": "2020-04-23T16:27:39.123Z",
    "modified": "2020-04-23T16:27:39.123Z",
    "name": "",
    "event_type": "onClick",
    "widget": 172
  }
},
{
  "model": "widgets.widgetevent",
  "pk": 30,
  "fields": {
    "created": "2020-04-23T16:27:39.129Z",
    "modified": "2020-04-23T16:27:39.129Z",
    "name": "",
    "event_type": "onChange",
    "widget": 172
  }
},
{
  "model": "widgets.widgetevent",
  "pk": 31,
  "fields": {
    "created": "2020-04-23T16:27:39.216Z",
    "modified": "2020-04-23T16:27:39.216Z",
    "name": "",
    "event_type": "onClick",
    "widget": 173
  }
},
{
  "model": "widgets.widgetevent",
  "pk": 32,
  "fields": {
    "created": "2020-04-23T16:27:39.257Z",
    "modified": "2020-04-23T16:27:39.257Z",
    "name": "",
    "event_type": "onFocus",
    "widget": 174
  }
},
{
  "model": "widgets.widgetevent",
  "pk": 33,
  "fields": {
    "created": "2020-04-23T16:27:39.264Z",
    "modified": "2020-04-23T16:27:39.264Z",
    "name": "",
    "event_type": "onChange",
    "widget": 174
  }
},
{
  "model": "widgets.widgetevent",
  "pk": 34,
  "fields": {
    "created": "2020-04-23T16:27:39.307Z",
    "modified": "2020-04-23T16:27:39.307Z",
    "name": "",
    "event_type": "onClick",
    "widget": 175
  }
},
{
  "model": "widgets.widgetevent",
  "pk": 35,
  "fields": {
    "created": "2020-04-23T16:27:39.365Z",
    "modified": "2020-04-23T16:27:39.365Z",
    "name": "",
    "event_type": "onChange",
    "widget": 176
  }
},
{
  "model": "widgets.widgeteventstep",
  "pk": 1,
  "fields": {
    "created": "2020-04-23T16:27:35.707Z",
    "modified": "2020-04-23T16:27:35.707Z",
    "widget_event": 4,
    "code": "if (data) {\n  setResult({\n    result: data\n  })\n}",
    "event_action_type": "run_code",
    "order": 0
  }
},
{
  "model": "widgets.widgeteventstep",
  "pk": 2,
  "fields": {
    "created": "2020-04-23T16:27:36.332Z",
    "modified": "2020-04-23T16:27:36.332Z",
    "widget_event": 5,
    "code": null,
    "event_action_type": "submit",
    "order": 0
  }
},
{
  "model": "widgets.widgeteventstep",
  "pk": 3,
  "fields": {
    "created": "2020-04-23T16:27:38.262Z",
    "modified": "2020-04-23T16:27:38.262Z",
    "widget_event": 14,
    "code": "closeDialog(true)",
    "event_action_type": "run_code",
    "order": 0
  }
},
{
  "model": "widgets.widgeteventstep",
  "pk": 4,
  "fields": {
    "created": "2020-04-23T16:27:38.333Z",
    "modified": "2020-04-23T16:27:38.333Z",
    "widget_event": 15,
    "code": "parent.setState({value: args[0]})",
    "event_action_type": "run_code",
    "order": 0
  }
},
{
  "model": "widgets.widgeteventstep",
  "pk": 5,
  "fields": {
    "created": "2020-04-23T16:27:38.396Z",
    "modified": "2020-04-23T16:27:38.396Z",
    "widget_event": 16,
    "code": "setAutoDisable(true);",
    "event_action_type": "run_code",
    "order": 0
  }
},
{
  "model": "widgets.widgeteventstep",
  "pk": 6,
  "fields": {
    "created": "2020-04-23T16:27:38.565Z",
    "modified": "2020-04-23T16:27:38.565Z",
    "widget_event": 18,
    "code": "const key_val = event.which;\n    if ((key_val < 48 || key_val > 57) && (!([8, 9, 13, 37, 38, 39, 40, 46].includes(key_val)))){\n      event.preventDefault();\n    }",
    "event_action_type": "run_code",
    "order": 0
  }
},
{
  "model": "widgets.widgeteventstep",
  "pk": 7,
  "fields": {
    "created": "2020-04-23T16:27:38.999Z",
    "modified": "2020-04-23T16:27:38.999Z",
    "widget_event": 28,
    "code": "if (useLocation){\n  setUseLocation(false);\n}\nelse {\n  setUseLocation(true);\n}",
    "event_action_type": "run_code",
    "order": 0
  }
},
{
  "model": "widgets.widgeteventstep",
  "pk": 8,
  "fields": {
    "created": "2020-04-23T16:27:39.180Z",
    "modified": "2020-04-23T16:27:39.180Z",
    "widget_event": 29,
    "code": "if (event.target.value != null){\n  setStateValue(event.target.value);}",
    "event_action_type": "run_code",
    "order": 0
  }
},
{
  "model": "widgets.widgeteventstep",
  "pk": 9,
  "fields": {
    "created": "2020-04-23T16:27:39.222Z",
    "modified": "2020-04-23T16:27:39.222Z",
    "widget_event": 31,
    "code": null,
    "event_action_type": "submit",
    "order": 0
  }
},
{
  "model": "widgets.widgeteventstep",
  "pk": 10,
  "fields": {
    "created": "2020-04-23T16:27:39.322Z",
    "modified": "2020-04-23T16:27:39.322Z",
    "widget_event": 34,
    "code": null,
    "event_action_type": "back",
    "order": 0
  }
},
{
  "model": "widgets.widgetprop",
  "pk": 1,
  "fields": {
    "created": "2020-04-23T16:27:36.741Z",
    "modified": "2020-04-23T16:27:36.741Z",
    "name": "id",
    "comment": null,
    "widget": 109,
    "default_value": "mui-button",
    "preview_value": null
  }
},
{
  "model": "widgets.widgetprop",
  "pk": 2,
  "fields": {
    "created": "2020-04-23T16:27:37.461Z",
    "modified": "2020-04-23T16:27:37.461Z",
    "name": "id",
    "comment": null,
    "widget": 137,
    "default_value": "submit-button",
    "preview_value": null
  }
},
{
  "model": "widgets.widgetprop",
  "pk": 3,
  "fields": {
    "created": "2020-04-23T16:27:37.466Z",
    "modified": "2020-04-23T16:27:37.466Z",
    "name": "color",
    "comment": null,
    "widget": 137,
    "default_value": "primary",
    "preview_value": null
  }
},
{
  "model": "widgets.widgetprop",
  "pk": 4,
  "fields": {
    "created": "2020-04-23T16:27:37.470Z",
    "modified": "2020-04-23T16:27:37.470Z",
    "name": "variant",
    "comment": null,
    "widget": 137,
    "default_value": "contained",
    "preview_value": null
  }
},
{
  "model": "widgets.widgetprop",
  "pk": 5,
  "fields": {
    "created": "2020-04-23T16:27:37.560Z",
    "modified": "2020-04-23T16:27:37.560Z",
    "name": "label",
    "comment": null,
    "widget": 139,
    "default_value": null,
    "preview_value": null
  }
},
{
  "model": "widgets.widgetprop",
  "pk": 6,
  "fields": {
    "created": "2020-04-23T16:27:37.565Z",
    "modified": "2020-04-23T16:27:37.565Z",
    "name": "row",
    "comment": null,
    "widget": 139,
    "default_value": null,
    "preview_value": null
  }
},
{
  "model": "widgets.widgetprop",
  "pk": 7,
  "fields": {
    "created": "2020-04-23T16:27:37.570Z",
    "modified": "2020-04-23T16:27:37.570Z",
    "name": "defaultValue",
    "comment": null,
    "widget": 139,
    "default_value": null,
    "preview_value": null
  }
},
{
  "model": "widgets.widgetprop",
  "pk": 8,
  "fields": {
    "created": "2020-04-23T16:27:37.575Z",
    "modified": "2020-04-23T16:27:37.575Z",
    "name": "disabled",
    "comment": null,
    "widget": 139,
    "default_value": null,
    "preview_value": null
  }
},
{
  "model": "widgets.widgetprop",
  "pk": 9,
  "fields": {
    "created": "2020-04-23T16:27:37.580Z",
    "modified": "2020-04-23T16:27:37.580Z",
    "name": "id",
    "comment": null,
    "widget": 139,
    "default_value": null,
    "preview_value": null
  }
},
{
  "model": "widgets.widgetprop",
  "pk": 10,
  "fields": {
    "created": "2020-04-23T16:27:37.585Z",
    "modified": "2020-04-23T16:27:37.585Z",
    "name": "name",
    "comment": null,
    "widget": 139,
    "default_value": null,
    "preview_value": null
  }
},
{
  "model": "widgets.widgetprop",
  "pk": 11,
  "fields": {
    "created": "2020-04-23T16:27:37.590Z",
    "modified": "2020-04-23T16:27:37.590Z",
    "name": "gqlId",
    "comment": null,
    "widget": 139,
    "default_value": null,
    "preview_value": null
  }
},
{
  "model": "widgets.widgetprop",
  "pk": 12,
  "fields": {
    "created": "2020-04-23T16:27:37.642Z",
    "modified": "2020-04-23T16:27:37.642Z",
    "name": "value",
    "comment": null,
    "widget": 140,
    "default_value": null,
    "preview_value": null
  }
},
{
  "model": "widgets.widgetprop",
  "pk": 13,
  "fields": {
    "created": "2020-04-23T16:27:38.080Z",
    "modified": "2020-04-23T16:27:38.080Z",
    "name": "label",
    "comment": null,
    "widget": 153,
    "default_value": null,
    "preview_value": null
  }
},
{
  "model": "widgets.widgetprop",
  "pk": 14,
  "fields": {
    "created": "2020-04-23T16:27:38.085Z",
    "modified": "2020-04-23T16:27:38.085Z",
    "name": "defaultValue",
    "comment": null,
    "widget": 153,
    "default_value": null,
    "preview_value": null
  }
},
{
  "model": "widgets.widgetprop",
  "pk": 15,
  "fields": {
    "created": "2020-04-23T16:27:38.173Z",
    "modified": "2020-04-23T16:27:38.173Z",
    "name": "helperText",
    "comment": null,
    "widget": 155,
    "default_value": null,
    "preview_value": null
  }
},
{
  "model": "widgets.widgetprop",
  "pk": 16,
  "fields": {
    "created": "2020-04-23T16:27:38.178Z",
    "modified": "2020-04-23T16:27:38.178Z",
    "name": "OptionalInput",
    "comment": null,
    "widget": 155,
    "default_value": null,
    "preview_value": null
  }
},
{
  "model": "widgets.widgetprop",
  "pk": 17,
  "fields": {
    "created": "2020-04-23T16:27:38.183Z",
    "modified": "2020-04-23T16:27:38.183Z",
    "name": "defaultValue",
    "comment": null,
    "widget": 155,
    "default_value": null,
    "preview_value": null
  }
},
{
  "model": "widgets.widgetprop",
  "pk": 18,
  "fields": {
    "created": "2020-04-23T16:27:38.252Z",
    "modified": "2020-04-23T16:27:38.252Z",
    "name": "closeDialog",
    "comment": null,
    "widget": 157,
    "default_value": null,
    "preview_value": null
  }
},
{
  "model": "widgets.widgetprop",
  "pk": 19,
  "fields": {
    "created": "2020-04-23T16:27:38.257Z",
    "modified": "2020-04-23T16:27:38.257Z",
    "name": "fullWidth",
    "comment": null,
    "widget": 157,
    "default_value": null,
    "preview_value": null
  }
},
{
  "model": "widgets.widgetprop",
  "pk": 20,
  "fields": {
    "created": "2020-04-23T16:27:38.376Z",
    "modified": "2020-04-23T16:27:38.376Z",
    "name": "disabled",
    "comment": null,
    "widget": 160,
    "default_value": null,
    "preview_value": null
  }
},
{
  "model": "widgets.widgetprop",
  "pk": 21,
  "fields": {
    "created": "2020-04-23T16:27:38.381Z",
    "modified": "2020-04-23T16:27:38.381Z",
    "name": "variant",
    "comment": null,
    "widget": 160,
    "default_value": null,
    "preview_value": null
  }
},
{
  "model": "widgets.widgetprop",
  "pk": 22,
  "fields": {
    "created": "2020-04-23T16:27:38.386Z",
    "modified": "2020-04-23T16:27:38.386Z",
    "name": "color",
    "comment": null,
    "widget": 160,
    "default_value": null,
    "preview_value": null
  }
},
{
  "model": "widgets.widgetprop",
  "pk": 23,
  "fields": {
    "created": "2020-04-23T16:27:38.446Z",
    "modified": "2020-04-23T16:27:38.446Z",
    "name": "label",
    "comment": null,
    "widget": 161,
    "default_value": null,
    "preview_value": null
  }
},
{
  "model": "widgets.widgetprop",
  "pk": 24,
  "fields": {
    "created": "2020-04-23T16:27:38.450Z",
    "modified": "2020-04-23T16:27:38.450Z",
    "name": "value",
    "comment": null,
    "widget": 161,
    "default_value": null,
    "preview_value": null
  }
},
{
  "model": "widgets.widgetprop",
  "pk": 25,
  "fields": {
    "created": "2020-04-23T16:27:38.455Z",
    "modified": "2020-04-23T16:27:38.455Z",
    "name": "disabled",
    "comment": null,
    "widget": 161,
    "default_value": null,
    "preview_value": null
  }
},
{
  "model": "widgets.widgetprop",
  "pk": 26,
  "fields": {
    "created": "2020-04-23T16:27:38.460Z",
    "modified": "2020-04-23T16:27:38.460Z",
    "name": "id",
    "comment": null,
    "widget": 161,
    "default_value": null,
    "preview_value": null
  }
},
{
  "model": "widgets.widgetprop",
  "pk": 27,
  "fields": {
    "created": "2020-04-23T16:27:38.465Z",
    "modified": "2020-04-23T16:27:38.465Z",
    "name": "helperText",
    "comment": null,
    "widget": 161,
    "default_value": null,
    "preview_value": null
  }
},
{
  "model": "widgets.widgetprop",
  "pk": 28,
  "fields": {
    "created": "2020-04-23T16:27:38.470Z",
    "modified": "2020-04-23T16:27:38.470Z",
    "name": "gqlId",
    "comment": null,
    "widget": 161,
    "default_value": null,
    "preview_value": null
  }
},
{
  "model": "widgets.widgetprop",
  "pk": 29,
  "fields": {
    "created": "2020-04-23T16:27:38.475Z",
    "modified": "2020-04-23T16:27:38.475Z",
    "name": "name",
    "comment": null,
    "widget": 161,
    "default_value": null,
    "preview_value": null
  }
},
{
  "model": "widgets.widgetprop",
  "pk": 30,
  "fields": {
    "created": "2020-04-23T16:27:38.551Z",
    "modified": "2020-04-23T16:27:38.551Z",
    "name": "label",
    "comment": null,
    "widget": 162,
    "default_value": null,
    "preview_value": null
  }
},
{
  "model": "widgets.widgetprop",
  "pk": 31,
  "fields": {
    "created": "2020-04-23T16:27:38.556Z",
    "modified": "2020-04-23T16:27:38.556Z",
    "name": "defaultValue",
    "comment": null,
    "widget": 162,
    "default_value": null,
    "preview_value": null
  }
},
{
  "model": "widgets.widgetprop",
  "pk": 32,
  "fields": {
    "created": "2020-04-23T16:27:38.561Z",
    "modified": "2020-04-23T16:27:38.561Z",
    "name": "error",
    "comment": null,
    "widget": 162,
    "default_value": null,
    "preview_value": null
  }
},
{
  "model": "widgets.widgetprop",
  "pk": 33,
  "fields": {
    "created": "2020-04-23T16:27:38.638Z",
    "modified": "2020-04-23T16:27:38.638Z",
    "name": "imageUrl",
    "comment": null,
    "widget": 164,
    "default_value": null,
    "preview_value": null
  }
},
{
  "model": "widgets.widgetprop",
  "pk": 34,
  "fields": {
    "created": "2020-04-23T16:27:38.643Z",
    "modified": "2020-04-23T16:27:38.643Z",
    "name": "imageWidth",
    "comment": null,
    "widget": 164,
    "default_value": 200,
    "preview_value": null
  }
},
{
  "model": "widgets.widgetprop",
  "pk": 35,
  "fields": {
    "created": "2020-04-23T16:27:38.648Z",
    "modified": "2020-04-23T16:27:38.648Z",
    "name": "imageHeight",
    "comment": null,
    "widget": 164,
    "default_value": 250,
    "preview_value": null
  }
},
{
  "model": "widgets.widgetprop",
  "pk": 36,
  "fields": {
    "created": "2020-04-23T16:27:38.653Z",
    "modified": "2020-04-23T16:27:38.653Z",
    "name": "label",
    "comment": null,
    "widget": 164,
    "default_value": null,
    "preview_value": null
  }
},
{
  "model": "widgets.widgetprop",
  "pk": 37,
  "fields": {
    "created": "2020-04-23T16:27:38.658Z",
    "modified": "2020-04-23T16:27:38.658Z",
    "name": "defaultValue",
    "comment": null,
    "widget": 164,
    "default_value": null,
    "preview_value": null
  }
},
{
  "model": "widgets.widgetprop",
  "pk": 38,
  "fields": {
    "created": "2020-04-23T16:27:38.663Z",
    "modified": "2020-04-23T16:27:38.663Z",
    "name": "disabled",
    "comment": null,
    "widget": 164,
    "default_value": null,
    "preview_value": null
  }
},
{
  "model": "widgets.widgetprop",
  "pk": 39,
  "fields": {
    "created": "2020-04-23T16:27:38.668Z",
    "modified": "2020-04-23T16:27:38.668Z",
    "name": "id",
    "comment": null,
    "widget": 164,
    "default_value": null,
    "preview_value": null
  }
},
{
  "model": "widgets.widgetprop",
  "pk": 40,
  "fields": {
    "created": "2020-04-23T16:27:38.673Z",
    "modified": "2020-04-23T16:27:38.673Z",
    "name": "helperText",
    "comment": null,
    "widget": 164,
    "default_value": null,
    "preview_value": null
  }
},
{
  "model": "widgets.widgetprop",
  "pk": 41,
  "fields": {
    "created": "2020-04-23T16:27:38.729Z",
    "modified": "2020-04-23T16:27:38.729Z",
    "name": "defaultValue",
    "comment": null,
    "widget": 165,
    "default_value": null,
    "preview_value": null
  }
},
{
  "model": "widgets.widgetprop",
  "pk": 42,
  "fields": {
    "created": "2020-04-23T16:27:38.837Z",
    "modified": "2020-04-23T16:27:38.837Z",
    "name": "isGeolocationAvailable",
    "comment": null,
    "widget": 167,
    "default_value": null,
    "preview_value": null
  }
},
{
  "model": "widgets.widgetprop",
  "pk": 43,
  "fields": {
    "created": "2020-04-23T16:27:38.842Z",
    "modified": "2020-04-23T16:27:38.842Z",
    "name": "coords",
    "comment": null,
    "widget": 167,
    "default_value": null,
    "preview_value": null
  }
},
{
  "model": "widgets.widgetprop",
  "pk": 44,
  "fields": {
    "created": "2020-04-23T16:27:38.897Z",
    "modified": "2020-04-23T16:27:38.897Z",
    "name": "defaultValue",
    "comment": null,
    "widget": 168,
    "default_value": null,
    "preview_value": null
  }
},
{
  "model": "widgets.widgetprop",
  "pk": 45,
  "fields": {
    "created": "2020-04-23T16:27:38.902Z",
    "modified": "2020-04-23T16:27:38.902Z",
    "name": "maxValue",
    "comment": null,
    "widget": 168,
    "default_value": null,
    "preview_value": null
  }
},
{
  "model": "widgets.widgetprop",
  "pk": 46,
  "fields": {
    "created": "2020-04-23T16:27:38.907Z",
    "modified": "2020-04-23T16:27:38.907Z",
    "name": "minValue",
    "comment": null,
    "widget": 168,
    "default_value": null,
    "preview_value": null
  }
},
{
  "model": "widgets.widgetprop",
  "pk": 47,
  "fields": {
    "created": "2020-04-23T16:27:39.050Z",
    "modified": "2020-04-23T16:27:39.050Z",
    "name": "open",
    "comment": null,
    "widget": 171,
    "default_value": null,
    "preview_value": null
  }
},
{
  "model": "widgets.widgetprop",
  "pk": 48,
  "fields": {
    "created": "2020-04-23T16:27:39.055Z",
    "modified": "2020-04-23T16:27:39.055Z",
    "name": "closeWidget",
    "comment": null,
    "widget": 171,
    "default_value": null,
    "preview_value": null
  }
},
{
  "model": "widgets.widgetprop",
  "pk": 49,
  "fields": {
    "created": "2020-04-23T16:27:39.136Z",
    "modified": "2020-04-23T16:27:39.136Z",
    "name": "label",
    "comment": null,
    "widget": 172,
    "default_value": null,
    "preview_value": null
  }
},
{
  "model": "widgets.widgetprop",
  "pk": 50,
  "fields": {
    "created": "2020-04-23T16:27:39.141Z",
    "modified": "2020-04-23T16:27:39.141Z",
    "name": "defaultValue",
    "comment": null,
    "widget": 172,
    "default_value": null,
    "preview_value": null
  }
},
{
  "model": "widgets.widgetprop",
  "pk": 51,
  "fields": {
    "created": "2020-04-23T16:27:39.145Z",
    "modified": "2020-04-23T16:27:39.145Z",
    "name": "disabled",
    "comment": null,
    "widget": 172,
    "default_value": null,
    "preview_value": null
  }
},
{
  "model": "widgets.widgetprop",
  "pk": 52,
  "fields": {
    "created": "2020-04-23T16:27:39.150Z",
    "modified": "2020-04-23T16:27:39.150Z",
    "name": "labelWidth",
    "comment": null,
    "widget": 172,
    "default_value": null,
    "preview_value": null
  }
},
{
  "model": "widgets.widgetprop",
  "pk": 53,
  "fields": {
    "created": "2020-04-23T16:27:39.155Z",
    "modified": "2020-04-23T16:27:39.155Z",
    "name": "id",
    "comment": null,
    "widget": 172,
    "default_value": null,
    "preview_value": null
  }
},
{
  "model": "widgets.widgetprop",
  "pk": 54,
  "fields": {
    "created": "2020-04-23T16:27:39.160Z",
    "modified": "2020-04-23T16:27:39.160Z",
    "name": "labelId",
    "comment": null,
    "widget": 172,
    "default_value": null,
    "preview_value": null
  }
},
{
  "model": "widgets.widgetprop",
  "pk": 55,
  "fields": {
    "created": "2020-04-23T16:27:39.165Z",
    "modified": "2020-04-23T16:27:39.165Z",
    "name": "helperText",
    "comment": null,
    "widget": 172,
    "default_value": null,
    "preview_value": null
  }
},
{
  "model": "widgets.widgetprop",
  "pk": 56,
  "fields": {
    "created": "2020-04-23T16:27:39.170Z",
    "modified": "2020-04-23T16:27:39.170Z",
    "name": "name",
    "comment": null,
    "widget": 172,
    "default_value": null,
    "preview_value": null
  }
},
{
  "model": "widgets.widgetprop",
  "pk": 57,
  "fields": {
    "created": "2020-04-23T16:27:39.270Z",
    "modified": "2020-04-23T16:27:39.270Z",
    "name": "defaultValue",
    "comment": null,
    "widget": 174,
    "default_value": null,
    "preview_value": null
  }
},
{
  "model": "widgets.widgetprop",
  "pk": 58,
  "fields": {
    "created": "2020-04-23T16:27:39.316Z",
    "modified": "2020-04-23T16:27:39.316Z",
    "name": "id",
    "comment": null,
    "widget": 175,
    "default_value": "back-button",
    "preview_value": null
  }
},
{
  "model": "widgets.widgetprop",
  "pk": 59,
  "fields": {
    "created": "2020-04-23T16:27:39.371Z",
    "modified": "2020-04-23T16:27:39.371Z",
    "name": "labelId",
    "comment": null,
    "widget": 176,
    "default_value": null,
    "preview_value": null
  }
},
{
  "model": "widgets.widgetprop",
  "pk": 60,
  "fields": {
    "created": "2020-04-23T16:27:39.376Z",
    "modified": "2020-04-23T16:27:39.376Z",
    "name": "label",
    "comment": null,
    "widget": 176,
    "default_value": null,
    "preview_value": null
  }
},
{
  "model": "widgets.widgetprop",
  "pk": 61,
  "fields": {
    "created": "2020-04-23T16:27:39.381Z",
    "modified": "2020-04-23T16:27:39.381Z",
    "name": "name",
    "comment": null,
    "widget": 176,
    "default_value": null,
    "preview_value": null
  }
},
{
  "model": "widgets.widgetprop",
  "pk": 62,
  "fields": {
    "created": "2020-04-23T16:27:39.386Z",
    "modified": "2020-04-23T16:27:39.386Z",
    "name": "value",
    "comment": null,
    "widget": 176,
    "default_value": null,
    "preview_value": null
  }
},
{
  "model": "widgets.widgetprop",
  "pk": 63,
  "fields": {
    "created": "2020-04-23T16:27:39.391Z",
    "modified": "2020-04-23T16:27:39.391Z",
    "name": "disabled",
    "comment": null,
    "widget": 176,
    "default_value": null,
    "preview_value": null
  }
},
{
  "model": "widgets.widgetprop",
  "pk": 64,
  "fields": {
    "created": "2020-04-23T16:27:39.396Z",
    "modified": "2020-04-23T16:27:39.396Z",
    "name": "id",
    "comment": null,
    "widget": 176,
    "default_value": null,
    "preview_value": null
  }
},
{
  "model": "widgets.widgetprop",
  "pk": 65,
  "fields": {
    "created": "2020-04-23T16:27:39.401Z",
    "modified": "2020-04-23T16:27:39.401Z",
    "name": "helperText",
    "comment": null,
    "widget": 176,
    "default_value": null,
    "preview_value": null
  }
},
{
  "model": "widgets.widgetprop",
  "pk": 66,
  "fields": {
    "created": "2020-04-23T16:27:39.406Z",
    "modified": "2020-04-23T16:27:39.406Z",
    "name": "gqlId",
    "comment": null,
    "widget": 176,
    "default_value": null,
    "preview_value": null
  }
},
{
  "model": "widgets.widget",
  "pk": 9,
  "fields": {
    "code": null,
    "is_multiple_choice": false,
    "primary_language": "en",
    "address": "@material-ui/core/Grow",
    "external": true,
    "frontend": 1,
    "namespace": "mui",
    "value_parameter": "event.target.value",
    "parameters": [
      "event"
    ],
    "save_null": true,
    "keywords": [],
    "related_widgets": []
  }
},
{
  "model": "widgets.widget",
  "pk": 10,
  "fields": {
    "code": null,
    "is_multiple_choice": false,
    "primary_language": "en",
    "address": "@material-ui/core/ListItemText",
    "external": true,
    "frontend": 1,
    "namespace": "mui",
    "value_parameter": "event.target.value",
    "parameters": [
      "event"
    ],
    "save_null": true,
    "keywords": [],
    "related_widgets": []
  }
},
{
  "model": "widgets.widget",
  "pk": 11,
  "fields": {
    "code": null,
    "is_multiple_choice": false,
    "primary_language": "en",
    "address": "@material-ui/core/ListSubheader",
    "external": true,
    "frontend": 1,
    "namespace": "mui",
    "value_parameter": "event.target.value",
    "parameters": [
      "event"
    ],
    "save_null": true,
    "keywords": [],
    "related_widgets": []
  }
},
{
  "model": "widgets.widget",
  "pk": 12,
  "fields": {
    "code": null,
    "is_multiple_choice": false,
    "primary_language": "en",
    "address": "@material-ui/core/ExpansionPanel",
    "external": true,
    "frontend": 1,
    "namespace": "mui",
    "value_parameter": "event.target.value",
    "parameters": [
      "event"
    ],
    "save_null": true,
    "keywords": [],
    "related_widgets": []
  }
},
{
  "model": "widgets.widget",
  "pk": 13,
  "fields": {
    "code": null,
    "is_multiple_choice": false,
    "primary_language": "en",
    "address": "@material-ui/core/Tooltip",
    "external": true,
    "frontend": 1,
    "namespace": "mui",
    "value_parameter": "event.target.value",
    "parameters": [
      "event"
    ],
    "save_null": true,
    "keywords": [],
    "related_widgets": []
  }
},
{
  "model": "widgets.widget",
  "pk": 16,
  "fields": {
    "code": null,
    "is_multiple_choice": false,
    "primary_language": "en",
    "address": "@material-ui/core/Chip",
    "external": true,
    "frontend": 1,
    "namespace": "mui",
    "value_parameter": "event.target.value",
    "parameters": [
      "event"
    ],
    "save_null": true,
    "keywords": [],
    "related_widgets": []
  }
},
{
  "model": "widgets.widget",
  "pk": 17,
  "fields": {
    "code": null,
    "is_multiple_choice": false,
    "primary_language": "en",
    "address": "@material-ui/core/Icon",
    "external": true,
    "frontend": 1,
    "namespace": "mui",
    "value_parameter": "event.target.value",
    "parameters": [
      "event"
    ],
    "save_null": true,
    "keywords": [],
    "related_widgets": []
  }
},
{
  "model": "widgets.widget",
  "pk": 18,
  "fields": {
    "code": null,
    "is_multiple_choice": false,
    "primary_language": "en",
    "address": "@material-ui/core/ClickAwayListener",
    "external": true,
    "frontend": 1,
    "namespace": "mui",
    "value_parameter": "event.target.value",
    "parameters": [
      "event"
    ],
    "save_null": true,
    "keywords": [],
    "related_widgets": []
  }
},
{
  "model": "widgets.widget",
  "pk": 19,
  "fields": {
    "code": null,
    "is_multiple_choice": false,
    "primary_language": "en",
    "address": "@material-ui/core/DialogContent",
    "external": true,
    "frontend": 1,
    "namespace": "mui",
    "value_parameter": "event.target.value",
    "parameters": [
      "event"
    ],
    "save_null": true,
    "keywords": [],
    "related_widgets": []
  }
},
{
  "model": "widgets.widget",
  "pk": 21,
  "fields": {
    "code": null,
    "is_multiple_choice": false,
    "primary_language": "en",
    "address": "@material-ui/core/CardContent",
    "external": true,
    "frontend": 1,
    "namespace": "mui",
    "value_parameter": "event.target.value",
    "parameters": [
      "event"
    ],
    "save_null": true,
    "keywords": [],
    "related_widgets": []
  }
},
{
  "model": "widgets.widget",
  "pk": 22,
  "fields": {
    "code": null,
    "is_multiple_choice": false,
    "primary_language": "en",
    "address": "@material-ui/core/Link",
    "external": true,
    "frontend": 1,
    "namespace": "mui",
    "value_parameter": "event.target.value",
    "parameters": [
      "event"
    ],
    "save_null": true,
    "keywords": [],
    "related_widgets": []
  }
},
{
  "model": "widgets.widget",
  "pk": 23,
  "fields": {
    "code": null,
    "is_multiple_choice": false,
    "primary_language": "en",
    "address": "@material-ui/core/Fab",
    "external": true,
    "frontend": 1,
    "namespace": "mui",
    "value_parameter": "event.target.value",
    "parameters": [
      "event"
    ],
    "save_null": true,
    "keywords": [],
    "related_widgets": []
  }
},
{
  "model": "widgets.widget",
  "pk": 24,
  "fields": {
    "code": null,
    "is_multiple_choice": false,
    "primary_language": "en",
    "address": "@material-ui/core/Step",
    "external": true,
    "frontend": 1,
    "namespace": "mui",
    "value_parameter": "event.target.value",
    "parameters": [
      "event"
    ],
    "save_null": true,
    "keywords": [],
    "related_widgets": []
  }
},
{
  "model": "widgets.widget",
  "pk": 25,
  "fields": {
    "code": null,
    "is_multiple_choice": false,
    "primary_language": "en",
    "address": "@material-ui/core/Table",
    "external": true,
    "frontend": 1,
    "namespace": "mui",
    "value_parameter": "event.target.value",
    "parameters": [
      "event"
    ],
    "save_null": true,
    "keywords": [],
    "related_widgets": []
  }
},
{
  "model": "widgets.widget",
  "pk": 26,
  "fields": {
    "code": null,
    "is_multiple_choice": false,
    "primary_language": "en",
    "address": "@material-ui/core/TextField",
    "external": true,
    "frontend": 1,
    "namespace": "mui",
    "value_parameter": "event.target.value",
    "parameters": [
      "event"
    ],
    "save_null": true,
    "keywords": [],
    "related_widgets": []
  }
},
{
  "model": "widgets.widget",
  "pk": 27,
  "fields": {
    "code": null,
    "is_multiple_choice": false,
    "primary_language": "en",
    "address": "@material-ui/core/RadioGroup",
    "external": true,
    "frontend": 1,
    "namespace": "mui",
    "value_parameter": "event.target.value",
    "parameters": [
      "event"
    ],
    "save_null": true,
    "keywords": [],
    "related_widgets": []
  }
},
{
  "model": "widgets.widget",
  "pk": 28,
  "fields": {
    "code": null,
    "is_multiple_choice": false,
    "primary_language": "en",
    "address": "react-qr-reader",
    "external": true,
    "frontend": 1,
    "namespace": "react-qr-reader",
    "value_parameter": "data",
    "parameters": [
      "data"
    ],
    "save_null": true,
    "keywords": [],
    "related_widgets": []
  }
},
{
  "model": "widgets.widget",
  "pk": 29,
  "fields": {
    "code": null,
    "is_multiple_choice": false,
    "primary_language": "en",
    "address": "@material-ui/core/GridListTile",
    "external": true,
    "frontend": 1,
    "namespace": "mui",
    "value_parameter": "event.target.value",
    "parameters": [
      "event"
    ],
    "save_null": true,
    "keywords": [],
    "related_widgets": []
  }
},
{
  "model": "widgets.widget",
  "pk": 30,
  "fields": {
    "code": null,
    "is_multiple_choice": false,
    "primary_language": "en",
    "address": "@material-ui/core/Backdrop",
    "external": true,
    "frontend": 1,
    "namespace": "mui",
    "value_parameter": "event.target.value",
    "parameters": [
      "event"
    ],
    "save_null": true,
    "keywords": [],
    "related_widgets": []
  }
},
{
  "model": "widgets.widget",
  "pk": 31,
  "fields": {
    "code": null,
    "is_multiple_choice": false,
    "primary_language": "en",
    "address": "@material-ui/core/Badge",
    "external": true,
    "frontend": 1,
    "namespace": "mui",
    "value_parameter": "event.target.value",
    "parameters": [
      "event"
    ],
    "save_null": true,
    "keywords": [],
    "related_widgets": []
  }
},
{
  "model": "widgets.widget",
  "pk": 32,
  "fields": {
    "code": "String('Reply with a number to send your response. \\n')",
    "is_multiple_choice": false,
    "primary_language": "en",
    "address": null,
    "external": false,
    "frontend": 3,
    "namespace": "Widget",
    "value_parameter": "event.target.value",
    "parameters": [
      "event"
    ],
    "save_null": true,
    "keywords": [],
    "related_widgets": []
  }
},
{
  "model": "widgets.widget",
  "pk": 33,
  "fields": {
    "code": null,
    "is_multiple_choice": false,
    "primary_language": "en",
    "address": "@material-ui/core/StepIcon",
    "external": true,
    "frontend": 1,
    "namespace": "mui",
    "value_parameter": "event.target.value",
    "parameters": [
      "event"
    ],
    "save_null": true,
    "keywords": [],
    "related_widgets": []
  }
},
{
  "model": "widgets.widget",
  "pk": 35,
  "fields": {
    "code": null,
    "is_multiple_choice": false,
    "primary_language": "en",
    "address": "@material-ui/core/Grid",
    "external": true,
    "frontend": 1,
    "namespace": "mui",
    "value_parameter": "event.target.value",
    "parameters": [
      "event"
    ],
    "save_null": true,
    "keywords": [],
    "related_widgets": []
  }
},
{
  "model": "widgets.widget",
  "pk": 36,
  "fields": {
    "code": null,
    "is_multiple_choice": false,
    "primary_language": "en",
    "address": "@material-ui/core/Zoom",
    "external": true,
    "frontend": 1,
    "namespace": "mui",
    "value_parameter": "event.target.value",
    "parameters": [
      "event"
    ],
    "save_null": true,
    "keywords": [],
    "related_widgets": []
  }
},
{
  "model": "widgets.widget",
  "pk": 37,
  "fields": {
    "code": null,
    "is_multiple_choice": false,
    "primary_language": "en",
    "address": "@material-ui/core/AppBar",
    "external": true,
    "frontend": 1,
    "namespace": "mui",
    "value_parameter": "event.target.value",
    "parameters": [
      "event"
    ],
    "save_null": true,
    "keywords": [],
    "related_widgets": []
  }
},
{
  "model": "widgets.widget",
  "pk": 38,
  "fields": {
    "code": null,
    "is_multiple_choice": false,
    "primary_language": "en",
    "address": "@material-ui/core/CardActions",
    "external": true,
    "frontend": 1,
    "namespace": "mui",
    "value_parameter": "event.target.value",
    "parameters": [
      "event"
    ],
    "save_null": true,
    "keywords": [],
    "related_widgets": []
  }
},
{
  "model": "widgets.widget",
  "pk": 40,
  "fields": {
    "code": null,
    "is_multiple_choice": false,
    "primary_language": "en",
    "address": "@material-ui/core/InputLabel",
    "external": true,
    "frontend": 1,
    "namespace": "mui",
    "value_parameter": "event.target.value",
    "parameters": [
      "event"
    ],
    "save_null": true,
    "keywords": [],
    "related_widgets": []
  }
},
{
  "model": "widgets.widget",
  "pk": 41,
  "fields": {
    "code": null,
    "is_multiple_choice": false,
    "primary_language": "en",
    "address": "@material-ui/core/TableBody",
    "external": true,
    "frontend": 1,
    "namespace": "mui",
    "value_parameter": "event.target.value",
    "parameters": [
      "event"
    ],
    "save_null": true,
    "keywords": [],
    "related_widgets": []
  }
},
{
  "model": "widgets.widget",
  "pk": 45,
  "fields": {
    "code": null,
    "is_multiple_choice": false,
    "primary_language": "en",
    "address": "@material-ui/core/CardHeader",
    "external": true,
    "frontend": 1,
    "namespace": "mui",
    "value_parameter": "event.target.value",
    "parameters": [
      "event"
    ],
    "save_null": true,
    "keywords": [],
    "related_widgets": []
  }
},
{
  "model": "widgets.widget",
  "pk": 46,
  "fields": {
    "code": null,
    "is_multiple_choice": false,
    "primary_language": "en",
    "address": "@material-ui/core/TableFooter",
    "external": true,
    "frontend": 1,
    "namespace": "mui",
    "value_parameter": "event.target.value",
    "parameters": [
      "event"
    ],
    "save_null": true,
    "keywords": [],
    "related_widgets": []
  }
},
{
  "model": "widgets.widget",
  "pk": 47,
  "fields": {
    "code": null,
    "is_multiple_choice": false,
    "primary_language": "en",
    "address": "@material-ui/core/StepButton",
    "external": true,
    "frontend": 1,
    "namespace": "mui",
    "value_parameter": "event.target.value",
    "parameters": [
      "event"
    ],
    "save_null": true,
    "keywords": [],
    "related_widgets": []
  }
},
{
  "model": "widgets.widget",
  "pk": 48,
  "fields": {
    "code": null,
    "is_multiple_choice": false,
    "primary_language": "en",
    "address": "@material-ui/core/SwipeableDrawer",
    "external": true,
    "frontend": 1,
    "namespace": "mui",
    "value_parameter": "event.target.value",
    "parameters": [
      "event"
    ],
    "save_null": true,
    "keywords": [],
    "related_widgets": []
  }
},
{
  "model": "widgets.widget",
  "pk": 49,
  "fields": {
    "code": null,
    "is_multiple_choice": false,
    "primary_language": "en",
    "address": "@material-ui/core/Box",
    "external": true,
    "frontend": 1,
    "namespace": "mui",
    "value_parameter": "event.target.value",
    "parameters": [
      "event"
    ],
    "save_null": true,
    "keywords": [],
    "related_widgets": []
  }
},
{
  "model": "widgets.widget",
  "pk": 51,
  "fields": {
    "code": null,
    "is_multiple_choice": false,
    "primary_language": "en",
    "address": "@material-ui/core/StepContent",
    "external": true,
    "frontend": 1,
    "namespace": "mui",
    "value_parameter": "event.target.value",
    "parameters": [
      "event"
    ],
    "save_null": true,
    "keywords": [],
    "related_widgets": []
  }
},
{
  "model": "widgets.widget",
  "pk": 52,
  "fields": {
    "code": null,
    "is_multiple_choice": false,
    "primary_language": "en",
    "address": "@material-ui/core/Menu",
    "external": true,
    "frontend": 1,
    "namespace": "mui",
    "value_parameter": "event.target.value",
    "parameters": [
      "event"
    ],
    "save_null": true,
    "keywords": [],
    "related_widgets": []
  }
},
{
  "model": "widgets.widget",
  "pk": 54,
  "fields": {
    "code": null,
    "is_multiple_choice": false,
    "primary_language": "en",
    "address": "@material-ui/core/Paper",
    "external": true,
    "frontend": 1,
    "namespace": "mui",
    "value_parameter": "event.target.value",
    "parameters": [
      "event"
    ],
    "save_null": true,
    "keywords": [],
    "related_widgets": []
  }
},
{
  "model": "widgets.widget",
  "pk": 55,
  "fields": {
    "code": null,
    "is_multiple_choice": false,
    "primary_language": "en",
    "address": "@material-ui/core/DialogActions",
    "external": true,
    "frontend": 1,
    "namespace": "mui",
    "value_parameter": "event.target.value",
    "parameters": [
      "event"
    ],
    "save_null": true,
    "keywords": [],
    "related_widgets": []
  }
},
{
  "model": "widgets.widget",
  "pk": 56,
  "fields": {
    "code": null,
    "is_multiple_choice": false,
    "primary_language": "en",
    "address": "@material-ui/core/GridListTileBar",
    "external": true,
    "frontend": 1,
    "namespace": "mui",
    "value_parameter": "event.target.value",
    "parameters": [
      "event"
    ],
    "save_null": true,
    "keywords": [],
    "related_widgets": []
  }
},
{
  "model": "widgets.widget",
  "pk": 57,
  "fields": {
    "code": null,
    "is_multiple_choice": false,
    "primary_language": "en",
    "address": "@material-ui/core/styles/MuiThemeProvider",
    "external": true,
    "frontend": 1,
    "namespace": "mui",
    "value_parameter": "event.target.value",
    "parameters": [
      "event"
    ],
    "save_null": true,
    "keywords": [],
    "related_widgets": []
  }
},
{
  "model": "widgets.widget",
  "pk": 58,
  "fields": {
    "code": "var output='Reply with one of the following to send your response: \\n'; for (i=0; i<choices.length; i++){output = output + choices[i]['value'] + ' for ' + choices[i]['caption'] + '\\n'} output",
    "is_multiple_choice": false,
    "primary_language": "en",
    "address": null,
    "external": false,
    "frontend": 3,
    "namespace": "Widget",
    "value_parameter": "event.target.value",
    "parameters": [
      "event"
    ],
    "save_null": true,
    "keywords": [],
    "related_widgets": []
  }
},
{
  "model": "widgets.widget",
  "pk": 59,
  "fields": {
    "code": null,
    "is_multiple_choice": false,
    "primary_language": "en",
    "address": "@material-ui/core/TableHead",
    "external": true,
    "frontend": 1,
    "namespace": "mui",
    "value_parameter": "event.target.value",
    "parameters": [
      "event"
    ],
    "save_null": true,
    "keywords": [],
    "related_widgets": []
  }
},
{
  "model": "widgets.widget",
  "pk": 60,
  "fields": {
    "code": null,
    "is_multiple_choice": false,
    "primary_language": "en",
    "address": "@material-ui/core/Switch",
    "external": true,
    "frontend": 1,
    "namespace": "mui",
    "value_parameter": "event.target.value",
    "parameters": [
      "event"
    ],
    "save_null": true,
    "keywords": [],
    "related_widgets": []
  }
},
{
  "model": "widgets.widget",
  "pk": 61,
  "fields": {
    "code": null,
    "is_multiple_choice": false,
    "primary_language": "en",
    "address": "@material-ui/core/ListItem",
    "external": true,
    "frontend": 1,
    "namespace": "mui",
    "value_parameter": "event.target.value",
    "parameters": [
      "event"
    ],
    "save_null": true,
    "keywords": [],
    "related_widgets": []
  }
},
{
  "model": "widgets.widget",
  "pk": 62,
  "fields": {
    "code": null,
    "is_multiple_choice": false,
    "primary_language": "en",
    "address": "@material-ui/core/Typography",
    "external": true,
    "frontend": 1,
    "namespace": "mui",
    "value_parameter": "event.target.value",
    "parameters": [
      "event"
    ],
    "save_null": true,
    "keywords": [],
    "related_widgets": []
  }
},
{
  "model": "widgets.widget",
  "pk": 63,
  "fields": {
    "code": null,
    "is_multiple_choice": false,
    "primary_language": "en",
    "address": "@material-ui/core/FormControlLabel",
    "external": true,
    "frontend": 1,
    "namespace": "mui",
    "value_parameter": "event.target.value",
    "parameters": [
      "event"
    ],
    "save_null": true,
    "keywords": [],
    "related_widgets": []
  }
},
{
  "model": "widgets.widget",
  "pk": 64,
  "fields": {
    "code": null,
    "is_multiple_choice": false,
    "primary_language": "en",
    "address": "@material-ui/core/Select",
    "external": true,
    "frontend": 1,
    "namespace": "mui",
    "value_parameter": "event.target.value",
    "parameters": [
      "event"
    ],
    "save_null": true,
    "keywords": [],
    "related_widgets": []
  }
},
{
  "model": "widgets.widget",
  "pk": 65,
  "fields": {
    "code": null,
    "is_multiple_choice": false,
    "primary_language": "en",
    "address": "@material-ui/core/Blog",
    "external": true,
    "frontend": 1,
    "namespace": "mui",
    "value_parameter": "event.target.value",
    "parameters": [
      "event"
    ],
    "save_null": true,
    "keywords": [],
    "related_widgets": []
  }
},
{
  "model": "widgets.widget",
  "pk": 66,
  "fields": {
    "code": "<QrReader\n  style={{ maxWidth: \"300\", width: \"100%\" }}\n  onScan={handleScan}\n  onError={(err) => {console.error(err)}}\n/>",
    "is_multiple_choice": false,
    "primary_language": "en",
    "address": null,
    "external": false,
    "frontend": 1,
    "namespace": "Widget",
    "value_parameter": "data",
    "parameters": [
      "data"
    ],
    "save_null": false,
    "keywords": [],
    "related_widgets": []
  }
},
{
  "model": "widgets.widget",
  "pk": 67,
  "fields": {
    "code": null,
    "is_multiple_choice": false,
    "primary_language": "en",
    "address": "@material-ui/core/InputBase",
    "external": true,
    "frontend": 1,
    "namespace": "mui",
    "value_parameter": "event.target.value",
    "parameters": [
      "event"
    ],
    "save_null": true,
    "keywords": [],
    "related_widgets": []
  }
},
{
  "model": "widgets.widget",
  "pk": 68,
  "fields": {
    "code": null,
    "is_multiple_choice": false,
    "primary_language": "en",
    "address": "@material-ui/core/ExpansionPanelSummary",
    "external": true,
    "frontend": 1,
    "namespace": "mui",
    "value_parameter": "event.target.value",
    "parameters": [
      "event"
    ],
    "save_null": true,
    "keywords": [],
    "related_widgets": []
  }
},
{
  "model": "widgets.widget",
  "pk": 69,
  "fields": {
    "code": null,
    "is_multiple_choice": false,
    "primary_language": "en",
    "address": "@material-ui/core/TableSortLabel",
    "external": true,
    "frontend": 1,
    "namespace": "mui",
    "value_parameter": "event.target.value",
    "parameters": [
      "event"
    ],
    "save_null": true,
    "keywords": [],
    "related_widgets": []
  }
},
{
  "model": "widgets.widget",
  "pk": 70,
  "fields": {
    "code": null,
    "is_multiple_choice": false,
    "primary_language": "en",
    "address": "@material-ui/core/MenuList",
    "external": true,
    "frontend": 1,
    "namespace": "mui",
    "value_parameter": "event.target.value",
    "parameters": [
      "event"
    ],
    "save_null": true,
    "keywords": [],
    "related_widgets": []
  }
},
{
  "model": "widgets.widget",
  "pk": 71,
  "fields": {
    "code": null,
    "is_multiple_choice": false,
    "primary_language": "en",
    "address": "@material-ui/core/ListItemSecondaryAction",
    "external": true,
    "frontend": 1,
    "namespace": "mui",
    "value_parameter": "event.target.value",
    "parameters": [
      "event"
    ],
    "save_null": true,
    "keywords": [],
    "related_widgets": []
  }
},
{
  "model": "widgets.widget",
  "pk": 73,
  "fields": {
    "code": null,
    "is_multiple_choice": false,
    "primary_language": "en",
    "address": "@material-ui/core/BottomNavigationAction",
    "external": true,
    "frontend": 1,
    "namespace": "mui",
    "value_parameter": "event.target.value",
    "parameters": [
      "event"
    ],
    "save_null": true,
    "keywords": [],
    "related_widgets": []
  }
},
{
  "model": "widgets.widget",
  "pk": 74,
  "fields": {
    "code": null,
    "is_multiple_choice": false,
    "primary_language": "en",
    "address": "@material-ui/core/CssBaseline",
    "external": true,
    "frontend": 1,
    "namespace": "mui",
    "value_parameter": "event.target.value",
    "parameters": [
      "event"
    ],
    "save_null": true,
    "keywords": [],
    "related_widgets": []
  }
},
{
  "model": "widgets.widget",
  "pk": 75,
  "fields": {
    "code": null,
    "is_multiple_choice": false,
    "primary_language": "en",
    "address": "@material-ui/core/Modal",
    "external": true,
    "frontend": 1,
    "namespace": "mui",
    "value_parameter": "event.target.value",
    "parameters": [
      "event"
    ],
    "save_null": true,
    "keywords": [],
    "related_widgets": []
  }
},
{
  "model": "widgets.widget",
  "pk": 76,
  "fields": {
    "code": null,
    "is_multiple_choice": false,
    "primary_language": "en",
    "address": "@material-ui/core/SvgIcon",
    "external": true,
    "frontend": 1,
    "namespace": "mui",
    "value_parameter": "event.target.value",
    "parameters": [
      "event"
    ],
    "save_null": true,
    "keywords": [],
    "related_widgets": []
  }
},
{
  "model": "widgets.widget",
  "pk": 77,
  "fields": {
    "code": null,
    "is_multiple_choice": false,
    "primary_language": "en",
    "address": "@material-ui/core/Collapse",
    "external": true,
    "frontend": 1,
    "namespace": "mui",
    "value_parameter": "event.target.value",
    "parameters": [
      "event"
    ],
    "save_null": true,
    "keywords": [],
    "related_widgets": []
  }
},
{
  "model": "widgets.widget",
  "pk": 79,
  "fields": {
    "code": null,
    "is_multiple_choice": false,
    "primary_language": "en",
    "address": "@material-ui/core/TablePagination",
    "external": true,
    "frontend": 1,
    "namespace": "mui",
    "value_parameter": "event.target.value",
    "parameters": [
      "event"
    ],
    "save_null": true,
    "keywords": [],
    "related_widgets": []
  }
},
{
  "model": "widgets.widget",
  "pk": 80,
  "fields": {
    "code": "<div>This is an empty widget</div>",
    "is_multiple_choice": false,
    "primary_language": "en",
    "address": null,
    "external": false,
    "frontend": 1,
    "namespace": "Widget",
    "value_parameter": "event.target.value",
    "parameters": [
      "event"
    ],
    "save_null": true,
    "keywords": [],
    "related_widgets": []
  }
},
{
  "model": "widgets.widget",
  "pk": 81,
  "fields": {
    "code": null,
    "is_multiple_choice": false,
    "primary_language": "en",
    "address": "@material-ui/core/StepLabel",
    "external": true,
    "frontend": 1,
    "namespace": "mui",
    "value_parameter": "event.target.value",
    "parameters": [
      "event"
    ],
    "save_null": true,
    "keywords": [],
    "related_widgets": []
  }
},
{
  "model": "widgets.widget",
  "pk": 82,
  "fields": {
    "code": null,
    "is_multiple_choice": false,
    "primary_language": "en",
    "address": "@material-ui/core/ButtonBase",
    "external": true,
    "frontend": 1,
    "namespace": "mui",
    "value_parameter": "event.target.value",
    "parameters": [
      "event"
    ],
    "save_null": true,
    "keywords": [],
    "related_widgets": []
  }
},
{
  "model": "widgets.widget",
  "pk": 83,
  "fields": {
    "code": "var output='Reply with one of the following to send your response: \\n'; for (i=0; i<choices.length; i++){output = output + choices[i]['value'] + '\\n'} output",
    "is_multiple_choice": false,
    "primary_language": "en",
    "address": null,
    "external": false,
    "frontend": 3,
    "namespace": "Widget",
    "value_parameter": "event.target.value",
    "parameters": [
      "event"
    ],
    "save_null": true,
    "keywords": [],
    "related_widgets": []
  }
},
{
  "model": "widgets.widget",
  "pk": 84,
  "fields": {
    "code": null,
    "is_multiple_choice": false,
    "primary_language": "en",
    "address": "@material-ui/core/IconButton",
    "external": true,
    "frontend": 1,
    "namespace": "mui",
    "value_parameter": "event.target.value",
    "parameters": [
      "event"
    ],
    "save_null": true,
    "keywords": [],
    "related_widgets": []
  }
},
{
  "model": "widgets.widget",
  "pk": 85,
  "fields": {
    "code": null,
    "is_multiple_choice": false,
    "primary_language": "en",
    "address": "@material-ui/core/InputAdornment",
    "external": true,
    "frontend": 1,
    "namespace": "mui",
    "value_parameter": "event.target.value",
    "parameters": [
      "event"
    ],
    "save_null": true,
    "keywords": [],
    "related_widgets": []
  }
},
{
  "model": "widgets.widget",
  "pk": 86,
  "fields": {
    "code": null,
    "is_multiple_choice": false,
    "primary_language": "en",
    "address": "@material-ui/core/Popover",
    "external": true,
    "frontend": 1,
    "namespace": "mui",
    "value_parameter": "event.target.value",
    "parameters": [
      "event"
    ],
    "save_null": true,
    "keywords": [],
    "related_widgets": []
  }
},
{
  "model": "widgets.widget",
  "pk": 88,
  "fields": {
    "code": null,
    "is_multiple_choice": false,
    "primary_language": "en",
    "address": "@material-ui/core/Dialog",
    "external": true,
    "frontend": 1,
    "namespace": "mui",
    "value_parameter": "event.target.value",
    "parameters": [
      "event"
    ],
    "save_null": true,
    "keywords": [],
    "related_widgets": []
  }
},
{
  "model": "widgets.widget",
  "pk": 89,
  "fields": {
    "code": null,
    "is_multiple_choice": false,
    "primary_language": "en",
    "address": "@material-ui/core/Hidden",
    "external": true,
    "frontend": 1,
    "namespace": "mui",
    "value_parameter": "event.target.value",
    "parameters": [
      "event"
    ],
    "save_null": true,
    "keywords": [],
    "related_widgets": []
  }
},
{
  "model": "widgets.widget",
  "pk": 90,
  "fields": {
    "code": null,
    "is_multiple_choice": false,
    "primary_language": "en",
    "address": "@material-ui/core/FormControl",
    "external": true,
    "frontend": 1,
    "namespace": "mui",
    "value_parameter": "event.target.value",
    "parameters": [
      "event"
    ],
    "save_null": true,
    "keywords": [],
    "related_widgets": []
  }
},
{
  "model": "widgets.widget",
  "pk": 91,
  "fields": {
    "code": null,
    "is_multiple_choice": false,
    "primary_language": "en",
    "address": "@material-ui/core/Container",
    "external": true,
    "frontend": 1,
    "namespace": "mui",
    "value_parameter": "event.target.value",
    "parameters": [
      "event"
    ],
    "save_null": true,
    "keywords": [],
    "related_widgets": []
  }
},
{
  "model": "widgets.widget",
  "pk": 92,
  "fields": {
    "code": "''",
    "is_multiple_choice": false,
    "primary_language": "en",
    "address": null,
    "external": false,
    "frontend": 3,
    "namespace": "Widget",
    "value_parameter": "event.target.value",
    "parameters": [
      "event"
    ],
    "save_null": true,
    "keywords": [],
    "related_widgets": []
  }
},
{
  "model": "widgets.widget",
  "pk": 94,
  "fields": {
    "code": null,
    "is_multiple_choice": false,
    "primary_language": "en",
    "address": "@material-ui/core/List",
    "external": true,
    "frontend": 1,
    "namespace": "mui",
    "value_parameter": "event.target.value",
    "parameters": [
      "event"
    ],
    "save_null": true,
    "keywords": [],
    "related_widgets": []
  }
},
{
  "model": "widgets.widget",
  "pk": 95,
  "fields": {
    "code": null,
    "is_multiple_choice": false,
    "primary_language": "en",
    "address": "@material-ui/core/ExpansionPanelDetails",
    "external": true,
    "frontend": 1,
    "namespace": "mui",
    "value_parameter": "event.target.value",
    "parameters": [
      "event"
    ],
    "save_null": true,
    "keywords": [],
    "related_widgets": []
  }
},
{
  "model": "widgets.widget",
  "pk": 96,
  "fields": {
    "code": null,
    "is_multiple_choice": false,
    "primary_language": "en",
    "address": "@material-ui/core/BottomNavigation",
    "external": true,
    "frontend": 1,
    "namespace": "mui",
    "value_parameter": "event.target.value",
    "parameters": [
      "event"
    ],
    "save_null": true,
    "keywords": [],
    "related_widgets": []
  }
},
{
  "model": "widgets.widget",
  "pk": 97,
  "fields": {
    "code": null,
    "is_multiple_choice": false,
    "primary_language": "en",
    "address": "@material-ui/core/StepConnector",
    "external": true,
    "frontend": 1,
    "namespace": "mui",
    "value_parameter": "event.target.value",
    "parameters": [
      "event"
    ],
    "save_null": true,
    "keywords": [],
    "related_widgets": []
  }
},
{
  "model": "widgets.widget",
  "pk": 98,
  "fields": {
    "code": null,
    "is_multiple_choice": false,
    "primary_language": "en",
    "address": "@material-ui/core/TableRow",
    "external": true,
    "frontend": 1,
    "namespace": "mui",
    "value_parameter": "event.target.value",
    "parameters": [
      "event"
    ],
    "save_null": true,
    "keywords": [],
    "related_widgets": []
  }
},
{
  "model": "widgets.widget",
  "pk": 99,
  "fields": {
    "code": null,
    "is_multiple_choice": false,
    "primary_language": "en",
    "address": "@material-ui/core/Card",
    "external": true,
    "frontend": 1,
    "namespace": "mui",
    "value_parameter": "event.target.value",
    "parameters": [
      "event"
    ],
    "save_null": true,
    "keywords": [],
    "related_widgets": []
  }
},
{
  "model": "widgets.widget",
  "pk": 100,
  "fields": {
    "code": null,
    "is_multiple_choice": false,
    "primary_language": "en",
    "address": "@material-ui/core/CardMedia",
    "external": true,
    "frontend": 1,
    "namespace": "mui",
    "value_parameter": "event.target.value",
    "parameters": [
      "event"
    ],
    "save_null": true,
    "keywords": [],
    "related_widgets": []
  }
},
{
  "model": "widgets.widget",
  "pk": 102,
  "fields": {
    "code": null,
    "is_multiple_choice": false,
    "primary_language": "en",
    "address": "@material-ui/core/MobileStepper",
    "external": true,
    "frontend": 1,
    "namespace": "mui",
    "value_parameter": "event.target.value",
    "parameters": [
      "event"
    ],
    "save_null": true,
    "keywords": [],
    "related_widgets": []
  }
},
{
  "model": "widgets.widget",
  "pk": 103,
  "fields": {
    "code": null,
    "is_multiple_choice": false,
    "primary_language": "en",
    "address": "@material-ui/core/Radio",
    "external": true,
    "frontend": 1,
    "namespace": "mui",
    "value_parameter": "event.target.value",
    "parameters": [
      "event"
    ],
    "save_null": true,
    "keywords": [],
    "related_widgets": []
  }
},
{
  "model": "widgets.widget",
  "pk": 104,
  "fields": {
    "code": "String('Reply to send your response. \\n')",
    "is_multiple_choice": false,
    "primary_language": "en",
    "address": null,
    "external": false,
    "frontend": 3,
    "namespace": "Widget",
    "value_parameter": "event.target.value",
    "parameters": [
      "event"
    ],
    "save_null": true,
    "keywords": [],
    "related_widgets": []
  }
},
{
  "model": "widgets.widget",
  "pk": 105,
  "fields": {
    "code": null,
    "is_multiple_choice": false,
    "primary_language": "en",
    "address": "@material-ui/core/ListItemIcon",
    "external": true,
    "frontend": 1,
    "namespace": "mui",
    "value_parameter": "event.target.value",
    "parameters": [
      "event"
    ],
    "save_null": true,
    "keywords": [],
    "related_widgets": []
  }
},
{
  "model": "widgets.widget",
  "pk": 106,
  "fields": {
    "code": null,
    "is_multiple_choice": false,
    "primary_language": "en",
    "address": "@material-ui/core/Divider",
    "external": true,
    "frontend": 1,
    "namespace": "mui",
    "value_parameter": "event.target.value",
    "parameters": [
      "event"
    ],
    "save_null": true,
    "keywords": [],
    "related_widgets": []
  }
},
{
  "model": "widgets.widget",
  "pk": 107,
  "fields": {
    "code": null,
    "is_multiple_choice": false,
    "primary_language": "en",
    "address": "@material-ui/core/MenuItem",
    "external": true,
    "frontend": 1,
    "namespace": "mui",
    "value_parameter": "event.target.value",
    "parameters": [
      "event"
    ],
    "save_null": true,
    "keywords": [],
    "related_widgets": []
  }
},
{
  "model": "widgets.widget",
  "pk": 108,
  "fields": {
    "code": null,
    "is_multiple_choice": false,
    "primary_language": "en",
    "address": "@material-ui/core/CircularProgress",
    "external": true,
    "frontend": 1,
    "namespace": "mui",
    "value_parameter": "event.target.value",
    "parameters": [
      "event"
    ],
    "save_null": true,
    "keywords": [],
    "related_widgets": []
  }
},
{
  "model": "widgets.widget",
  "pk": 109,
  "fields": {
    "code": null,
    "is_multiple_choice": false,
    "primary_language": "en",
    "address": "@material-ui/core/Button",
    "external": true,
    "frontend": 1,
    "namespace": "mui",
    "value_parameter": "event.target.value",
    "parameters": [
      "event"
    ],
    "save_null": true,
    "keywords": [],
    "related_widgets": []
  }
},
{
  "model": "widgets.widget",
  "pk": 110,
  "fields": {
    "code": null,
    "is_multiple_choice": false,
    "primary_language": "en",
    "address": "@material-ui/core/ExpansionPanelActions",
    "external": true,
    "frontend": 1,
    "namespace": "mui",
    "value_parameter": "event.target.value",
    "parameters": [
      "event"
    ],
    "save_null": true,
    "keywords": [],
    "related_widgets": []
  }
},
{
  "model": "widgets.widget",
  "pk": 111,
  "fields": {
    "code": "String('')",
    "is_multiple_choice": false,
    "primary_language": "en",
    "address": null,
    "external": false,
    "frontend": 3,
    "namespace": "Widget",
    "value_parameter": "event.target.value",
    "parameters": [
      "event"
    ],
    "save_null": true,
    "keywords": [],
    "related_widgets": []
  }
},
{
  "model": "widgets.widget",
  "pk": 112,
  "fields": {
    "code": null,
    "is_multiple_choice": false,
    "primary_language": "en",
    "address": "@material-ui/core/FormGroup",
    "external": true,
    "frontend": 1,
    "namespace": "mui",
    "value_parameter": "event.target.value",
    "parameters": [
      "event"
    ],
    "save_null": true,
    "keywords": [],
    "related_widgets": []
  }
},
{
  "model": "widgets.widget",
  "pk": 114,
  "fields": {
    "code": null,
    "is_multiple_choice": false,
    "primary_language": "en",
    "address": "@material-ui/core/ButtonBase/TouchRipple",
    "external": true,
    "frontend": 1,
    "namespace": "mui",
    "value_parameter": "event.target.value",
    "parameters": [
      "event"
    ],
    "save_null": true,
    "keywords": [],
    "related_widgets": []
  }
},
{
  "model": "widgets.widget",
  "pk": 115,
  "fields": {
    "code": null,
    "is_multiple_choice": false,
    "primary_language": "en",
    "address": "@material-ui/core/CardActionArea",
    "external": true,
    "frontend": 1,
    "namespace": "mui",
    "value_parameter": "event.target.value",
    "parameters": [
      "event"
    ],
    "save_null": true,
    "keywords": [],
    "related_widgets": []
  }
},
{
  "model": "widgets.widget",
  "pk": 116,
  "fields": {
    "code": "String('Reply with text to send your response. \\n')",
    "is_multiple_choice": false,
    "primary_language": "en",
    "address": null,
    "external": false,
    "frontend": 3,
    "namespace": "Widget",
    "value_parameter": "event.target.value",
    "parameters": [
      "event"
    ],
    "save_null": true,
    "keywords": [],
    "related_widgets": []
  }
},
{
  "model": "widgets.widget",
  "pk": 117,
  "fields": {
    "code": null,
    "is_multiple_choice": false,
    "primary_language": "en",
    "address": "@material-ui/core/Portal",
    "external": true,
    "frontend": 1,
    "namespace": "mui",
    "value_parameter": "event.target.value",
    "parameters": [
      "event"
    ],
    "save_null": true,
    "keywords": [],
    "related_widgets": []
  }
},
{
  "model": "widgets.widget",
  "pk": 118,
  "fields": {
    "code": null,
    "is_multiple_choice": false,
    "primary_language": "en",
    "address": "@material-ui/core/DialogTitle",
    "external": true,
    "frontend": 1,
    "namespace": "mui",
    "value_parameter": "event.target.value",
    "parameters": [
      "event"
    ],
    "save_null": true,
    "keywords": [],
    "related_widgets": []
  }
},
{
  "model": "widgets.widget",
  "pk": 119,
  "fields": {
    "code": null,
    "is_multiple_choice": false,
    "primary_language": "en",
    "address": "@material-ui/core/OutlinedInput",
    "external": true,
    "frontend": 1,
    "namespace": "mui",
    "value_parameter": "event.target.value",
    "parameters": [
      "event"
    ],
    "save_null": true,
    "keywords": [],
    "related_widgets": []
  }
},
{
  "model": "widgets.widget",
  "pk": 120,
  "fields": {
    "code": null,
    "is_multiple_choice": false,
    "primary_language": "en",
    "address": "@material-ui/core/LinearProgress",
    "external": true,
    "frontend": 1,
    "namespace": "mui",
    "value_parameter": "event.target.value",
    "parameters": [
      "event"
    ],
    "save_null": true,
    "keywords": [],
    "related_widgets": []
  }
},
{
  "model": "widgets.widget",
  "pk": 121,
  "fields": {
    "code": null,
    "is_multiple_choice": false,
    "primary_language": "en",
    "address": "@material-ui/core/Stepper",
    "external": true,
    "frontend": 1,
    "namespace": "mui",
    "value_parameter": "event.target.value",
    "parameters": [
      "event"
    ],
    "save_null": true,
    "keywords": [],
    "related_widgets": []
  }
},
{
  "model": "widgets.widget",
  "pk": 122,
  "fields": {
    "code": null,
    "is_multiple_choice": false,
    "primary_language": "en",
    "address": "@material-ui/core/FilledInput",
    "external": true,
    "frontend": 1,
    "namespace": "mui",
    "value_parameter": "event.target.value",
    "parameters": [
      "event"
    ],
    "save_null": true,
    "keywords": [],
    "related_widgets": []
  }
},
{
  "model": "widgets.widget",
  "pk": 125,
  "fields": {
    "code": null,
    "is_multiple_choice": false,
    "primary_language": "en",
    "address": "@material-ui/core/Toolbar",
    "external": true,
    "frontend": 1,
    "namespace": "mui",
    "value_parameter": "event.target.value",
    "parameters": [
      "event"
    ],
    "save_null": true,
    "keywords": [],
    "related_widgets": []
  }
},
{
  "model": "widgets.widget",
  "pk": 126,
  "fields": {
    "code": null,
    "is_multiple_choice": false,
    "primary_language": "en",
    "address": "@material-ui/core/RootRef",
    "external": true,
    "frontend": 1,
    "namespace": "mui",
    "value_parameter": "event.target.value",
    "parameters": [
      "event"
    ],
    "save_null": true,
    "keywords": [],
    "related_widgets": []
  }
},
{
  "model": "widgets.widget",
  "pk": 127,
  "fields": {
    "code": null,
    "is_multiple_choice": false,
    "primary_language": "en",
    "address": "@material-ui/core/DialogContentText",
    "external": true,
    "frontend": 1,
    "namespace": "mui",
    "value_parameter": "event.target.value",
    "parameters": [
      "event"
    ],
    "save_null": true,
    "keywords": [],
    "related_widgets": []
  }
},
{
  "model": "widgets.widget",
  "pk": 128,
  "fields": {
    "code": null,
    "is_multiple_choice": false,
    "primary_language": "en",
    "address": "@material-ui/core/GridList",
    "external": true,
    "frontend": 1,
    "namespace": "mui",
    "value_parameter": "event.target.value",
    "parameters": [
      "event"
    ],
    "save_null": true,
    "keywords": [],
    "related_widgets": []
  }
},
{
  "model": "widgets.widget",
  "pk": 129,
  "fields": {
    "code": null,
    "is_multiple_choice": false,
    "primary_language": "en",
    "address": "@material-ui/core/Slider",
    "external": true,
    "frontend": 1,
    "namespace": "mui",
    "value_parameter": "event.target.value",
    "parameters": [
      "event"
    ],
    "save_null": true,
    "keywords": [],
    "related_widgets": []
  }
},
{
  "model": "widgets.widget",
  "pk": 130,
  "fields": {
    "code": null,
    "is_multiple_choice": false,
    "primary_language": "en",
    "address": "@material-ui/core/Avatar",
    "external": true,
    "frontend": 1,
    "namespace": "mui",
    "value_parameter": "event.target.value",
    "parameters": [
      "event"
    ],
    "save_null": true,
    "keywords": [],
    "related_widgets": []
  }
},
{
  "model": "widgets.widget",
  "pk": 131,
  "fields": {
    "code": null,
    "is_multiple_choice": false,
    "primary_language": "en",
    "address": "@material-ui/core/Tab",
    "external": true,
    "frontend": 1,
    "namespace": "mui",
    "value_parameter": "event.target.value",
    "parameters": [
      "event"
    ],
    "save_null": true,
    "keywords": [],
    "related_widgets": []
  }
},
{
  "model": "widgets.widget",
  "pk": 133,
  "fields": {
    "code": null,
    "is_multiple_choice": false,
    "primary_language": "en",
    "address": "@material-ui/core/Snackbar",
    "external": true,
    "frontend": 1,
    "namespace": "mui",
    "value_parameter": "event.target.value",
    "parameters": [
      "event"
    ],
    "save_null": true,
    "keywords": [],
    "related_widgets": []
  }
},
{
  "model": "widgets.widget",
  "pk": 134,
  "fields": {
    "code": null,
    "is_multiple_choice": false,
    "primary_language": "en",
    "address": "@material-ui/core/SnackbarContent",
    "external": true,
    "frontend": 1,
    "namespace": "mui",
    "value_parameter": "event.target.value",
    "parameters": [
      "event"
    ],
    "save_null": true,
    "keywords": [],
    "related_widgets": []
  }
},
{
  "model": "widgets.widget",
  "pk": 135,
  "fields": {
    "code": null,
    "is_multiple_choice": false,
    "primary_language": "en",
    "address": "@material-ui/core/Tabs",
    "external": true,
    "frontend": 1,
    "namespace": "mui",
    "value_parameter": "event.target.value",
    "parameters": [
      "event"
    ],
    "save_null": true,
    "keywords": [],
    "related_widgets": []
  }
},
{
  "model": "widgets.widget",
  "pk": 136,
  "fields": {
    "code": null,
    "is_multiple_choice": false,
    "primary_language": "en",
    "address": "@material-ui/core/ListItemAvatar",
    "external": true,
    "frontend": 1,
    "namespace": "mui",
    "value_parameter": "event.target.value",
    "parameters": [
      "event"
    ],
    "save_null": true,
    "keywords": [],
    "related_widgets": []
  }
},
{
  "model": "widgets.widget",
  "pk": 137,
  "fields": {
    "code": "<Button id={id} color={color} variant={variant} type=\"submit\">{children || \"Save & Continue\"}</Button>",
    "is_multiple_choice": false,
    "primary_language": "en",
    "address": null,
    "external": false,
    "frontend": 1,
    "namespace": "Widget",
    "value_parameter": "event.target.value",
    "parameters": [
      "event"
    ],
    "save_null": true,
    "keywords": [],
    "related_widgets": []
  }
},
{
  "model": "widgets.widget",
  "pk": 139,
  "fields": {
    "code": "{choices ? <FormControl component=\"fieldset\">\n    <RadioGroup\n   \n        row={row}\n       onChange={handleChange}       \n       id={id}\n>\n        {choices.map((choice, index) => \n            <FormControlLabel\n                key={index}\n                control={\n                    <Radio\n     name={name}  id={gqlId + '-radio' + String(index)}\n                       name={name}\n                       value={choice.value}\n                        checked={\n                            (value == null) ? \n                                (defaultValue != null) ?\n                                    defaultValue == choice.value :\n                                false :\n                              value == choice.value }\n                              onClick = {(e) => {setValue(e.target.value)}}\n                        disabled={disabled} /> }\n                label=<span className=\"widget-choice\">{choice.caption}</span>\n            />)}\n    </RadioGroup>\n  </FormControl> : <div>Warning: RadioButtons widget needs choices</div>}",
    "is_multiple_choice": false,
    "primary_language": "en",
    "address": null,
    "external": false,
    "frontend": 1,
    "namespace": "Widget",
    "value_parameter": "event.target.value",
    "parameters": [
      "event"
    ],
    "save_null": true,
    "keywords": [],
    "related_widgets": []
  }
},
{
  "model": "widgets.widget",
  "pk": 140,
  "fields": {
    "code": null,
    "is_multiple_choice": false,
    "primary_language": "en",
    "address": "@material-ui/core/Input",
    "external": true,
    "frontend": 1,
    "namespace": "mui",
    "value_parameter": "event.target.value",
    "parameters": [
      "event"
    ],
    "save_null": true,
    "keywords": [],
    "related_widgets": []
  }
},
{
  "model": "widgets.widget",
  "pk": 141,
  "fields": {
    "code": null,
    "is_multiple_choice": false,
    "primary_language": "en",
    "address": "@material-ui/core/Checkbox",
    "external": true,
    "frontend": 1,
    "namespace": "mui",
    "value_parameter": "event.target.value",
    "parameters": [
      "event"
    ],
    "save_null": true,
    "keywords": [],
    "related_widgets": []
  }
},
{
  "model": "widgets.widget",
  "pk": 142,
  "fields": {
    "code": null,
    "is_multiple_choice": false,
    "primary_language": "en",
    "address": "@material-ui/core/TableCell",
    "external": true,
    "frontend": 1,
    "namespace": "mui",
    "value_parameter": "event.target.value",
    "parameters": [
      "event"
    ],
    "save_null": true,
    "keywords": [],
    "related_widgets": []
  }
},
{
  "model": "widgets.widget",
  "pk": 143,
  "fields": {
    "code": null,
    "is_multiple_choice": false,
    "primary_language": "en",
    "address": "@material-ui/core/Drawer",
    "external": true,
    "frontend": 1,
    "namespace": "mui",
    "value_parameter": "event.target.value",
    "parameters": [
      "event"
    ],
    "save_null": true,
    "keywords": [],
    "related_widgets": []
  }
},
{
  "model": "widgets.widget",
  "pk": 144,
  "fields": {
    "code": null,
    "is_multiple_choice": false,
    "primary_language": "en",
    "address": "@material-ui/core/NoSsr",
    "external": true,
    "frontend": 1,
    "namespace": "mui",
    "value_parameter": "event.target.value",
    "parameters": [
      "event"
    ],
    "save_null": true,
    "keywords": [],
    "related_widgets": []
  }
},
{
  "model": "widgets.widget",
  "pk": 145,
  "fields": {
    "code": null,
    "is_multiple_choice": false,
    "primary_language": "en",
    "address": "@material-ui/core/Slide",
    "external": true,
    "frontend": 1,
    "namespace": "mui",
    "value_parameter": "event.target.value",
    "parameters": [
      "event"
    ],
    "save_null": true,
    "keywords": [],
    "related_widgets": []
  }
},
{
  "model": "widgets.widget",
  "pk": 146,
  "fields": {
    "code": null,
    "is_multiple_choice": false,
    "primary_language": "en",
    "address": "@material-ui/core/FormLabel",
    "external": true,
    "frontend": 1,
    "namespace": "mui",
    "value_parameter": "event.target.value",
    "parameters": [
      "event"
    ],
    "save_null": true,
    "keywords": [],
    "related_widgets": []
  }
},
{
  "model": "widgets.widget",
  "pk": 147,
  "fields": {
    "code": null,
    "is_multiple_choice": false,
    "primary_language": "en",
    "address": "@material-ui/core/NativeSelect",
    "external": true,
    "frontend": 1,
    "namespace": "mui",
    "value_parameter": "event.target.value",
    "parameters": [
      "event"
    ],
    "save_null": true,
    "keywords": [],
    "related_widgets": []
  }
},
{
  "model": "widgets.widget",
  "pk": 148,
  "fields": {
    "code": null,
    "is_multiple_choice": false,
    "primary_language": "en",
    "address": "@material-ui/core/Fade",
    "external": true,
    "frontend": 1,
    "namespace": "mui",
    "value_parameter": "event.target.value",
    "parameters": [
      "event"
    ],
    "save_null": true,
    "keywords": [],
    "related_widgets": []
  }
},
{
  "model": "widgets.widget",
  "pk": 149,
  "fields": {
    "code": null,
    "is_multiple_choice": false,
    "primary_language": "en",
    "address": "@material-ui/core/FormHelperText",
    "external": true,
    "frontend": 1,
    "namespace": "mui",
    "value_parameter": "event.target.value",
    "parameters": [
      "event"
    ],
    "save_null": true,
    "keywords": [],
    "related_widgets": []
  }
},
{
  "model": "widgets.widget",
  "pk": 150,
  "fields": {
    "code": null,
    "is_multiple_choice": false,
    "primary_language": "en",
    "address": "@material-ui/core/Popper",
    "external": true,
    "frontend": 1,
    "namespace": "mui",
    "value_parameter": "event.target.value",
    "parameters": [
      "event"
    ],
    "save_null": true,
    "keywords": [],
    "related_widgets": []
  }
},
{
  "model": "widgets.widget",
  "pk": 153,
  "fields": {
    "code": "<Box py={2}>\n<TextField variant='outlined' fullWidth multiline rows={3} rowsMax={6} label={label} defaultValue={defaultValue} onChange={handleChange} onBlur={handleBlur}/>\n</Box>",
    "is_multiple_choice": false,
    "primary_language": "en",
    "address": null,
    "external": false,
    "frontend": 1,
    "namespace": "Widget",
    "value_parameter": "event.target.value",
    "parameters": [
      "event"
    ],
    "save_null": true,
    "keywords": [],
    "related_widgets": []
  }
},
{
  "model": "widgets.widget",
  "pk": 155,
  "fields": {
    "code": "<Container maxWidth=\"lg\">\n  <Box mx=\"auto\" width=\"50%\">\n    <Typography>\n      {helperText}\n    </Typography>\n    <QR maxWidth=\"4000\" width=\"100%\" onScan={handleScan} />\n    {OptionalInput ? <OptionalInput defaultValue={defaultValue} /> : \"\" }\n  </Box>\n</Container>",
    "is_multiple_choice": false,
    "primary_language": "en",
    "address": null,
    "external": false,
    "frontend": 1,
    "namespace": "Widget",
    "value_parameter": "data",
    "parameters": [
      "data"
    ],
    "save_null": false,
    "keywords": [],
    "related_widgets": []
  }
},
{
  "model": "widgets.widget",
  "pk": 157,
  "fields": {
    "code": "<Button className=\"close-dialog\" color='primary' variant='contained' onClick={handleClick} fullWidth={fullWidth} >{children != null ? children : \"Continue\"}</Button>",
    "is_multiple_choice": false,
    "primary_language": "en",
    "address": null,
    "external": false,
    "frontend": 1,
    "namespace": "Widget",
    "value_parameter": "event.target.value",
    "parameters": [
      "event"
    ],
    "save_null": true,
    "keywords": [],
    "related_widgets": []
  }
},
{
  "model": "widgets.widget",
  "pk": 159,
  "fields": {
    "code": "<Slider {...props}/>",
    "is_multiple_choice": false,
    "primary_language": "en",
    "address": null,
    "external": false,
    "frontend": 1,
    "namespace": "Widget",
    "value_parameter": "value",
    "parameters": [
      "event",
      "value"
    ],
    "save_null": true,
    "keywords": [],
    "related_widgets": []
  }
},
{
  "model": "widgets.widget",
  "pk": 160,
  "fields": {
    "code": "<Button disabled={autoDisable || disabled} onClick={handleClick} variant={variant || \"contained\"} color={color}>{autoDisable ? \"Loading\" : children}\n</Button>",
    "is_multiple_choice": false,
    "primary_language": "en",
    "address": null,
    "external": false,
    "frontend": 1,
    "namespace": "Widget",
    "value_parameter": "event.target.value",
    "parameters": [
      "event"
    ],
    "save_null": true,
    "keywords": [],
    "related_widgets": []
  }
},
{
  "model": "widgets.widget",
  "pk": 161,
  "fields": {
    "code": "{choices ? \n  <React.Fragment>\n    <Typography>{helperText}</Typography>\n    <RadioButtons\n      \n      name={name}\n      row={true}\n      onChange={handleChange}\n      id={id}\n      choices={JSON.stringify(choices)}\n      defaultValue={value}\n      gqlId={gqlId}\n      />\n  </React.Fragment> :\n  <div>Warning: RadioButtons widget needs choices</div>\n}",
    "is_multiple_choice": false,
    "primary_language": "en",
    "address": null,
    "external": false,
    "frontend": 1,
    "namespace": "Widget",
    "value_parameter": "event.target.value",
    "parameters": [
      "event"
    ],
    "save_null": true,
    "keywords": [],
    "related_widgets": []
  }
},
{
  "model": "widgets.widget",
  "pk": 162,
  "fields": {
    "code": "<TextField label={label} defaultValue={defaultValue} onChange={handleChange} onFocus={handleFocus} onBlur={handleBlur} type=\"number\" error={error}/>",
    "is_multiple_choice": false,
    "primary_language": "en",
    "address": null,
    "external": false,
    "frontend": 1,
    "namespace": "Widget",
    "value_parameter": "event.target.value",
    "parameters": [
      "event"
    ],
    "save_null": true,
    "keywords": [],
    "related_widgets": []
  }
},
{
  "model": "widgets.widget",
  "pk": 163,
  "fields": {
    "code": "<MenuItem innerRef={ref} {...props} />",
    "is_multiple_choice": false,
    "primary_language": "en",
    "address": null,
    "external": false,
    "frontend": 1,
    "namespace": "Widget",
    "value_parameter": "event.target.value",
    "parameters": [
      "event"
    ],
    "save_null": true,
    "keywords": [],
    "related_widgets": []
  }
},
{
  "model": "widgets.widget",
  "pk": 164,
  "fields": {
    "code": "<Grid container>\n  <Grid item xs={12} md={6}>\n    <FormHorizontalRadioButtons helperText={helperText} name={name} id={id} choices={JSON.stringify(choices)} />\n  </Grid>\n  <Grid item xs={12} md={6}>\n    <img src={imageUrl} height={imageHeight} width={imageWidth} />\n  </Grid>\n</Grid>",
    "is_multiple_choice": false,
    "primary_language": "en",
    "address": null,
    "external": false,
    "frontend": 1,
    "namespace": "Widget",
    "value_parameter": "event.target.value",
    "parameters": [
      "event"
    ],
    "save_null": true,
    "keywords": [],
    "related_widgets": []
  }
},
{
  "model": "widgets.widget",
  "pk": 165,
  "fields": {
    "code": "<Input defaultValue={defaultValue} onChange={handleChange} onBlur={handleBlur} onKeyDown={handleKeyDown} />",
    "is_multiple_choice": false,
    "primary_language": "en",
    "address": null,
    "external": false,
    "frontend": 1,
    "namespace": "Widget",
    "value_parameter": "event.target.value",
    "parameters": [
      "event"
    ],
    "save_null": true,
    "keywords": [],
    "related_widgets": []
  }
},
{
  "model": "widgets.widget",
  "pk": 166,
  "fields": {
    "code": "{choices ? choices.map((choice, index) => <React.Fragment key={index}><Button id={'button-' + index}>{choice.caption || choice.value}</Button><Divider /></React.Fragment>) : 'WebMultipleChoiceWidget needs choices in order to render.'}",
    "is_multiple_choice": false,
    "primary_language": "en",
    "address": null,
    "external": false,
    "frontend": 1,
    "namespace": "Widget",
    "value_parameter": "event.target.value",
    "parameters": [
      "event"
    ],
    "save_null": true,
    "keywords": [],
    "related_widgets": []
  }
},
{
  "model": "widgets.widget",
  "pk": 167,
  "fields": {
    "code": "{(!isGeolocationAvailable) ?\n<Typography variant=\"body1\">Your browser does not support Geolocation</Typography> : coords ? \n<Table >\n    <TableHead>\n        <TableRow>\n            <TableCell align=\"left\"><b>Name</b></TableCell>\n            <TableCell align=\"left\"><b>Value</b></TableCell>\n        </TableRow>\n    </TableHead>\n    <TableBody>\n        <TableRow>\n            <TableCell align=\"left\">Latitude</TableCell>\n            <TableCell align=\"left\">{coords.latitude}</TableCell>\n        </TableRow>\n        <TableRow>\n            <TableCell align=\"left\">Longitude</TableCell>\n            <TableCell align=\"left\">{coords.longitude}</TableCell>\n        </TableRow>\n        <TableRow>\n            <TableCell align=\"left\">Altitude</TableCell>\n            <TableCell align=\"left\">{coords.altitude ? coords.altitude : \"N/A\"}</TableCell>\n        </TableRow>\n        <TableRow>\n            <TableCell align=\"left\">Heading</TableCell>\n            <TableCell align=\"left\">{coords.heading ? coords.heading : \"N/A\"}</TableCell>\n        </TableRow>\n        <TableRow>\n            <TableCell align=\"left\">Speed</TableCell>\n            <TableCell align=\"left\">{coords.speed ? coords.speed : \"N/A\"}</TableCell>\n        </TableRow>\n    </TableBody>\n</Table> :\n<Typography variant='body1'>{location.protocol == 'https' ? \"Getting the location data&hellip;\" : \"GPS tracking can only be used on  secured connections\"} </Typography> }",
    "is_multiple_choice": false,
    "primary_language": "en",
    "address": null,
    "external": false,
    "frontend": 1,
    "namespace": "Widget",
    "value_parameter": "event.target.value",
    "parameters": [
      "event"
    ],
    "save_null": true,
    "keywords": [],
    "related_widgets": []
  }
},
{
  "model": "widgets.widget",
  "pk": 168,
  "fields": {
    "code": "<WebIntWidget defaultValue={defaultValue} onChange={handleChange} onBlur={handleBlur} onFocus={handleFocus} />",
    "is_multiple_choice": false,
    "primary_language": "en",
    "address": null,
    "external": false,
    "frontend": 1,
    "namespace": "Widget",
    "value_parameter": "event.target.value",
    "parameters": [
      "event"
    ],
    "save_null": true,
    "keywords": [],
    "related_widgets": []
  }
},
{
  "model": "widgets.widget",
  "pk": 170,
  "fields": {
    "code": "{useLocation ? (() => {const RenderGeolocation = geolocated({watchPosition: true})(BaseGeolocation); return <RenderGeolocation /> })(): <span className=\"geolocation-helper-text\">Please click the button below to allow tracking</span>}\n<br/><br/>\n<Button className=\"geolocation-tracking-toggle\" variant=\"contained\" color=\"primary\" onClick={handleButtonClick}>{useLocation ? \"Stop Tracking\" : \"Allow Tracking\"}</Button>",
    "is_multiple_choice": false,
    "primary_language": "en",
    "address": null,
    "external": false,
    "frontend": 1,
    "namespace": "Widget",
    "value_parameter": "event.target.value",
    "parameters": [
      "event"
    ],
    "save_null": true,
    "keywords": [],
    "related_widgets": []
  }
},
{
  "model": "widgets.widget",
  "pk": 171,
  "fields": {
    "code": "<Dialog open={close ? false : open}>\n{children||null}\n{\n    (() => {\n        if (closeWidget){\n            const CloseWidget = closeWidget;\n            return <CloseWidget\n                        closeDialog={() => {setClose(true)}}\n                    />\n        }\n        else {\n            return <DialogCloser closeDialog={() => {setClose(true)}}\n            />\n        }\n    })()\n}\n<br/>\n</Dialog>",
    "is_multiple_choice": false,
    "primary_language": "en",
    "address": null,
    "external": false,
    "frontend": 1,
    "namespace": "Widget",
    "value_parameter": "event.target.value",
    "parameters": [
      "event"
    ],
    "save_null": true,
    "keywords": [],
    "related_widgets": []
  }
},
{
  "model": "widgets.widget",
  "pk": 172,
  "fields": {
    "code": "{choices ?\n<FormControl>\n  <InputLabel id={labelId}>{label}</InputLabel>\n  <Select \n    displayEmpty\n    value= {\n    stateValue == null ? \n        defaultValue != null  ?\n        defaultValue :\n        \"\":\n    stateValue} \n    disabled={disabled}\n    labelWidth={labelWidth}\n    id={id}\n    labelId={labelId}\n    onChange={handleChange}\n    onClick={handleClick}\n    name={name}\n  \n  >\n    <CustomMenuItem value=\"\">\n      <em>Click to Select</em>\n    </CustomMenuItem>\n    {choices.map((choice, index) => <CustomMenuItem className=\"dropdown-choice\" key={index} value={choice.value} id={index} > \n      {choice.caption}\n    </CustomMenuItem>)}\n  </Select>\n  <FormHelperText>{helperText}</FormHelperText>\n</FormControl>:  <div>Warning: Dropdown widget needs choices</div>}",
    "is_multiple_choice": false,
    "primary_language": "en",
    "address": null,
    "external": false,
    "frontend": 1,
    "namespace": "Widget",
    "value_parameter": "event.target.value",
    "parameters": [
      "event"
    ],
    "save_null": true,
    "keywords": [],
    "related_widgets": []
  }
},
{
  "model": "widgets.widget",
  "pk": 173,
  "fields": {
    "code": "<Button variant=\"contained\" id={props.id} color={props.color || 'primary'} disabled={props.disabled} {...props} onClick={ handleClick }>{props.children || \"Next\"}</Button>",
    "is_multiple_choice": false,
    "primary_language": "en",
    "address": null,
    "external": false,
    "frontend": 1,
    "namespace": "Widget",
    "value_parameter": "event.target.value",
    "parameters": [
      "event"
    ],
    "save_null": true,
    "keywords": [],
    "related_widgets": []
  }
},
{
  "model": "widgets.widget",
  "pk": 174,
  "fields": {
    "code": "<Input {...props} />",
    "is_multiple_choice": false,
    "primary_language": "en",
    "address": null,
    "external": false,
    "frontend": 1,
    "namespace": "Widget",
    "value_parameter": "event.target.value",
    "parameters": [
      "event"
    ],
    "save_null": true,
    "keywords": [],
    "related_widgets": []
  }
},
{
  "model": "widgets.widget",
  "pk": 175,
  "fields": {
    "code": "<Button id={id} variant=\"contained\" color={props.color || \"secondary\"} disabled={props.disabled} onClick={handleClick}>{children || \"Back\"}</Button>",
    "is_multiple_choice": false,
    "primary_language": "en",
    "address": null,
    "external": false,
    "frontend": 1,
    "namespace": "Widget",
    "value_parameter": "event.target.value",
    "parameters": [
      "event"
    ],
    "save_null": true,
    "keywords": [],
    "related_widgets": []
  }
},
{
  "model": "widgets.widget",
  "pk": 176,
  "fields": {
    "code": "{choices ? \n  <React.Fragment>\n    <Typography>{helperText}</Typography>\n    <Dropdown\n      \n      name={name}\n      id={id}\n      choices={JSON.stringify(choices)}\n      defaultValue={value}\n      disabled={disabled}\n      onChange={handleChange}\n      gqlId={gqlId}\n      />\n  </React.Fragment> :\n  <div>Warning: RadioButtons widget needs choices</div>\n}",
    "is_multiple_choice": false,
    "primary_language": "en",
    "address": null,
    "external": false,
    "frontend": 1,
    "namespace": "Widget",
    "value_parameter": "event.target.value",
    "parameters": [
      "event"
    ],
    "save_null": true,
    "keywords": [],
    "related_widgets": []
  }
},
{
  "model": "widgets.widgetconnection",
  "pk": 1,
  "fields": {
    "created": "2020-04-23T16:27:35.688Z",
    "modified": "2020-04-23T16:27:35.688Z",
    "name": "QrReader",
    "comment": null,
    "originator": 66,
    "target": 28
  }
},
{
  "model": "widgets.widgetconnection",
  "pk": 9,
  "fields": {
    "created": "2020-04-23T16:27:37.455Z",
    "modified": "2020-04-23T16:27:37.455Z",
    "name": "Button",
    "comment": null,
    "originator": 137,
    "target": 109
  }
},
{
  "model": "widgets.widgetconnection",
  "pk": 10,
  "fields": {
    "created": "2020-04-23T16:27:37.528Z",
    "modified": "2020-04-23T16:27:37.528Z",
    "name": "Radio",
    "comment": null,
    "originator": 139,
    "target": 103
  }
},
{
  "model": "widgets.widgetconnection",
  "pk": 11,
  "fields": {
    "created": "2020-04-23T16:27:37.535Z",
    "modified": "2020-04-23T16:27:37.535Z",
    "name": "FormControlLabel",
    "comment": null,
    "originator": 139,
    "target": 63
  }
},
{
  "model": "widgets.widgetconnection",
  "pk": 12,
  "fields": {
    "created": "2020-04-23T16:27:37.542Z",
    "modified": "2020-04-23T16:27:37.542Z",
    "name": "RadioGroup",
    "comment": null,
    "originator": 139,
    "target": 27
  }
},
{
  "model": "widgets.widgetconnection",
  "pk": 13,
  "fields": {
    "created": "2020-04-23T16:27:37.548Z",
    "modified": "2020-04-23T16:27:37.548Z",
    "name": "FormControl",
    "comment": null,
    "originator": 139,
    "target": 90
  }
},
{
  "model": "widgets.widgetconnection",
  "pk": 15,
  "fields": {
    "created": "2020-04-23T16:27:38.055Z",
    "modified": "2020-04-23T16:27:38.055Z",
    "name": "Box",
    "comment": null,
    "originator": 153,
    "target": 49
  }
},
{
  "model": "widgets.widgetconnection",
  "pk": 16,
  "fields": {
    "created": "2020-04-23T16:27:38.062Z",
    "modified": "2020-04-23T16:27:38.062Z",
    "name": "TextField",
    "comment": null,
    "originator": 153,
    "target": 26
  }
},
{
  "model": "widgets.widgetconnection",
  "pk": 17,
  "fields": {
    "created": "2020-04-23T16:27:38.141Z",
    "modified": "2020-04-23T16:27:38.141Z",
    "name": "QR",
    "comment": null,
    "originator": 155,
    "target": 66
  }
},
{
  "model": "widgets.widgetconnection",
  "pk": 18,
  "fields": {
    "created": "2020-04-23T16:27:38.147Z",
    "modified": "2020-04-23T16:27:38.147Z",
    "name": "Box",
    "comment": null,
    "originator": 155,
    "target": 49
  }
},
{
  "model": "widgets.widgetconnection",
  "pk": 19,
  "fields": {
    "created": "2020-04-23T16:27:38.154Z",
    "modified": "2020-04-23T16:27:38.154Z",
    "name": "Container",
    "comment": null,
    "originator": 155,
    "target": 91
  }
},
{
  "model": "widgets.widgetconnection",
  "pk": 20,
  "fields": {
    "created": "2020-04-23T16:27:38.161Z",
    "modified": "2020-04-23T16:27:38.161Z",
    "name": "Typography",
    "comment": null,
    "originator": 155,
    "target": 62
  }
},
{
  "model": "widgets.widgetconnection",
  "pk": 21,
  "fields": {
    "created": "2020-04-23T16:27:38.238Z",
    "modified": "2020-04-23T16:27:38.238Z",
    "name": "Button",
    "comment": null,
    "originator": 157,
    "target": 109
  }
},
{
  "model": "widgets.widgetconnection",
  "pk": 22,
  "fields": {
    "created": "2020-04-23T16:27:38.320Z",
    "modified": "2020-04-23T16:27:38.320Z",
    "name": "Slider",
    "comment": null,
    "originator": 159,
    "target": 129
  }
},
{
  "model": "widgets.widgetconnection",
  "pk": 23,
  "fields": {
    "created": "2020-04-23T16:27:38.364Z",
    "modified": "2020-04-23T16:27:38.364Z",
    "name": "Button",
    "comment": null,
    "originator": 160,
    "target": 109
  }
},
{
  "model": "widgets.widgetconnection",
  "pk": 24,
  "fields": {
    "created": "2020-04-23T16:27:38.426Z",
    "modified": "2020-04-23T16:27:38.426Z",
    "name": "Typography",
    "comment": null,
    "originator": 161,
    "target": 62
  }
},
{
  "model": "widgets.widgetconnection",
  "pk": 25,
  "fields": {
    "created": "2020-04-23T16:27:38.433Z",
    "modified": "2020-04-23T16:27:38.433Z",
    "name": "RadioButtons",
    "comment": null,
    "originator": 161,
    "target": 139
  }
},
{
  "model": "widgets.widgetconnection",
  "pk": 26,
  "fields": {
    "created": "2020-04-23T16:27:38.504Z",
    "modified": "2020-04-23T16:27:38.504Z",
    "name": "TextField",
    "comment": null,
    "originator": 162,
    "target": 26
  }
},
{
  "model": "widgets.widgetconnection",
  "pk": 27,
  "fields": {
    "created": "2020-04-23T16:27:38.511Z",
    "modified": "2020-04-23T16:27:38.511Z",
    "name": "FormControl",
    "comment": null,
    "originator": 162,
    "target": 90
  }
},
{
  "model": "widgets.widgetconnection",
  "pk": 28,
  "fields": {
    "created": "2020-04-23T16:27:38.518Z",
    "modified": "2020-04-23T16:27:38.518Z",
    "name": "FormControlLabel",
    "comment": null,
    "originator": 162,
    "target": 63
  }
},
{
  "model": "widgets.widgetconnection",
  "pk": 29,
  "fields": {
    "created": "2020-04-23T16:27:38.595Z",
    "modified": "2020-04-23T16:27:38.595Z",
    "name": "MenuItem",
    "comment": null,
    "originator": 163,
    "target": 107
  }
},
{
  "model": "widgets.widgetconnection",
  "pk": 30,
  "fields": {
    "created": "2020-04-23T16:27:38.625Z",
    "modified": "2020-04-23T16:27:38.625Z",
    "name": "FormHorizontalRadioButtons",
    "comment": null,
    "originator": 164,
    "target": 161
  }
},
{
  "model": "widgets.widgetconnection",
  "pk": 31,
  "fields": {
    "created": "2020-04-23T16:27:38.632Z",
    "modified": "2020-04-23T16:27:38.632Z",
    "name": "Grid",
    "comment": null,
    "originator": 164,
    "target": 35
  }
},
{
  "model": "widgets.widgetconnection",
  "pk": 32,
  "fields": {
    "created": "2020-04-23T16:27:38.704Z",
    "modified": "2020-04-23T16:27:38.704Z",
    "name": "Input",
    "comment": null,
    "originator": 165,
    "target": 140
  }
},
{
  "model": "widgets.widgetconnection",
  "pk": 33,
  "fields": {
    "created": "2020-04-23T16:27:38.760Z",
    "modified": "2020-04-23T16:27:38.760Z",
    "name": "Divider",
    "comment": null,
    "originator": 166,
    "target": 106
  }
},
{
  "model": "widgets.widgetconnection",
  "pk": 34,
  "fields": {
    "created": "2020-04-23T16:27:38.768Z",
    "modified": "2020-04-23T16:27:38.768Z",
    "name": "Button",
    "comment": null,
    "originator": 166,
    "target": 109
  }
},
{
  "model": "widgets.widgetconnection",
  "pk": 35,
  "fields": {
    "created": "2020-04-23T16:27:38.798Z",
    "modified": "2020-04-23T16:27:38.798Z",
    "name": "Typography",
    "comment": null,
    "originator": 167,
    "target": 62
  }
},
{
  "model": "widgets.widgetconnection",
  "pk": 36,
  "fields": {
    "created": "2020-04-23T16:27:38.805Z",
    "modified": "2020-04-23T16:27:38.805Z",
    "name": "TableBody",
    "comment": null,
    "originator": 167,
    "target": 41
  }
},
{
  "model": "widgets.widgetconnection",
  "pk": 37,
  "fields": {
    "created": "2020-04-23T16:27:38.812Z",
    "modified": "2020-04-23T16:27:38.812Z",
    "name": "TableRow",
    "comment": null,
    "originator": 167,
    "target": 98
  }
},
{
  "model": "widgets.widgetconnection",
  "pk": 38,
  "fields": {
    "created": "2020-04-23T16:27:38.818Z",
    "modified": "2020-04-23T16:27:38.818Z",
    "name": "TableHead",
    "comment": null,
    "originator": 167,
    "target": 59
  }
},
{
  "model": "widgets.widgetconnection",
  "pk": 39,
  "fields": {
    "created": "2020-04-23T16:27:38.825Z",
    "modified": "2020-04-23T16:27:38.825Z",
    "name": "TableCell",
    "comment": null,
    "originator": 167,
    "target": 142
  }
},
{
  "model": "widgets.widgetconnection",
  "pk": 40,
  "fields": {
    "created": "2020-04-23T16:27:38.831Z",
    "modified": "2020-04-23T16:27:38.831Z",
    "name": "Table",
    "comment": null,
    "originator": 167,
    "target": 25
  }
},
{
  "model": "widgets.widgetconnection",
  "pk": 41,
  "fields": {
    "created": "2020-04-23T16:27:38.871Z",
    "modified": "2020-04-23T16:27:38.871Z",
    "name": "WebIntWidget",
    "comment": null,
    "originator": 168,
    "target": 162
  }
},
{
  "model": "widgets.widgetconnection",
  "pk": 43,
  "fields": {
    "created": "2020-04-23T16:27:38.975Z",
    "modified": "2020-04-23T16:27:38.975Z",
    "name": "Button",
    "comment": null,
    "originator": 170,
    "target": 109
  }
},
{
  "model": "widgets.widgetconnection",
  "pk": 44,
  "fields": {
    "created": "2020-04-23T16:27:38.982Z",
    "modified": "2020-04-23T16:27:38.982Z",
    "name": "BaseGeolocation",
    "comment": null,
    "originator": 170,
    "target": 167
  }
},
{
  "model": "widgets.widgetconnection",
  "pk": 45,
  "fields": {
    "created": "2020-04-23T16:27:39.031Z",
    "modified": "2020-04-23T16:27:39.031Z",
    "name": "DialogCloser",
    "comment": null,
    "originator": 171,
    "target": 157
  }
},
{
  "model": "widgets.widgetconnection",
  "pk": 46,
  "fields": {
    "created": "2020-04-23T16:27:39.037Z",
    "modified": "2020-04-23T16:27:39.037Z",
    "name": "Button",
    "comment": null,
    "originator": 171,
    "target": 109
  }
},
{
  "model": "widgets.widgetconnection",
  "pk": 47,
  "fields": {
    "created": "2020-04-23T16:27:39.044Z",
    "modified": "2020-04-23T16:27:39.044Z",
    "name": "Dialog",
    "comment": null,
    "originator": 171,
    "target": 88
  }
},
{
  "model": "widgets.widgetconnection",
  "pk": 48,
  "fields": {
    "created": "2020-04-23T16:27:39.090Z",
    "modified": "2020-04-23T16:27:39.090Z",
    "name": "InputLabel",
    "comment": null,
    "originator": 172,
    "target": 40
  }
},
{
  "model": "widgets.widgetconnection",
  "pk": 49,
  "fields": {
    "created": "2020-04-23T16:27:39.097Z",
    "modified": "2020-04-23T16:27:39.097Z",
    "name": "CustomMenuItem",
    "comment": null,
    "originator": 172,
    "target": 163
  }
},
{
  "model": "widgets.widgetconnection",
  "pk": 50,
  "fields": {
    "created": "2020-04-23T16:27:39.104Z",
    "modified": "2020-04-23T16:27:39.104Z",
    "name": "FormHelperText",
    "comment": null,
    "originator": 172,
    "target": 149
  }
},
{
  "model": "widgets.widgetconnection",
  "pk": 51,
  "fields": {
    "created": "2020-04-23T16:27:39.111Z",
    "modified": "2020-04-23T16:27:39.111Z",
    "name": "Select",
    "comment": null,
    "originator": 172,
    "target": 64
  }
},
{
  "model": "widgets.widgetconnection",
  "pk": 52,
  "fields": {
    "created": "2020-04-23T16:27:39.117Z",
    "modified": "2020-04-23T16:27:39.117Z",
    "name": "FormControl",
    "comment": null,
    "originator": 172,
    "target": 90
  }
},
{
  "model": "widgets.widgetconnection",
  "pk": 53,
  "fields": {
    "created": "2020-04-23T16:27:39.210Z",
    "modified": "2020-04-23T16:27:39.210Z",
    "name": "Button",
    "comment": null,
    "originator": 173,
    "target": 160
  }
},
{
  "model": "widgets.widgetconnection",
  "pk": 54,
  "fields": {
    "created": "2020-04-23T16:27:39.251Z",
    "modified": "2020-04-23T16:27:39.251Z",
    "name": "Input",
    "comment": null,
    "originator": 174,
    "target": 165
  }
},
{
  "model": "widgets.widgetconnection",
  "pk": 55,
  "fields": {
    "created": "2020-04-23T16:27:39.301Z",
    "modified": "2020-04-23T16:27:39.301Z",
    "name": "Button",
    "comment": null,
    "originator": 175,
    "target": 160
  }
},
{
  "model": "widgets.widgetconnection",
  "pk": 56,
  "fields": {
    "created": "2020-04-23T16:27:39.352Z",
    "modified": "2020-04-23T16:27:39.352Z",
    "name": "Typography",
    "comment": null,
    "originator": 176,
    "target": 62
  }
},
{
  "model": "widgets.widgetconnection",
  "pk": 57,
  "fields": {
    "created": "2020-04-23T16:27:39.358Z",
    "modified": "2020-04-23T16:27:39.358Z",
    "name": "Dropdown",
    "comment": null,
    "originator": 176,
    "target": 172
  }
},
{
  "model": "roles.roleassignment",
  "pk": 1,
  "fields": {
    "created": "2020-04-23T16:27:42.854Z",
    "modified": "2020-04-23T16:27:42.854Z",
    "content_type": 31,
    "object_id": 1,
    "role": 4,
    "user": 1,
    "group": null
  }
}
]
