[
{
  "model": "base.eryfile",
  "pk": 1,
  "fields": {
    "created": "2020-04-23T16:17:29.823Z",
    "modified": "2020-04-23T16:17:29.834Z",
    "slug": "template0-hrIpecpF",
    "comment": "Default root for rendering command's output",
    "state": "prealpha",
    "name": "default-web-command-template",
    "published": true,
    "keywords": []
  }
},
{
  "model": "base.eryfile",
  "pk": 2,
  "fields": {
    "created": "2020-04-23T16:17:29.881Z",
    "modified": "2020-04-23T16:17:29.887Z",
    "slug": "template0-hrIpecpE",
    "comment": "Default root for rendering command's output",
    "state": "prealpha",
    "name": "default-email-command-template",
    "published": true,
    "keywords": []
  }
},
{
  "model": "base.eryfile",
  "pk": 3,
  "fields": {
    "created": "2020-04-23T16:17:29.918Z",
    "modified": "2020-04-23T16:17:29.927Z",
    "slug": "Root-egEAZdKg",
    "comment": "Default email template for stages.",
    "state": "prealpha",
    "name": "Root",
    "published": true,
    "keywords": []
  }
},
{
  "model": "base.eryfile",
  "pk": 5,
  "fields": {
    "created": "2020-04-23T16:17:29.981Z",
    "modified": "2020-04-23T16:17:29.987Z",
    "slug": "template0-hrIpecpX",
    "comment": "Default root for rendering command's output",
    "state": "prealpha",
    "name": "default-sms-command-template",
    "published": true,
    "keywords": []
  }
},
{
  "model": "base.eryfile",
  "pk": 6,
  "fields": {
    "created": "2020-04-23T16:17:30.016Z",
    "modified": "2020-04-23T16:17:30.023Z",
    "slug": "Root-egEABsKg",
    "comment": "Default web template for stages.",
    "state": "prealpha",
    "name": "Root",
    "published": true,
    "keywords": []
  }
},
{
  "model": "base.eryfile",
  "pk": 7,
  "fields": {
    "created": "2020-04-23T16:17:30.055Z",
    "modified": "2020-04-23T16:17:30.066Z",
    "slug": "Root-ezEAGdkx",
    "comment": "Default sms template for stages.",
    "state": "prealpha",
    "name": "Root",
    "published": true,
    "keywords": []
  }
},
{
  "model": "base.eryfile",
  "pk": 8,
  "fields": {
    "created": "2020-04-23T16:17:30.101Z",
    "modified": "2020-04-23T16:17:30.106Z",
    "slug": "DefaultTheme-GGGlqICG",
    "comment": null,
    "state": "prealpha",
    "name": "Default Theme",
    "published": true,
    "keywords": []
  }
},
{
  "model": "base.eryfile",
  "pk": 9,
  "fields": {
    "created": "2020-04-23T16:17:30.134Z",
    "modified": "2020-04-23T16:17:30.150Z",
    "slug": "Grow-DcxmVTfL",
    "comment": "Wrapper for Material Design Component",
    "state": "prealpha",
    "name": "Grow",
    "published": true,
    "keywords": []
  }
},
{
  "model": "base.eryfile",
  "pk": 10,
  "fields": {
    "created": "2020-04-23T16:17:30.167Z",
    "modified": "2020-04-23T16:17:30.181Z",
    "slug": "ListItemText-AdnWajKM",
    "comment": "Wrapper for Material Design Component",
    "state": "prealpha",
    "name": "ListItemText",
    "published": true,
    "keywords": []
  }
},
{
  "model": "base.eryfile",
  "pk": 11,
  "fields": {
    "created": "2020-04-23T16:17:30.198Z",
    "modified": "2020-04-23T16:17:30.208Z",
    "slug": "ListSubheader-oPcbZAGl",
    "comment": "Wrapper for Material Design Component",
    "state": "prealpha",
    "name": "ListSubheader",
    "published": true,
    "keywords": []
  }
},
{
  "model": "base.eryfile",
  "pk": 12,
  "fields": {
    "created": "2020-04-23T16:17:30.228Z",
    "modified": "2020-04-23T16:17:30.237Z",
    "slug": "ExpansionPanel-hOCfCpdb",
    "comment": "Wrapper for Material Design Component",
    "state": "prealpha",
    "name": "ExpansionPanel",
    "published": true,
    "keywords": []
  }
},
{
  "model": "base.eryfile",
  "pk": 13,
  "fields": {
    "created": "2020-04-23T16:17:30.255Z",
    "modified": "2020-04-23T16:17:30.267Z",
    "slug": "Tooltip-nonFsjnl",
    "comment": "Wrapper for Material Design Component",
    "state": "prealpha",
    "name": "Tooltip",
    "published": true,
    "keywords": []
  }
},
{
  "model": "base.eryfile",
  "pk": 16,
  "fields": {
    "created": "2020-04-23T16:17:30.360Z",
    "modified": "2020-04-23T16:17:30.368Z",
    "slug": "Chip-qLyMsUOI",
    "comment": "Wrapper for Material Design Component",
    "state": "prealpha",
    "name": "Chip",
    "published": true,
    "keywords": []
  }
},
{
  "model": "base.eryfile",
  "pk": 17,
  "fields": {
    "created": "2020-04-23T16:17:30.387Z",
    "modified": "2020-04-23T16:17:30.399Z",
    "slug": "Icon-LZXnJaRj",
    "comment": "Wrapper for Material Design Component",
    "state": "prealpha",
    "name": "Icon",
    "published": true,
    "keywords": []
  }
},
{
  "model": "base.eryfile",
  "pk": 18,
  "fields": {
    "created": "2020-04-23T16:17:30.418Z",
    "modified": "2020-04-23T16:17:30.430Z",
    "slug": "ClickAwayListener-LcSTpUDx",
    "comment": "Wrapper for Material Design Component",
    "state": "prealpha",
    "name": "ClickAwayListener",
    "published": true,
    "keywords": []
  }
},
{
  "model": "base.eryfile",
  "pk": 19,
  "fields": {
    "created": "2020-04-23T16:17:30.447Z",
    "modified": "2020-04-23T16:17:30.457Z",
    "slug": "DialogContent-qkjEChGn",
    "comment": "Wrapper for Material Design Component",
    "state": "prealpha",
    "name": "DialogContent",
    "published": true,
    "keywords": []
  }
},
{
  "model": "base.eryfile",
  "pk": 21,
  "fields": {
    "created": "2020-04-23T16:17:30.505Z",
    "modified": "2020-04-23T16:17:30.519Z",
    "slug": "CardContent-ElLzvPww",
    "comment": "Wrapper for Material Design Component",
    "state": "prealpha",
    "name": "CardContent",
    "published": true,
    "keywords": []
  }
},
{
  "model": "base.eryfile",
  "pk": 22,
  "fields": {
    "created": "2020-04-23T16:17:30.536Z",
    "modified": "2020-04-23T16:17:30.550Z",
    "slug": "Link-pdNuxcqb",
    "comment": "Wrapper for Material Design Component",
    "state": "prealpha",
    "name": "Link",
    "published": true,
    "keywords": []
  }
},
{
  "model": "base.eryfile",
  "pk": 23,
  "fields": {
    "created": "2020-04-23T16:17:30.566Z",
    "modified": "2020-04-23T16:17:30.579Z",
    "slug": "Fab-HIOjvACw",
    "comment": "Wrapper for Material Design Component",
    "state": "prealpha",
    "name": "Fab",
    "published": true,
    "keywords": []
  }
},
{
  "model": "base.eryfile",
  "pk": 24,
  "fields": {
    "created": "2020-04-23T16:17:30.596Z",
    "modified": "2020-04-23T16:17:30.604Z",
    "slug": "Step-mcLVFxju",
    "comment": "Wrapper for Material Design Component",
    "state": "prealpha",
    "name": "Step",
    "published": true,
    "keywords": []
  }
},
{
  "model": "base.eryfile",
  "pk": 25,
  "fields": {
    "created": "2020-04-23T16:17:30.622Z",
    "modified": "2020-04-23T16:17:30.634Z",
    "slug": "Table-PhfDJSvJ",
    "comment": "Wrapper for Material Design Component",
    "state": "prealpha",
    "name": "Table",
    "published": true,
    "keywords": []
  }
},
{
  "model": "base.eryfile",
  "pk": 26,
  "fields": {
    "created": "2020-04-23T16:17:30.652Z",
    "modified": "2020-04-23T16:17:30.663Z",
    "slug": "TextField-mKSlkfLR",
    "comment": "Wrapper for Material Design Component",
    "state": "prealpha",
    "name": "TextField",
    "published": true,
    "keywords": []
  }
},
{
  "model": "base.eryfile",
  "pk": 27,
  "fields": {
    "created": "2020-04-23T16:17:30.709Z",
    "modified": "2020-04-23T16:17:30.721Z",
    "slug": "RadioGroup-LbVMARYb",
    "comment": "Wrapper for Material Design Component",
    "state": "prealpha",
    "name": "RadioGroup",
    "published": true,
    "keywords": []
  }
},
{
  "model": "base.eryfile",
  "pk": 28,
  "fields": {
    "created": "2020-04-23T16:17:30.737Z",
    "modified": "2020-04-23T16:17:30.751Z",
    "slug": "QrReader-yqrIwFhz",
    "comment": null,
    "state": "prealpha",
    "name": "QrReader",
    "published": true,
    "keywords": []
  }
},
{
  "model": "base.eryfile",
  "pk": 29,
  "fields": {
    "created": "2020-04-23T16:17:30.768Z",
    "modified": "2020-04-23T16:17:30.781Z",
    "slug": "GridListTile-XCzjwKWB",
    "comment": "Wrapper for Material Design Component",
    "state": "prealpha",
    "name": "GridListTile",
    "published": true,
    "keywords": []
  }
},
{
  "model": "base.eryfile",
  "pk": 30,
  "fields": {
    "created": "2020-04-23T16:17:30.800Z",
    "modified": "2020-04-23T16:17:30.814Z",
    "slug": "Backdrop-sOOvSzQi",
    "comment": "Wrapper for Material Design Component",
    "state": "prealpha",
    "name": "Backdrop",
    "published": true,
    "keywords": []
  }
},
{
  "model": "base.eryfile",
  "pk": 31,
  "fields": {
    "created": "2020-04-23T16:17:30.831Z",
    "modified": "2020-04-23T16:17:30.839Z",
    "slug": "Badge-IlsCrLqZ",
    "comment": "Wrapper for Material Design Component",
    "state": "prealpha",
    "name": "Badge",
    "published": true,
    "keywords": []
  }
},
{
  "model": "base.eryfile",
  "pk": 32,
  "fields": {
    "created": "2020-04-23T16:17:30.861Z",
    "modified": "2020-04-23T16:17:30.870Z",
    "slug": "smsnumberwidget-ujIkXxBK",
    "comment": "Default widget for SMS Input which require int/float responses",
    "state": "prealpha",
    "name": "SMSNumberWidget",
    "published": false,
    "keywords": []
  }
},
{
  "model": "base.eryfile",
  "pk": 33,
  "fields": {
    "created": "2020-04-23T16:17:30.888Z",
    "modified": "2020-04-23T16:17:30.900Z",
    "slug": "StepIcon-nKErJcpe",
    "comment": "Wrapper for Material Design Component",
    "state": "prealpha",
    "name": "StepIcon",
    "published": true,
    "keywords": []
  }
},
{
  "model": "base.eryfile",
  "pk": 35,
  "fields": {
    "created": "2020-04-23T16:17:30.951Z",
    "modified": "2020-04-23T16:17:30.963Z",
    "slug": "Grid-boiBQcEE",
    "comment": "Wrapper for Material Design Component",
    "state": "prealpha",
    "name": "Grid",
    "published": true,
    "keywords": []
  }
},
{
  "model": "base.eryfile",
  "pk": 36,
  "fields": {
    "created": "2020-04-23T16:17:30.983Z",
    "modified": "2020-04-23T16:17:30.994Z",
    "slug": "Zoom-VmdsBHOS",
    "comment": "Wrapper for Material Design Component",
    "state": "prealpha",
    "name": "Zoom",
    "published": true,
    "keywords": []
  }
},
{
  "model": "base.eryfile",
  "pk": 37,
  "fields": {
    "created": "2020-04-23T16:17:31.012Z",
    "modified": "2020-04-23T16:17:31.024Z",
    "slug": "AppBar-YVrvDHnJ",
    "comment": "Wrapper for Material Design Component",
    "state": "prealpha",
    "name": "AppBar",
    "published": true,
    "keywords": []
  }
},
{
  "model": "base.eryfile",
  "pk": 38,
  "fields": {
    "created": "2020-04-23T16:17:31.043Z",
    "modified": "2020-04-23T16:17:31.059Z",
    "slug": "CardActions-mwbdinWu",
    "comment": "Wrapper for Material Design Component",
    "state": "prealpha",
    "name": "CardActions",
    "published": true,
    "keywords": []
  }
},
{
  "model": "base.eryfile",
  "pk": 40,
  "fields": {
    "created": "2020-04-23T16:17:31.109Z",
    "modified": "2020-04-23T16:17:31.121Z",
    "slug": "InputLabel-OCnQAsBk",
    "comment": "Wrapper for Material Design Component",
    "state": "prealpha",
    "name": "InputLabel",
    "published": true,
    "keywords": []
  }
},
{
  "model": "base.eryfile",
  "pk": 41,
  "fields": {
    "created": "2020-04-23T16:17:31.138Z",
    "modified": "2020-04-23T16:17:31.152Z",
    "slug": "TableBody-CuaPwPtW",
    "comment": "Wrapper for Material Design Component",
    "state": "prealpha",
    "name": "TableBody",
    "published": true,
    "keywords": []
  }
},
{
  "model": "base.eryfile",
  "pk": 45,
  "fields": {
    "created": "2020-04-23T16:17:31.272Z",
    "modified": "2020-04-23T16:17:31.287Z",
    "slug": "CardHeader-gqUEjNvA",
    "comment": "Wrapper for Material Design Component",
    "state": "prealpha",
    "name": "CardHeader",
    "published": true,
    "keywords": []
  }
},
{
  "model": "base.eryfile",
  "pk": 46,
  "fields": {
    "created": "2020-04-23T16:17:31.304Z",
    "modified": "2020-04-23T16:17:31.320Z",
    "slug": "TableFooter-eCKsTNmz",
    "comment": "Wrapper for Material Design Component",
    "state": "prealpha",
    "name": "TableFooter",
    "published": true,
    "keywords": []
  }
},
{
  "model": "base.eryfile",
  "pk": 47,
  "fields": {
    "created": "2020-04-23T16:17:31.336Z",
    "modified": "2020-04-23T16:17:31.350Z",
    "slug": "StepButton-jYYJMbsw",
    "comment": "Wrapper for Material Design Component",
    "state": "prealpha",
    "name": "StepButton",
    "published": true,
    "keywords": []
  }
},
{
  "model": "base.eryfile",
  "pk": 48,
  "fields": {
    "created": "2020-04-23T16:17:31.367Z",
    "modified": "2020-04-23T16:17:31.380Z",
    "slug": "SwipeableDrawer-PScUyGDx",
    "comment": "Wrapper for Material Design Component",
    "state": "prealpha",
    "name": "SwipeableDrawer",
    "published": true,
    "keywords": []
  }
},
{
  "model": "base.eryfile",
  "pk": 49,
  "fields": {
    "created": "2020-04-23T16:17:31.398Z",
    "modified": "2020-04-23T16:17:31.407Z",
    "slug": "Box-ewCfjnQt",
    "comment": "Wrapper for Material Design Component",
    "state": "prealpha",
    "name": "Box",
    "published": true,
    "keywords": []
  }
},
{
  "model": "base.eryfile",
  "pk": 51,
  "fields": {
    "created": "2020-04-23T16:17:31.463Z",
    "modified": "2020-04-23T16:17:31.472Z",
    "slug": "StepContent-VgEvFnqt",
    "comment": "Wrapper for Material Design Component",
    "state": "prealpha",
    "name": "StepContent",
    "published": true,
    "keywords": []
  }
},
{
  "model": "base.eryfile",
  "pk": 52,
  "fields": {
    "created": "2020-04-23T16:17:31.491Z",
    "modified": "2020-04-23T16:17:31.502Z",
    "slug": "Menu-LuVqQbNz",
    "comment": "Wrapper for Material Design Component",
    "state": "prealpha",
    "name": "Menu",
    "published": true,
    "keywords": []
  }
},
{
  "model": "base.eryfile",
  "pk": 54,
  "fields": {
    "created": "2020-04-23T16:17:31.554Z",
    "modified": "2020-04-23T16:17:31.564Z",
    "slug": "Paper-TThdEqct",
    "comment": "Wrapper for Material Design Component",
    "state": "prealpha",
    "name": "Paper",
    "published": true,
    "keywords": []
  }
},
{
  "model": "base.eryfile",
  "pk": 55,
  "fields": {
    "created": "2020-04-23T16:17:31.584Z",
    "modified": "2020-04-23T16:17:31.595Z",
    "slug": "DialogActions-TBvzferC",
    "comment": "Wrapper for Material Design Component",
    "state": "prealpha",
    "name": "DialogActions",
    "published": true,
    "keywords": []
  }
},
{
  "model": "base.eryfile",
  "pk": 56,
  "fields": {
    "created": "2020-04-23T16:17:31.614Z",
    "modified": "2020-04-23T16:17:31.622Z",
    "slug": "GridListTileBar-sIyjRzTB",
    "comment": "Wrapper for Material Design Component",
    "state": "prealpha",
    "name": "GridListTileBar",
    "published": true,
    "keywords": []
  }
},
{
  "model": "base.eryfile",
  "pk": 57,
  "fields": {
    "created": "2020-04-23T16:17:31.640Z",
    "modified": "2020-04-23T16:17:31.653Z",
    "slug": "MuiThemeProvider-OJqtnHjU",
    "comment": "Wrapper for Material Design Component",
    "state": "prealpha",
    "name": "MuiThemeProvider",
    "published": true,
    "keywords": []
  }
},
{
  "model": "base.eryfile",
  "pk": 58,
  "fields": {
    "created": "2020-04-23T16:17:31.670Z",
    "modified": "2020-04-23T16:17:31.685Z",
    "slug": "smsmultiplechoicecaptionvaluewidget-ujIkXxBK",
    "comment": "Displays value: caption pairs for SMS Inputs with multiple choice options",
    "state": "prealpha",
    "name": "SMSMultipleChoiceCaptionValueWidget",
    "published": false,
    "keywords": []
  }
},
{
  "model": "base.eryfile",
  "pk": 59,
  "fields": {
    "created": "2020-04-23T16:17:31.701Z",
    "modified": "2020-04-23T16:17:31.715Z",
    "slug": "TableHead-umcWgRvP",
    "comment": "Wrapper for Material Design Component",
    "state": "prealpha",
    "name": "TableHead",
    "published": true,
    "keywords": []
  }
},
{
  "model": "base.eryfile",
  "pk": 60,
  "fields": {
    "created": "2020-04-23T16:17:31.732Z",
    "modified": "2020-04-23T16:17:31.741Z",
    "slug": "Switch-QCCHPBVZ",
    "comment": "Wrapper for Material Design Component",
    "state": "prealpha",
    "name": "Switch",
    "published": true,
    "keywords": []
  }
},
{
  "model": "base.eryfile",
  "pk": 61,
  "fields": {
    "created": "2020-04-23T16:17:31.764Z",
    "modified": "2020-04-23T16:17:31.772Z",
    "slug": "ListItem-ONLpXGFe",
    "comment": "Wrapper for Material Design Component",
    "state": "prealpha",
    "name": "ListItem",
    "published": true,
    "keywords": []
  }
},
{
  "model": "base.eryfile",
  "pk": 62,
  "fields": {
    "created": "2020-04-23T16:17:31.792Z",
    "modified": "2020-04-23T16:17:31.803Z",
    "slug": "Typography-GoPCrlLg",
    "comment": "Wrapper for Material Design Component",
    "state": "prealpha",
    "name": "Typography",
    "published": true,
    "keywords": []
  }
},
{
  "model": "base.eryfile",
  "pk": 63,
  "fields": {
    "created": "2020-04-23T16:17:31.821Z",
    "modified": "2020-04-23T16:17:31.833Z",
    "slug": "FormControlLabel-yquWKGZO",
    "comment": "Wrapper for Material Design Component",
    "state": "prealpha",
    "name": "FormControlLabel",
    "published": true,
    "keywords": []
  }
},
{
  "model": "base.eryfile",
  "pk": 64,
  "fields": {
    "created": "2020-04-23T16:17:31.854Z",
    "modified": "2020-04-23T16:17:31.866Z",
    "slug": "Select-DPFMSlRt",
    "comment": "Wrapper for Material Design Component",
    "state": "prealpha",
    "name": "Select",
    "published": true,
    "keywords": []
  }
},
{
  "model": "base.eryfile",
  "pk": 65,
  "fields": {
    "created": "2020-04-23T16:17:31.883Z",
    "modified": "2020-04-23T16:17:31.894Z",
    "slug": "Blog-aSbRtAhu",
    "comment": "Wrapper for Material Design Component",
    "state": "prealpha",
    "name": "Blog",
    "published": true,
    "keywords": []
  }
},
{
  "model": "base.eryfile",
  "pk": 66,
  "fields": {
    "created": "2020-04-23T16:17:31.910Z",
    "modified": "2020-04-23T16:17:31.924Z",
    "slug": "QR-cpwpXWXg",
    "comment": null,
    "state": "prealpha",
    "name": "QR",
    "published": false,
    "keywords": []
  }
},
{
  "model": "base.eryfile",
  "pk": 67,
  "fields": {
    "created": "2020-04-23T16:17:31.984Z",
    "modified": "2020-04-23T16:17:31.998Z",
    "slug": "InputBase-sCinGjbZ",
    "comment": "Wrapper for Material Design Component",
    "state": "prealpha",
    "name": "InputBase",
    "published": true,
    "keywords": []
  }
},
{
  "model": "base.eryfile",
  "pk": 68,
  "fields": {
    "created": "2020-04-23T16:17:32.018Z",
    "modified": "2020-04-23T16:17:32.030Z",
    "slug": "ExpansionPanelSummary-tCCISDCU",
    "comment": "Wrapper for Material Design Component",
    "state": "prealpha",
    "name": "ExpansionPanelSummary",
    "published": true,
    "keywords": []
  }
},
{
  "model": "base.eryfile",
  "pk": 69,
  "fields": {
    "created": "2020-04-23T16:17:32.050Z",
    "modified": "2020-04-23T16:17:32.061Z",
    "slug": "TableSortLabel-EkcUaVip",
    "comment": "Wrapper for Material Design Component",
    "state": "prealpha",
    "name": "TableSortLabel",
    "published": true,
    "keywords": []
  }
},
{
  "model": "base.eryfile",
  "pk": 70,
  "fields": {
    "created": "2020-04-23T16:17:32.080Z",
    "modified": "2020-04-23T16:17:32.090Z",
    "slug": "MenuList-LqDlYeTA",
    "comment": "Wrapper for Material Design Component",
    "state": "prealpha",
    "name": "MenuList",
    "published": true,
    "keywords": []
  }
},
{
  "model": "base.eryfile",
  "pk": 71,
  "fields": {
    "created": "2020-04-23T16:17:32.108Z",
    "modified": "2020-04-23T16:17:32.122Z",
    "slug": "ListItemSecondaryAction-XhRCObsx",
    "comment": "Wrapper for Material Design Component",
    "state": "prealpha",
    "name": "ListItemSecondaryAction",
    "published": true,
    "keywords": []
  }
},
{
  "model": "base.eryfile",
  "pk": 73,
  "fields": {
    "created": "2020-04-23T16:17:32.185Z",
    "modified": "2020-04-23T16:17:32.197Z",
    "slug": "BottomNavigationAction-RhyvLsFh",
    "comment": "Wrapper for Material Design Component",
    "state": "prealpha",
    "name": "BottomNavigationAction",
    "published": true,
    "keywords": []
  }
},
{
  "model": "base.eryfile",
  "pk": 74,
  "fields": {
    "created": "2020-04-23T16:17:32.217Z",
    "modified": "2020-04-23T16:17:32.229Z",
    "slug": "CssBaseline-TarJZbne",
    "comment": "Wrapper for Material Design Component",
    "state": "prealpha",
    "name": "CssBaseline",
    "published": true,
    "keywords": []
  }
},
{
  "model": "base.eryfile",
  "pk": 75,
  "fields": {
    "created": "2020-04-23T16:17:32.247Z",
    "modified": "2020-04-23T16:17:32.256Z",
    "slug": "Modal-QXgyxNZL",
    "comment": "Wrapper for Material Design Component",
    "state": "prealpha",
    "name": "Modal",
    "published": true,
    "keywords": []
  }
},
{
  "model": "base.eryfile",
  "pk": 76,
  "fields": {
    "created": "2020-04-23T16:17:32.273Z",
    "modified": "2020-04-23T16:17:32.287Z",
    "slug": "SvgIcon-vBLDaeHn",
    "comment": "Wrapper for Material Design Component",
    "state": "prealpha",
    "name": "SvgIcon",
    "published": true,
    "keywords": []
  }
},
{
  "model": "base.eryfile",
  "pk": 77,
  "fields": {
    "created": "2020-04-23T16:17:32.306Z",
    "modified": "2020-04-23T16:17:32.322Z",
    "slug": "Collapse-fdWcualE",
    "comment": "Wrapper for Material Design Component",
    "state": "prealpha",
    "name": "Collapse",
    "published": true,
    "keywords": []
  }
},
{
  "model": "base.eryfile",
  "pk": 79,
  "fields": {
    "created": "2020-04-23T16:17:32.373Z",
    "modified": "2020-04-23T16:17:32.387Z",
    "slug": "TablePagination-yVLEOTUi",
    "comment": "Wrapper for Material Design Component",
    "state": "prealpha",
    "name": "TablePagination",
    "published": true,
    "keywords": []
  }
},
{
  "model": "base.eryfile",
  "pk": 80,
  "fields": {
    "created": "2020-04-23T16:17:32.403Z",
    "modified": "2020-04-23T16:17:32.416Z",
    "slug": "webemptywidget-uJIkXXbk",
    "comment": "Equivalent to null empty Widget.",
    "state": "prealpha",
    "name": "WebEmptyWidget",
    "published": false,
    "keywords": []
  }
},
{
  "model": "base.eryfile",
  "pk": 81,
  "fields": {
    "created": "2020-04-23T16:17:32.433Z",
    "modified": "2020-04-23T16:17:32.443Z",
    "slug": "StepLabel-CCzVGwGG",
    "comment": "Wrapper for Material Design Component",
    "state": "prealpha",
    "name": "StepLabel",
    "published": true,
    "keywords": []
  }
},
{
  "model": "base.eryfile",
  "pk": 82,
  "fields": {
    "created": "2020-04-23T16:17:32.464Z",
    "modified": "2020-04-23T16:17:32.473Z",
    "slug": "ButtonBase-VMCwQMSP",
    "comment": "Wrapper for Material Design Component",
    "state": "prealpha",
    "name": "ButtonBase",
    "published": true,
    "keywords": []
  }
},
{
  "model": "base.eryfile",
  "pk": 83,
  "fields": {
    "created": "2020-04-23T16:17:32.494Z",
    "modified": "2020-04-23T16:17:32.504Z",
    "slug": "smsmultiplechoicevaluewidget-ujIkXxBK",
    "comment": "Displays values for SMS Inputs with multiple choice options",
    "state": "prealpha",
    "name": "SMSMultipleChoiceValueWidget",
    "published": false,
    "keywords": []
  }
},
{
  "model": "base.eryfile",
  "pk": 84,
  "fields": {
    "created": "2020-04-23T16:17:32.524Z",
    "modified": "2020-04-23T16:17:32.536Z",
    "slug": "IconButton-IHsfeHzn",
    "comment": "Wrapper for Material Design Component",
    "state": "prealpha",
    "name": "IconButton",
    "published": true,
    "keywords": []
  }
},
{
  "model": "base.eryfile",
  "pk": 85,
  "fields": {
    "created": "2020-04-23T16:17:32.555Z",
    "modified": "2020-04-23T16:17:32.566Z",
    "slug": "InputAdornment-JgamHseZ",
    "comment": "Wrapper for Material Design Component",
    "state": "prealpha",
    "name": "InputAdornment",
    "published": true,
    "keywords": []
  }
},
{
  "model": "base.eryfile",
  "pk": 86,
  "fields": {
    "created": "2020-04-23T16:17:32.584Z",
    "modified": "2020-04-23T16:17:32.596Z",
    "slug": "Popover-wuyrZrMA",
    "comment": "Wrapper for Material Design Component",
    "state": "prealpha",
    "name": "Popover",
    "published": true,
    "keywords": []
  }
},
{
  "model": "base.eryfile",
  "pk": 88,
  "fields": {
    "created": "2020-04-23T16:17:32.647Z",
    "modified": "2020-04-23T16:17:32.656Z",
    "slug": "Dialog-AYKChlIC",
    "comment": "Wrapper for Material Design Component",
    "state": "prealpha",
    "name": "Dialog",
    "published": true,
    "keywords": []
  }
},
{
  "model": "base.eryfile",
  "pk": 89,
  "fields": {
    "created": "2020-04-23T16:17:32.673Z",
    "modified": "2020-04-23T16:17:32.687Z",
    "slug": "Hidden-fZhqRuRp",
    "comment": "Wrapper for Material Design Component",
    "state": "prealpha",
    "name": "Hidden",
    "published": true,
    "keywords": []
  }
},
{
  "model": "base.eryfile",
  "pk": 90,
  "fields": {
    "created": "2020-04-23T16:17:32.703Z",
    "modified": "2020-04-23T16:17:32.716Z",
    "slug": "FormControl-iMhNwgzj",
    "comment": "Wrapper for Material Design Component",
    "state": "prealpha",
    "name": "FormControl",
    "published": true,
    "keywords": []
  }
},
{
  "model": "base.eryfile",
  "pk": 91,
  "fields": {
    "created": "2020-04-23T16:17:32.733Z",
    "modified": "2020-04-23T16:17:32.744Z",
    "slug": "Container-RYylgXcT",
    "comment": "Wrapper for Material Design Component",
    "state": "prealpha",
    "name": "Container",
    "published": true,
    "keywords": []
  }
},
{
  "model": "base.eryfile",
  "pk": 92,
  "fields": {
    "created": "2020-04-23T16:17:32.762Z",
    "modified": "2020-04-23T16:17:32.771Z",
    "slug": "SMSSubmitButton-sGuVqQCu",
    "comment": "Allows forward stage progression.",
    "state": "prealpha",
    "name": "SMSSubmitButton",
    "published": false,
    "keywords": []
  }
},
{
  "model": "base.eryfile",
  "pk": 94,
  "fields": {
    "created": "2020-04-23T16:17:32.847Z",
    "modified": "2020-04-23T16:17:32.856Z",
    "slug": "List-bpbLOwGS",
    "comment": "Wrapper for Material Design Component",
    "state": "prealpha",
    "name": "List",
    "published": true,
    "keywords": []
  }
},
{
  "model": "base.eryfile",
  "pk": 95,
  "fields": {
    "created": "2020-04-23T16:17:32.873Z",
    "modified": "2020-04-23T16:17:32.887Z",
    "slug": "ExpansionPanelDetails-CtrxPPgG",
    "comment": "Wrapper for Material Design Component",
    "state": "prealpha",
    "name": "ExpansionPanelDetails",
    "published": true,
    "keywords": []
  }
},
{
  "model": "base.eryfile",
  "pk": 96,
  "fields": {
    "created": "2020-04-23T16:17:32.903Z",
    "modified": "2020-04-23T16:17:32.916Z",
    "slug": "BottomNavigation-lhrqZmtH",
    "comment": "Wrapper for Material Design Component",
    "state": "prealpha",
    "name": "BottomNavigation",
    "published": true,
    "keywords": []
  }
},
{
  "model": "base.eryfile",
  "pk": 97,
  "fields": {
    "created": "2020-04-23T16:17:32.932Z",
    "modified": "2020-04-23T16:17:32.942Z",
    "slug": "StepConnector-KBxtYxDx",
    "comment": "Wrapper for Material Design Component",
    "state": "prealpha",
    "name": "StepConnector",
    "published": true,
    "keywords": []
  }
},
{
  "model": "base.eryfile",
  "pk": 98,
  "fields": {
    "created": "2020-04-23T16:17:32.964Z",
    "modified": "2020-04-23T16:17:32.973Z",
    "slug": "TableRow-FhrhgDLc",
    "comment": "Wrapper for Material Design Component",
    "state": "prealpha",
    "name": "TableRow",
    "published": true,
    "keywords": []
  }
},
{
  "model": "base.eryfile",
  "pk": 99,
  "fields": {
    "created": "2020-04-23T16:17:32.996Z",
    "modified": "2020-04-23T16:17:33.005Z",
    "slug": "Card-ysbrGXGZ",
    "comment": "Wrapper for Material Design Component",
    "state": "prealpha",
    "name": "Card",
    "published": true,
    "keywords": []
  }
},
{
  "model": "base.eryfile",
  "pk": 100,
  "fields": {
    "created": "2020-04-23T16:17:33.030Z",
    "modified": "2020-04-23T16:17:33.039Z",
    "slug": "CardMedia-mEQlVYyr",
    "comment": "Wrapper for Material Design Component",
    "state": "prealpha",
    "name": "CardMedia",
    "published": true,
    "keywords": []
  }
},
{
  "model": "base.eryfile",
  "pk": 102,
  "fields": {
    "created": "2020-04-23T16:17:33.095Z",
    "modified": "2020-04-23T16:17:33.105Z",
    "slug": "MobileStepper-xDxfCSNg",
    "comment": "Wrapper for Material Design Component",
    "state": "prealpha",
    "name": "MobileStepper",
    "published": true,
    "keywords": []
  }
},
{
  "model": "base.eryfile",
  "pk": 103,
  "fields": {
    "created": "2020-04-23T16:17:33.123Z",
    "modified": "2020-04-23T16:17:33.136Z",
    "slug": "Radio-CqNIyweI",
    "comment": "Wrapper for Material Design Component",
    "state": "prealpha",
    "name": "Radio",
    "published": true,
    "keywords": []
  }
},
{
  "model": "base.eryfile",
  "pk": 104,
  "fields": {
    "created": "2020-04-23T16:17:33.154Z",
    "modified": "2020-04-23T16:17:33.166Z",
    "slug": "smsnullwidget-ujIkXxBK",
    "comment": "Default widget for SMS Input which don't require a typed response",
    "state": "prealpha",
    "name": "SMSNullWidget",
    "published": false,
    "keywords": []
  }
},
{
  "model": "base.eryfile",
  "pk": 105,
  "fields": {
    "created": "2020-04-23T16:17:33.188Z",
    "modified": "2020-04-23T16:17:33.200Z",
    "slug": "ListItemIcon-FtjXYGqn",
    "comment": "Wrapper for Material Design Component",
    "state": "prealpha",
    "name": "ListItemIcon",
    "published": true,
    "keywords": []
  }
},
{
  "model": "base.eryfile",
  "pk": 106,
  "fields": {
    "created": "2020-04-23T16:17:33.218Z",
    "modified": "2020-04-23T16:17:33.230Z",
    "slug": "Divider-tOHtiNmr",
    "comment": "Wrapper for Material Design Component",
    "state": "prealpha",
    "name": "Divider",
    "published": true,
    "keywords": []
  }
},
{
  "model": "base.eryfile",
  "pk": 107,
  "fields": {
    "created": "2020-04-23T16:17:33.248Z",
    "modified": "2020-04-23T16:17:33.257Z",
    "slug": "MenuItem-AeUdAzIc",
    "comment": "Wrapper for Material Design Component",
    "state": "prealpha",
    "name": "MenuItem",
    "published": true,
    "keywords": []
  }
},
{
  "model": "base.eryfile",
  "pk": 108,
  "fields": {
    "created": "2020-04-23T16:17:33.275Z",
    "modified": "2020-04-23T16:17:33.290Z",
    "slug": "CircularProgress-VWxzdAHX",
    "comment": "Wrapper for Material Design Component",
    "state": "prealpha",
    "name": "CircularProgress",
    "published": true,
    "keywords": []
  }
},
{
  "model": "base.eryfile",
  "pk": 109,
  "fields": {
    "created": "2020-04-23T16:17:33.308Z",
    "modified": "2020-04-23T16:17:33.328Z",
    "slug": "Button-yTjJiGYY",
    "comment": "Wrapper for Material Design Component",
    "state": "prealpha",
    "name": "Button",
    "published": true,
    "keywords": []
  }
},
{
  "model": "base.eryfile",
  "pk": 110,
  "fields": {
    "created": "2020-04-23T16:17:33.368Z",
    "modified": "2020-04-23T16:17:33.381Z",
    "slug": "ExpansionPanelActions-pygqoTHX",
    "comment": "Wrapper for Material Design Component",
    "state": "prealpha",
    "name": "ExpansionPanelActions",
    "published": true,
    "keywords": []
  }
},
{
  "model": "base.eryfile",
  "pk": 111,
  "fields": {
    "created": "2020-04-23T16:17:33.401Z",
    "modified": "2020-04-23T16:17:33.413Z",
    "slug": "smsemptywidget-ujjIkXxBk",
    "comment": "Equivalent to null empty Widget.",
    "state": "prealpha",
    "name": "SMSEmptyWidget",
    "published": false,
    "keywords": []
  }
},
{
  "model": "base.eryfile",
  "pk": 112,
  "fields": {
    "created": "2020-04-23T16:17:33.431Z",
    "modified": "2020-04-23T16:17:33.440Z",
    "slug": "FormGroup-LHISRLFf",
    "comment": "Wrapper for Material Design Component",
    "state": "prealpha",
    "name": "FormGroup",
    "published": true,
    "keywords": []
  }
},
{
  "model": "base.eryfile",
  "pk": 114,
  "fields": {
    "created": "2020-04-23T16:17:33.538Z",
    "modified": "2020-04-23T16:17:33.553Z",
    "slug": "TouchRipple-bcdRBGZo",
    "comment": "Wrapper for Material Design Component",
    "state": "prealpha",
    "name": "TouchRipple",
    "published": true,
    "keywords": []
  }
},
{
  "model": "base.eryfile",
  "pk": 115,
  "fields": {
    "created": "2020-04-23T16:17:33.570Z",
    "modified": "2020-04-23T16:17:33.585Z",
    "slug": "CardActionArea-AaSctUQG",
    "comment": "Wrapper for Material Design Component",
    "state": "prealpha",
    "name": "CardActionArea",
    "published": true,
    "keywords": []
  }
},
{
  "model": "base.eryfile",
  "pk": 116,
  "fields": {
    "created": "2020-04-23T16:17:33.606Z",
    "modified": "2020-04-23T16:17:33.621Z",
    "slug": "smstextwidget-ujIkXxBK",
    "comment": "Default widget for SMS Input which require str responses",
    "state": "prealpha",
    "name": "SMSTextWidget",
    "published": false,
    "keywords": []
  }
},
{
  "model": "base.eryfile",
  "pk": 117,
  "fields": {
    "created": "2020-04-23T16:17:33.638Z",
    "modified": "2020-04-23T16:17:33.654Z",
    "slug": "Portal-lsGhmhnw",
    "comment": "Wrapper for Material Design Component",
    "state": "prealpha",
    "name": "Portal",
    "published": true,
    "keywords": []
  }
},
{
  "model": "base.eryfile",
  "pk": 118,
  "fields": {
    "created": "2020-04-23T16:17:33.672Z",
    "modified": "2020-04-23T16:17:33.687Z",
    "slug": "DialogTitle-nqyjyQpp",
    "comment": "Wrapper for Material Design Component",
    "state": "prealpha",
    "name": "DialogTitle",
    "published": true,
    "keywords": []
  }
},
{
  "model": "base.eryfile",
  "pk": 119,
  "fields": {
    "created": "2020-04-23T16:17:33.703Z",
    "modified": "2020-04-23T16:17:33.717Z",
    "slug": "OutlinedInput-gvISJQaN",
    "comment": "Wrapper for Material Design Component",
    "state": "prealpha",
    "name": "OutlinedInput",
    "published": true,
    "keywords": []
  }
},
{
  "model": "base.eryfile",
  "pk": 120,
  "fields": {
    "created": "2020-04-23T16:17:33.733Z",
    "modified": "2020-04-23T16:17:33.744Z",
    "slug": "LinearProgress-XHxcjQcA",
    "comment": "Wrapper for Material Design Component",
    "state": "prealpha",
    "name": "LinearProgress",
    "published": true,
    "keywords": []
  }
},
{
  "model": "base.eryfile",
  "pk": 121,
  "fields": {
    "created": "2020-04-23T16:17:33.763Z",
    "modified": "2020-04-23T16:17:33.774Z",
    "slug": "Stepper-BMvPrZgH",
    "comment": "Wrapper for Material Design Component",
    "state": "prealpha",
    "name": "Stepper",
    "published": true,
    "keywords": []
  }
},
{
  "model": "base.eryfile",
  "pk": 122,
  "fields": {
    "created": "2020-04-23T16:17:33.797Z",
    "modified": "2020-04-23T16:17:33.806Z",
    "slug": "FilledInput-aipSvocn",
    "comment": "Wrapper for Material Design Component",
    "state": "prealpha",
    "name": "FilledInput",
    "published": true,
    "keywords": []
  }
},
{
  "model": "base.eryfile",
  "pk": 125,
  "fields": {
    "created": "2020-04-23T16:17:33.901Z",
    "modified": "2020-04-23T16:17:33.912Z",
    "slug": "Toolbar-eXZsLwYm",
    "comment": "Wrapper for Material Design Component",
    "state": "prealpha",
    "name": "Toolbar",
    "published": true,
    "keywords": []
  }
},
{
  "model": "base.eryfile",
  "pk": 126,
  "fields": {
    "created": "2020-04-23T16:17:33.931Z",
    "modified": "2020-04-23T16:17:33.940Z",
    "slug": "RootRef-GsoYhSiH",
    "comment": "Wrapper for Material Design Component",
    "state": "prealpha",
    "name": "RootRef",
    "published": true,
    "keywords": []
  }
},
{
  "model": "base.eryfile",
  "pk": 127,
  "fields": {
    "created": "2020-04-23T16:17:33.962Z",
    "modified": "2020-04-23T16:17:33.972Z",
    "slug": "DialogContentText-eeYZTNmr",
    "comment": "Wrapper for Material Design Component",
    "state": "prealpha",
    "name": "DialogContentText",
    "published": true,
    "keywords": []
  }
},
{
  "model": "base.eryfile",
  "pk": 128,
  "fields": {
    "created": "2020-04-23T16:17:33.991Z",
    "modified": "2020-04-23T16:17:34.004Z",
    "slug": "GridList-lqjMddGe",
    "comment": "Wrapper for Material Design Component",
    "state": "prealpha",
    "name": "GridList",
    "published": true,
    "keywords": []
  }
},
{
  "model": "base.eryfile",
  "pk": 129,
  "fields": {
    "created": "2020-04-23T16:17:34.024Z",
    "modified": "2020-04-23T16:17:34.037Z",
    "slug": "Slider-FzsoiCsy",
    "comment": "Wrapper for Material Design Component",
    "state": "prealpha",
    "name": "Slider",
    "published": false,
    "keywords": []
  }
},
{
  "model": "base.eryfile",
  "pk": 130,
  "fields": {
    "created": "2020-04-23T16:17:34.055Z",
    "modified": "2020-04-23T16:17:34.068Z",
    "slug": "Avatar-oOfuCCHw",
    "comment": "Wrapper for Material Design Component",
    "state": "prealpha",
    "name": "Avatar",
    "published": true,
    "keywords": []
  }
},
{
  "model": "base.eryfile",
  "pk": 131,
  "fields": {
    "created": "2020-04-23T16:17:34.087Z",
    "modified": "2020-04-23T16:17:34.099Z",
    "slug": "Tab-trEJVImg",
    "comment": "Wrapper for Material Design Component",
    "state": "prealpha",
    "name": "Tab",
    "published": true,
    "keywords": []
  }
},
{
  "model": "base.eryfile",
  "pk": 133,
  "fields": {
    "created": "2020-04-23T16:17:34.162Z",
    "modified": "2020-04-23T16:17:34.172Z",
    "slug": "Snackbar-vFWtUgpW",
    "comment": "Wrapper for Material Design Component",
    "state": "prealpha",
    "name": "Snackbar",
    "published": true,
    "keywords": []
  }
},
{
  "model": "base.eryfile",
  "pk": 134,
  "fields": {
    "created": "2020-04-23T16:17:34.191Z",
    "modified": "2020-04-23T16:17:34.203Z",
    "slug": "SnackbarContent-KUZOZcyC",
    "comment": "Wrapper for Material Design Component",
    "state": "prealpha",
    "name": "SnackbarContent",
    "published": true,
    "keywords": []
  }
},
{
  "model": "base.eryfile",
  "pk": 135,
  "fields": {
    "created": "2020-04-23T16:17:34.222Z",
    "modified": "2020-04-23T16:17:34.234Z",
    "slug": "Tabs-RXTirKHd",
    "comment": "Wrapper for Material Design Component",
    "state": "prealpha",
    "name": "Tabs",
    "published": true,
    "keywords": []
  }
},
{
  "model": "base.eryfile",
  "pk": 136,
  "fields": {
    "created": "2020-04-23T16:17:34.253Z",
    "modified": "2020-04-23T16:17:34.266Z",
    "slug": "ListItemAvatar-EfscAxrY",
    "comment": "Wrapper for Material Design Component",
    "state": "prealpha",
    "name": "ListItemAvatar",
    "published": true,
    "keywords": []
  }
},
{
  "model": "base.eryfile",
  "pk": 137,
  "fields": {
    "created": "2020-04-23T16:17:34.284Z",
    "modified": "2020-04-23T16:17:34.294Z",
    "slug": "FormSubmitButton-cvbxEHZZ",
    "comment": "Submit button for forms",
    "state": "prealpha",
    "name": "FormSubmitButton",
    "published": false,
    "keywords": []
  }
},
{
  "model": "base.eryfile",
  "pk": 139,
  "fields": {
    "created": "2020-04-23T16:17:34.384Z",
    "modified": "2020-04-23T16:17:34.395Z",
    "slug": "RadioButtons-NWguxVJa",
    "comment": "Must be wrapped in a ModuleDefinitionWidget with WidgetChoices",
    "state": "prealpha",
    "name": "RadioButtons",
    "published": false,
    "keywords": []
  }
},
{
  "model": "base.eryfile",
  "pk": 140,
  "fields": {
    "created": "2020-04-23T16:17:34.516Z",
    "modified": "2020-04-23T16:17:34.526Z",
    "slug": "Input-brYhZQKc",
    "comment": "Wrapper for Material Design Component",
    "state": "prealpha",
    "name": "Input",
    "published": true,
    "keywords": []
  }
},
{
  "model": "base.eryfile",
  "pk": 141,
  "fields": {
    "created": "2020-04-23T16:17:34.581Z",
    "modified": "2020-04-23T16:17:34.591Z",
    "slug": "Checkbox-imgZoIve",
    "comment": "Wrapper for Material Design Component",
    "state": "prealpha",
    "name": "Checkbox",
    "published": true,
    "keywords": []
  }
},
{
  "model": "base.eryfile",
  "pk": 142,
  "fields": {
    "created": "2020-04-23T16:17:34.607Z",
    "modified": "2020-04-23T16:17:34.622Z",
    "slug": "TableCell-KWCxxBXv",
    "comment": "Wrapper for Material Design Component",
    "state": "prealpha",
    "name": "TableCell",
    "published": true,
    "keywords": []
  }
},
{
  "model": "base.eryfile",
  "pk": 143,
  "fields": {
    "created": "2020-04-23T16:17:34.638Z",
    "modified": "2020-04-23T16:17:34.652Z",
    "slug": "Drawer-ZpSbEPpz",
    "comment": "Wrapper for Material Design Component",
    "state": "prealpha",
    "name": "Drawer",
    "published": true,
    "keywords": []
  }
},
{
  "model": "base.eryfile",
  "pk": 144,
  "fields": {
    "created": "2020-04-23T16:17:34.668Z",
    "modified": "2020-04-23T16:17:34.681Z",
    "slug": "NoSsr-ToVKxfYl",
    "comment": "Wrapper for Material Design Component",
    "state": "prealpha",
    "name": "NoSsr",
    "published": true,
    "keywords": []
  }
},
{
  "model": "base.eryfile",
  "pk": 145,
  "fields": {
    "created": "2020-04-23T16:17:34.698Z",
    "modified": "2020-04-23T16:17:34.707Z",
    "slug": "Slide-dLbFMofB",
    "comment": "Wrapper for Material Design Component",
    "state": "prealpha",
    "name": "Slide",
    "published": true,
    "keywords": []
  }
},
{
  "model": "base.eryfile",
  "pk": 146,
  "fields": {
    "created": "2020-04-23T16:17:34.726Z",
    "modified": "2020-04-23T16:17:34.739Z",
    "slug": "FormLabel-yIXEebyu",
    "comment": "Wrapper for Material Design Component",
    "state": "prealpha",
    "name": "FormLabel",
    "published": true,
    "keywords": []
  }
},
{
  "model": "base.eryfile",
  "pk": 147,
  "fields": {
    "created": "2020-04-23T16:17:34.757Z",
    "modified": "2020-04-23T16:17:34.768Z",
    "slug": "NativeSelect-liQxgFHq",
    "comment": "Wrapper for Material Design Component",
    "state": "prealpha",
    "name": "NativeSelect",
    "published": true,
    "keywords": []
  }
},
{
  "model": "base.eryfile",
  "pk": 148,
  "fields": {
    "created": "2020-04-23T16:17:34.787Z",
    "modified": "2020-04-23T16:17:34.799Z",
    "slug": "Fade-zULlBhtc",
    "comment": "Wrapper for Material Design Component",
    "state": "prealpha",
    "name": "Fade",
    "published": true,
    "keywords": []
  }
},
{
  "model": "base.eryfile",
  "pk": 149,
  "fields": {
    "created": "2020-04-23T16:17:34.817Z",
    "modified": "2020-04-23T16:17:34.827Z",
    "slug": "FormHelperText-KzhuSMjL",
    "comment": "Wrapper for Material Design Component",
    "state": "prealpha",
    "name": "FormHelperText",
    "published": true,
    "keywords": []
  }
},
{
  "model": "base.eryfile",
  "pk": 150,
  "fields": {
    "created": "2020-04-23T16:17:34.844Z",
    "modified": "2020-04-23T16:17:34.856Z",
    "slug": "Popper-EqOYqSAv",
    "comment": "Wrapper for Material Design Component",
    "state": "prealpha",
    "name": "Popper",
    "published": true,
    "keywords": []
  }
},
{
  "model": "base.eryfile",
  "pk": 151,
  "fields": {
    "created": "2020-04-23T16:17:34.869Z",
    "modified": "2020-04-23T16:17:34.875Z",
    "slug": "HeaderContentFooter-IwVBXtpq",
    "comment": null,
    "state": "prealpha",
    "name": "WebHeaderContentFooter",
    "published": false,
    "keywords": []
  }
},
{
  "model": "base.eryfile",
  "pk": 153,
  "fields": {
    "created": "2020-04-23T16:17:35.075Z",
    "modified": "2020-04-23T16:17:35.089Z",
    "slug": "WebTextFieldWidget-droWZrHX",
    "comment": null,
    "state": "prealpha",
    "name": "WebTextFieldWidget",
    "published": false,
    "keywords": []
  }
},
{
  "model": "base.eryfile",
  "pk": 155,
  "fields": {
    "created": "2020-04-23T16:17:35.190Z",
    "modified": "2020-04-23T16:17:35.202Z",
    "slug": "EryQR-CRmPILwn",
    "comment": null,
    "state": "prealpha",
    "name": "EryQR",
    "published": false,
    "keywords": []
  }
},
{
  "model": "base.eryfile",
  "pk": 157,
  "fields": {
    "created": "2020-04-23T16:17:35.325Z",
    "modified": "2020-04-23T16:17:35.339Z",
    "slug": "DialogCloser-qjkPVrwP",
    "comment": null,
    "state": "prealpha",
    "name": "DialogCloser",
    "published": false,
    "keywords": []
  }
},
{
  "model": "base.eryfile",
  "pk": 159,
  "fields": {
    "created": "2020-04-23T16:17:35.434Z",
    "modified": "2020-04-23T16:17:35.443Z",
    "slug": "ErySlider-DWMSEOgi",
    "comment": null,
    "state": "prealpha",
    "name": "ErySlider",
    "published": false,
    "keywords": []
  }
},
{
  "model": "base.eryfile",
  "pk": 160,
  "fields": {
    "created": "2020-04-23T16:17:35.490Z",
    "modified": "2020-04-23T16:17:35.503Z",
    "slug": "LoadingButton-onVUBnJz",
    "comment": "Disables and shows \"Loading\" as child onClick",
    "state": "prealpha",
    "name": "LoadingButton",
    "published": false,
    "keywords": []
  }
},
{
  "model": "base.eryfile",
  "pk": 161,
  "fields": {
    "created": "2020-04-23T16:17:35.577Z",
    "modified": "2020-04-23T16:17:35.591Z",
    "slug": "FormHorizontalRadioButtons-EtwUVqwU",
    "comment": null,
    "state": "prealpha",
    "name": "FormHorizontalRadioButtons",
    "published": false,
    "keywords": []
  }
},
{
  "model": "base.eryfile",
  "pk": 162,
  "fields": {
    "created": "2020-04-23T16:17:35.688Z",
    "modified": "2020-04-23T16:17:35.700Z",
    "slug": "WebIntWidget-HOGphFYC",
    "comment": null,
    "state": "prealpha",
    "name": "WebIntWidget",
    "published": false,
    "keywords": []
  }
},
{
  "model": "base.eryfile",
  "pk": 163,
  "fields": {
    "created": "2020-04-23T16:17:35.808Z",
    "modified": "2020-04-23T16:17:35.823Z",
    "slug": "CustomMenuItem-WdYnIWkm",
    "comment": null,
    "state": "prealpha",
    "name": "CustomMenuItem",
    "published": false,
    "keywords": []
  }
},
{
  "model": "base.eryfile",
  "pk": 164,
  "fields": {
    "created": "2020-04-23T16:17:35.855Z",
    "modified": "2020-04-23T16:17:35.867Z",
    "slug": "FormImageRadioButtons-SFmwQLDb",
    "comment": null,
    "state": "prealpha",
    "name": "FormImageRadioButtons",
    "published": false,
    "keywords": []
  }
},
{
  "model": "base.eryfile",
  "pk": 165,
  "fields": {
    "created": "2020-04-23T16:17:35.957Z",
    "modified": "2020-04-23T16:17:35.970Z",
    "slug": "EryInput-vOcGUNdR",
    "comment": null,
    "state": "prealpha",
    "name": "EryInput",
    "published": false,
    "keywords": []
  }
},
{
  "model": "base.eryfile",
  "pk": 166,
  "fields": {
    "created": "2020-04-23T16:17:36.036Z",
    "modified": "2020-04-23T16:17:36.050Z",
    "slug": "webmultiplechoicewidget-ujIkXxBK",
    "comment": "Displays values for Web Inputs with multiple choice options",
    "state": "prealpha",
    "name": "DefaultWebMultipleChoiceWidget",
    "published": false,
    "keywords": []
  }
},
{
  "model": "base.eryfile",
  "pk": 167,
  "fields": {
    "created": "2020-04-23T16:17:36.087Z",
    "modified": "2020-04-23T16:17:36.100Z",
    "slug": "BaseGeolocation-ZcJdHKQi",
    "comment": null,
    "state": "prealpha",
    "name": "BaseGeolocation",
    "published": false,
    "keywords": []
  }
},
{
  "model": "base.eryfile",
  "pk": 168,
  "fields": {
    "created": "2020-04-23T16:17:36.185Z",
    "modified": "2020-04-23T16:17:36.196Z",
    "slug": "LimitIntWidget-WIzjHqDr",
    "comment": null,
    "state": "prealpha",
    "name": "LimitIntWidget",
    "published": false,
    "keywords": []
  }
},
{
  "model": "base.eryfile",
  "pk": 170,
  "fields": {
    "created": "2020-04-23T16:17:36.325Z",
    "modified": "2020-04-23T16:17:36.338Z",
    "slug": "EryGeolocation-hjaoFMSK",
    "comment": null,
    "state": "prealpha",
    "name": "EryGeolocation",
    "published": false,
    "keywords": []
  }
},
{
  "model": "base.eryfile",
  "pk": 171,
  "fields": {
    "created": "2020-04-23T16:17:36.401Z",
    "modified": "2020-04-23T16:17:36.412Z",
    "slug": "EryDialog-FYasWVKM",
    "comment": null,
    "state": "prealpha",
    "name": "EryDialog",
    "published": false,
    "keywords": []
  }
},
{
  "model": "base.eryfile",
  "pk": 172,
  "fields": {
    "created": "2020-04-23T16:17:36.483Z",
    "modified": "2020-04-23T16:17:36.493Z",
    "slug": "Dropdown-cfuhycxr",
    "comment": "Must be wrapped in a ModuleDefinitionWidget with WidgetChoices",
    "state": "prealpha",
    "name": "Dropdown",
    "published": false,
    "keywords": []
  }
},
{
  "model": "base.eryfile",
  "pk": 173,
  "fields": {
    "created": "2020-04-23T16:17:36.644Z",
    "modified": "2020-04-23T16:17:36.659Z",
    "slug": "SubmitButton-sGuVqQCu",
    "comment": "Allows forward stage progression.",
    "state": "prealpha",
    "name": "SubmitButton",
    "published": false,
    "keywords": []
  }
},
{
  "model": "base.eryfile",
  "pk": 174,
  "fields": {
    "created": "2020-04-23T16:17:36.703Z",
    "modified": "2020-04-23T16:17:36.714Z",
    "slug": "AlphanumericField-bcsrHChi",
    "comment": "Allows input of alphanumerical characters, and nothing else.",
    "state": "prealpha",
    "name": "AlphanumericField",
    "published": false,
    "keywords": []
  }
},
{
  "model": "base.eryfile",
  "pk": 175,
  "fields": {
    "created": "2020-04-23T16:17:36.770Z",
    "modified": "2020-04-23T16:17:36.784Z",
    "slug": "BackButton-adWnIsOD",
    "comment": "Allows backward stage progression.",
    "state": "prealpha",
    "name": "BackButton",
    "published": false,
    "keywords": []
  }
},
{
  "model": "base.eryfile",
  "pk": 176,
  "fields": {
    "created": "2020-04-23T16:17:36.835Z",
    "modified": "2020-04-23T16:17:36.844Z",
    "slug": "FormDropdown-augPCNxQ",
    "comment": null,
    "state": "prealpha",
    "name": "FormDropdown",
    "published": false,
    "keywords": []
  }
},
{
  "model": "base.eryfile",
  "pk": 177,
  "fields": {
    "created": "2020-04-23T16:23:07.803Z",
    "modified": "2020-04-23T16:23:07.835Z",
    "slug": "moduledefinition0-tTPTcTkz",
    "comment": "OcKySpOyhkodFjTEoWuaATaxrlNzKogvzyIWxemKDqVjrfUqhnINqJPGsmgKhUiTMulETlASMZOiABXuVbEpxuirKqpOpRDTfJuS",
    "state": "prealpha",
    "name": "ModuleDefinition0",
    "published": false,
    "keywords": []
  }
},
{
  "model": "folders.folder",
  "pk": 1,
  "fields": {
    "created": "2020-04-23T16:17:41.254Z",
    "modified": "2020-04-23T16:17:41.254Z",
    "name": "MyFolder_admin",
    "comment": null
  }
},
{
  "model": "frontends.frontend",
  "pk": 1,
  "fields": {
    "created": "2020-04-23T16:17:29.795Z",
    "modified": "2020-04-23T16:17:29.795Z",
    "slug": "Web-foKmSGxB",
    "name": "Web",
    "comment": "For stints conducted over web browser"
  }
},
{
  "model": "frontends.frontend",
  "pk": 2,
  "fields": {
    "created": "2020-04-23T16:17:29.799Z",
    "modified": "2020-04-23T16:17:29.799Z",
    "slug": "Email-QUondgtA",
    "name": "Email",
    "comment": "For stints conducted over email"
  }
},
{
  "model": "frontends.frontend",
  "pk": 3,
  "fields": {
    "created": "2020-04-23T16:17:29.802Z",
    "modified": "2020-04-23T16:17:29.802Z",
    "slug": "SMS-NOhjZDUD",
    "name": "SMS",
    "comment": "For stints conducted over mobile sms"
  }
},
{
  "model": "modules.moduledefinition",
  "pk": 177,
  "fields": {
    "primary_frontend": 3,
    "primary_language": "en",
    "default_template": 3,
    "default_theme": 8,
    "start_era": null,
    "start_stage": null,
    "warden_stage": null,
    "mxgraph_xml": null,
    "min_team_size": 0,
    "max_team_size": 9,
    "version": 4,
    "keywords": []
  }
},
{
  "model": "roles.privilege",
  "pk": 1,
  "fields": {
    "created": "2017-12-20T21:54:34.248Z",
    "modified": "2018-01-10T16:41:22.950Z",
    "name": "create",
    "comment": null
  }
},
{
  "model": "roles.privilege",
  "pk": 2,
  "fields": {
    "created": "2017-12-20T21:54:39.744Z",
    "modified": "2018-01-10T16:41:22.952Z",
    "name": "read",
    "comment": null
  }
},
{
  "model": "roles.privilege",
  "pk": 3,
  "fields": {
    "created": "2017-12-20T21:54:44.607Z",
    "modified": "2018-01-10T16:41:22.954Z",
    "name": "update",
    "comment": null
  }
},
{
  "model": "roles.privilege",
  "pk": 4,
  "fields": {
    "created": "2017-12-20T21:54:48.720Z",
    "modified": "2018-01-10T16:41:22.956Z",
    "name": "delete",
    "comment": null
  }
},
{
  "model": "roles.privilege",
  "pk": 5,
  "fields": {
    "created": "2017-12-20T21:54:53.926Z",
    "modified": "2018-01-10T16:41:22.958Z",
    "name": "grant",
    "comment": null
  }
},
{
  "model": "roles.privilege",
  "pk": 6,
  "fields": {
    "created": "2017-12-20T21:54:58.150Z",
    "modified": "2018-01-10T16:41:22.960Z",
    "name": "revoke",
    "comment": null
  }
},
{
  "model": "roles.privilege",
  "pk": 7,
  "fields": {
    "created": "2017-12-20T21:55:09.615Z",
    "modified": "2018-01-10T16:41:22.962Z",
    "name": "export",
    "comment": null
  }
},
{
  "model": "roles.privilege",
  "pk": 8,
  "fields": {
    "created": "2017-12-20T21:55:09.615Z",
    "modified": "2018-01-10T16:41:22.962Z",
    "name": "start",
    "comment": null
  }
},
{
  "model": "roles.privilege",
  "pk": 9,
  "fields": {
    "created": "2017-12-20T21:55:09.615Z",
    "modified": "2018-01-10T16:41:22.962Z",
    "name": "stop",
    "comment": null
  }
},
{
  "model": "roles.privilege",
  "pk": 10,
  "fields": {
    "created": "2017-12-20T21:55:09.615Z",
    "modified": "2018-01-10T16:41:22.962Z",
    "name": "change",
    "comment": null
  }
},
{
  "model": "roles.privilege",
  "pk": 11,
  "fields": {
    "created": "2020-04-23T16:17:26.834Z",
    "modified": "2020-04-23T16:17:26.834Z",
    "name": "view_versions",
    "comment": "Allows user to view all versions of said object, irrespective of user owning each version."
  }
},
{
  "model": "roles.privilege",
  "pk": 12,
  "fields": {
    "created": "2018-07-26T16:06:10.615Z",
    "modified": "2018-07-26T16:06:10.615Z",
    "name": "read_data",
    "comment": "Allows user to review variables saved it the google datastore backend"
  }
},
{
  "model": "roles.privilege",
  "pk": 13,
  "fields": {
    "created": "2017-12-20T21:55:09.615Z",
    "modified": "2018-01-10T16:41:22.962Z",
    "name": "realize",
    "comment": null
  }
},
{
  "model": "roles.privilege",
  "pk": 14,
  "fields": {
    "created": "2019-03-12T17:23:07Z",
    "modified": "2019-03-12T17:23:07Z",
    "name": "comment",
    "comment": null
  }
},
{
  "model": "roles.privilege",
  "pk": 15,
  "fields": {
    "created": "2019-03-12T17:23:07Z",
    "modified": "2019-03-12T17:23:07Z",
    "name": "star",
    "comment": null
  }
},
{
  "model": "roles.roleparent",
  "pk": 1,
  "fields": {
    "created": "2020-04-23T16:17:26.851Z",
    "modified": "2020-04-23T16:17:26.851Z",
    "role": 2,
    "parent": 1
  }
},
{
  "model": "roles.roleparent",
  "pk": 2,
  "fields": {
    "created": "2020-04-23T16:17:26.852Z",
    "modified": "2020-04-23T16:17:26.851Z",
    "role": 4,
    "parent": 2
  }
},
{
  "model": "roles.roleparent",
  "pk": 3,
  "fields": {
    "created": "2020-04-23T16:17:26.852Z",
    "modified": "2020-04-23T16:17:26.851Z",
    "role": 3,
    "parent": 1
  }
},
{
  "model": "roles.roleparent",
  "pk": 4,
  "fields": {
    "created": "2020-04-23T16:17:26.853Z",
    "modified": "2020-04-23T16:17:26.851Z",
    "role": 4,
    "parent": 3
  }
},
{
  "model": "roles.role",
  "pk": 1,
  "fields": {
    "created": "2017-12-20T21:56:37.334Z",
    "modified": "2018-01-10T16:41:15.375Z",
    "name": "viewer",
    "comment": "Has read privilege",
    "privileges": [
      2,
      14,
      15
    ]
  }
},
{
  "model": "roles.role",
  "pk": 2,
  "fields": {
    "created": "2017-12-20T21:57:23.870Z",
    "modified": "2018-01-10T16:41:15.383Z",
    "name": "editor",
    "comment": "Has create, read, update, and delete privileges",
    "privileges": [
      1,
      3,
      4
    ]
  }
},
{
  "model": "roles.role",
  "pk": 3,
  "fields": {
    "created": "2017-12-20T21:58:04.091Z",
    "modified": "2018-01-10T16:41:15.391Z",
    "name": "administrator",
    "comment": "Has grant, revoke, export, start, stop, realize, and change privileges",
    "privileges": [
      5,
      6,
      7,
      8,
      9,
      10,
      11,
      12,
      13
    ]
  }
},
{
  "model": "roles.role",
  "pk": 4,
  "fields": {
    "created": "2017-12-20T21:55:45.222Z",
    "modified": "2018-01-10T16:41:15.366Z",
    "name": "owner",
    "comment": "Has all privileges belonging to editor and administrator roles. This includes create, read, update, delete, grant, revoke, and export",
    "privileges": []
  }
},
{
  "model": "templates.templatewidget",
  "pk": 1,
  "fields": {
    "created": "2020-04-23T16:17:34.885Z",
    "modified": "2020-04-23T16:17:34.885Z",
    "name": "Container",
    "comment": null,
    "template": 151,
    "widget": 91
  }
},
{
  "model": "templates.templatewidget",
  "pk": 2,
  "fields": {
    "created": "2020-04-23T16:17:34.893Z",
    "modified": "2020-04-23T16:17:34.893Z",
    "name": "Box",
    "comment": null,
    "template": 151,
    "widget": 49
  }
},
{
  "model": "templates.templatewidget",
  "pk": 3,
  "fields": {
    "created": "2020-04-23T16:17:34.905Z",
    "modified": "2020-04-23T16:17:34.905Z",
    "name": "Typography",
    "comment": null,
    "template": 151,
    "widget": 62
  }
},
{
  "model": "templates.templatewidget",
  "pk": 4,
  "fields": {
    "created": "2020-04-23T16:17:34.917Z",
    "modified": "2020-04-23T16:17:34.917Z",
    "name": "Paper",
    "comment": null,
    "template": 151,
    "widget": 54
  }
},
{
  "model": "templates.templatewidget",
  "pk": 5,
  "fields": {
    "created": "2020-04-23T16:17:34.925Z",
    "modified": "2020-04-23T16:17:34.925Z",
    "name": "Grid",
    "comment": null,
    "template": 151,
    "widget": 35
  }
},
{
  "model": "templates.templatewidget",
  "pk": 6,
  "fields": {
    "created": "2020-04-23T16:17:34.935Z",
    "modified": "2020-04-23T16:17:34.935Z",
    "name": "Button",
    "comment": null,
    "template": 151,
    "widget": 109
  }
},
{
  "model": "templates.templatewidget",
  "pk": 7,
  "fields": {
    "created": "2020-04-23T16:17:34.942Z",
    "modified": "2020-04-23T16:17:34.942Z",
    "name": "CssBaseline",
    "comment": null,
    "template": 151,
    "widget": 74
  }
},
{
  "model": "templates.templatewidget",
  "pk": 8,
  "fields": {
    "created": "2020-04-23T16:17:34.954Z",
    "modified": "2020-04-23T16:17:34.954Z",
    "name": "Toolbar",
    "comment": null,
    "template": 151,
    "widget": 125
  }
},
{
  "model": "templates.templatewidget",
  "pk": 9,
  "fields": {
    "created": "2020-04-23T16:17:34.965Z",
    "modified": "2020-04-23T16:17:34.965Z",
    "name": "AppBar",
    "comment": null,
    "template": 151,
    "widget": 37
  }
},
{
  "model": "templates.templateblocktranslation",
  "pk": 1,
  "fields": {
    "created": "2020-04-23T16:17:29.868Z",
    "modified": "2020-04-23T16:17:29.868Z",
    "template_block": 1,
    "language": "en",
    "content": "<Content/>",
    "frontend": 3
  }
},
{
  "model": "templates.templateblocktranslation",
  "pk": 2,
  "fields": {
    "created": "2020-04-23T16:17:29.903Z",
    "modified": "2020-04-23T16:17:29.903Z",
    "template_block": 2,
    "language": "en",
    "content": "<Content/>",
    "frontend": 3
  }
},
{
  "model": "templates.templateblocktranslation",
  "pk": 3,
  "fields": {
    "created": "2020-04-23T16:17:29.943Z",
    "modified": "2020-04-23T16:17:29.943Z",
    "template_block": 3,
    "language": "en",
    "content": "<Content/>",
    "frontend": 2
  }
},
{
  "model": "templates.templateblocktranslation",
  "pk": 4,
  "fields": {
    "created": "2020-04-23T16:17:30.002Z",
    "modified": "2020-04-23T16:17:30.002Z",
    "template_block": 4,
    "language": "en",
    "content": "<Content/>",
    "frontend": 3
  }
},
{
  "model": "templates.templateblocktranslation",
  "pk": 5,
  "fields": {
    "created": "2020-04-23T16:17:30.042Z",
    "modified": "2020-04-23T16:17:30.042Z",
    "template_block": 5,
    "language": "en",
    "content": "<Content/><Widget.NextButton/>",
    "frontend": 1
  }
},
{
  "model": "templates.templateblocktranslation",
  "pk": 6,
  "fields": {
    "created": "2020-04-23T16:17:30.085Z",
    "modified": "2020-04-23T16:17:30.085Z",
    "template_block": 6,
    "language": "en",
    "content": "<Content/>",
    "frontend": 3
  }
},
{
  "model": "templates.templateblocktranslation",
  "pk": 7,
  "fields": {
    "created": "2020-04-23T16:17:34.986Z",
    "modified": "2020-04-23T16:17:34.986Z",
    "template_block": 7,
    "language": "ru",
    "content": "<style dangerouslySetInnerHTML={{__html: `\n      h1 { font-size: 2em; }\n      p { color: red; font-size: 1.5em; }\n      #body { width: 90%; height: 100%; margin: auto; background: white; padding-left: 125px; padding-top: 10px; padding-right: 125px; box-sizing: border-box;}\n      #canvas { background: silver; width: 100%; height: 100%; box-sizing: border-box;}\n    `}} />\n<div id=\"canvas\">\n<div id=\"body\">\n<Header/>\n<Content/>\n<Footer/>\n</div>\n</div>",
    "frontend": 3
  }
},
{
  "model": "templates.templateblocktranslation",
  "pk": 8,
  "fields": {
    "created": "2020-04-23T16:17:34.997Z",
    "modified": "2020-04-23T16:17:34.997Z",
    "template_block": 7,
    "language": "ab",
    "content": "<CssBaseline /> \n<AppBar position=\"absolute\" color=\"default\">\n\t<Toolbar>\n\t\t<Typography variant=\"h6\" color=\"inherit\" noWrap>\n\t\t\tThe PennSoNG LENNS project\n\t\t</Typography>\n\t</Toolbar>\n</AppBar>\n<Container maxWidth=\"md\">\n\t<Box mt={10} maxHeight={758} >\n\t\t<Paper >\n\t\t\t<Box p={5} minHeight={600} >\n\t\t\t\t<Header/>\n\t\t\t\t<Box pt={3} >\n\t\t\t\t\t<Content/>\n\t\t\t\t</Box >\n\t\t\t</Box >\n\t\t</Paper>\n\t</Box>\n\t<Box p={5} >\n\t\t<Footer />\n\t</Box >\n\t<Grid container justify=\"center\">\n\t\t<img alt=\"PennSoNG\" src=\"https://cpb-us-w2.wpmucdn.com/web.sas.upenn.edu/dist/3/28/files/2017/12/PENNSoNG-logo-horiz-13icmng-632x134.png\" height={50} width=\"auto\" />\n\t</Grid >\n</Container>",
    "frontend": 3
  }
},
{
  "model": "templates.templateblocktranslation",
  "pk": 9,
  "fields": {
    "created": "2020-04-23T16:17:35.007Z",
    "modified": "2020-04-23T16:17:35.007Z",
    "template_block": 7,
    "language": "en",
    "content": "<CssBaseline /> \n<AppBar position=\"absolute\" color=\"default\">\n\t<Toolbar>\n\t\t<Typography variant=\"h6\" color=\"inherit\" noWrap>\n\t\t\tThe PennSoNG LENNS project\n\t\t</Typography>\n\t</Toolbar>\n</AppBar>\n<Container maxWidth=\"lg\">\n\t<Box mt={10} >\n\t\t<Paper >\n\t\t\t<Box p={5} minHeight={600} >\n\t\t\t\t<Typography variant='h2' align='center'><Header/></Typography><br/><Typography variant='h5' align='center'><Subheader/></Typography>\n\t\t\t\t<Box pt={3} >\n\t\t\t\t\t<Content/>\n\t\t\t\t</Box >\n\t\t\t</Box >\n\t\t</Paper>\n\t</Box>\n\t<Box p={5} >\n\t\t<Footer />\n\t</Box >\n\t<Grid container justify=\"center\">\n\t\t<img alt=\"PennSoNG\" src=\"https://cpb-us-w2.wpmucdn.com/web.sas.upenn.edu/dist/3/28/files/2017/12/PENNSoNG-logo-horiz-13icmng-632x134.png\" height={50} width=\"auto\" />\n\t</Grid >\n</Container>",
    "frontend": 1
  }
},
{
  "model": "templates.templateblock",
  "pk": 1,
  "fields": {
    "created": "2020-04-23T16:17:29.838Z",
    "modified": "2020-04-23T16:17:29.838Z",
    "template": 1,
    "name": "Root"
  }
},
{
  "model": "templates.templateblock",
  "pk": 2,
  "fields": {
    "created": "2020-04-23T16:17:29.894Z",
    "modified": "2020-04-23T16:17:29.894Z",
    "template": 2,
    "name": "Root"
  }
},
{
  "model": "templates.templateblock",
  "pk": 3,
  "fields": {
    "created": "2020-04-23T16:17:29.932Z",
    "modified": "2020-04-23T16:17:29.932Z",
    "template": 3,
    "name": "Root"
  }
},
{
  "model": "templates.templateblock",
  "pk": 4,
  "fields": {
    "created": "2020-04-23T16:17:29.994Z",
    "modified": "2020-04-23T16:17:29.994Z",
    "template": 5,
    "name": "Root"
  }
},
{
  "model": "templates.templateblock",
  "pk": 5,
  "fields": {
    "created": "2020-04-23T16:17:30.030Z",
    "modified": "2020-04-23T16:17:30.030Z",
    "template": 6,
    "name": "Root"
  }
},
{
  "model": "templates.templateblock",
  "pk": 6,
  "fields": {
    "created": "2020-04-23T16:17:30.071Z",
    "modified": "2020-04-23T16:17:30.071Z",
    "template": 7,
    "name": "Root"
  }
},
{
  "model": "templates.templateblock",
  "pk": 7,
  "fields": {
    "created": "2020-04-23T16:17:34.973Z",
    "modified": "2020-04-23T16:17:34.973Z",
    "template": 151,
    "name": "Root"
  }
},
{
  "model": "templates.template",
  "pk": 1,
  "fields": {
    "parental_template": null,
    "frontend": 1,
    "primary_language": "en",
    "keywords": []
  }
},
{
  "model": "templates.template",
  "pk": 2,
  "fields": {
    "parental_template": null,
    "frontend": 2,
    "primary_language": "en",
    "keywords": []
  }
},
{
  "model": "templates.template",
  "pk": 3,
  "fields": {
    "parental_template": null,
    "frontend": 3,
    "primary_language": "en",
    "keywords": []
  }
},
{
  "model": "templates.template",
  "pk": 5,
  "fields": {
    "parental_template": null,
    "frontend": 3,
    "primary_language": "en",
    "keywords": []
  }
},
{
  "model": "templates.template",
  "pk": 6,
  "fields": {
    "parental_template": null,
    "frontend": 1,
    "primary_language": "en",
    "keywords": []
  }
},
{
  "model": "templates.template",
  "pk": 7,
  "fields": {
    "parental_template": null,
    "frontend": 2,
    "primary_language": "en",
    "keywords": []
  }
},
{
  "model": "templates.template",
  "pk": 151,
  "fields": {
    "parental_template": null,
    "frontend": 1,
    "primary_language": "en",
    "keywords": []
  }
},
{
  "model": "themes.theme",
  "pk": 8,
  "fields": {
    "logo": null,
    "legal_text": null,
    "keywords": []
  }
},
{
  "model": "users.user",
  "pk": 1,
  "fields": {
    "password": "argon2$argon2i$v=19$m=512,t=2,p=2$SmpncWRUbjhCcUs2$2pTwHv/j15RCqs/E5AglrA",
    "last_login": null,
    "username": "admin",
    "is_active": true,
    "is_superuser": true,
    "is_creator": false,
    "date_joined": "2020-04-23T16:17:41.260Z",
    "profile": {},
    "experience": [],
    "profile_image": null,
    "privacy": "global",
    "my_folder": 1,
    "groups": []
  }
},
{
  "model": "widgets.widgetstate",
  "pk": 1,
  "fields": {
    "created": "2020-04-23T16:17:31.951Z",
    "modified": "2020-04-23T16:17:31.951Z",
    "name": "result",
    "comment": null,
    "widget": 66,
    "default_value": null,
    "from_prop": false
  }
},
{
  "model": "widgets.widgetstate",
  "pk": 2,
  "fields": {
    "created": "2020-04-23T16:17:34.493Z",
    "modified": "2020-04-23T16:17:34.493Z",
    "name": "value",
    "comment": null,
    "widget": 139,
    "default_value": null,
    "from_prop": false
  }
},
{
  "model": "widgets.widgetstate",
  "pk": 3,
  "fields": {
    "created": "2020-04-23T16:17:35.552Z",
    "modified": "2020-04-23T16:17:35.552Z",
    "name": "autoDisable",
    "comment": null,
    "widget": 160,
    "default_value": "False",
    "from_prop": false
  }
},
{
  "model": "widgets.widgetstate",
  "pk": 4,
  "fields": {
    "created": "2020-04-23T16:17:36.258Z",
    "modified": "2020-04-23T16:17:36.258Z",
    "name": "value",
    "comment": null,
    "widget": 168,
    "default_value": null,
    "from_prop": false
  }
},
{
  "model": "widgets.widgetstate",
  "pk": 5,
  "fields": {
    "created": "2020-04-23T16:17:36.373Z",
    "modified": "2020-04-23T16:17:36.373Z",
    "name": "useLocation",
    "comment": null,
    "widget": 170,
    "default_value": null,
    "from_prop": false
  }
},
{
  "model": "widgets.widgetstate",
  "pk": 6,
  "fields": {
    "created": "2020-04-23T16:17:36.460Z",
    "modified": "2020-04-23T16:17:36.460Z",
    "name": "close",
    "comment": null,
    "widget": 171,
    "default_value": null,
    "from_prop": false
  }
},
{
  "model": "widgets.widgetstate",
  "pk": 7,
  "fields": {
    "created": "2020-04-23T16:17:36.621Z",
    "modified": "2020-04-23T16:17:36.621Z",
    "name": "stateValue",
    "comment": null,
    "widget": 172,
    "default_value": null,
    "from_prop": false
  }
},
{
  "model": "widgets.widgetevent",
  "pk": 1,
  "fields": {
    "created": "2020-04-23T16:17:30.668Z",
    "modified": "2020-04-23T16:17:30.668Z",
    "name": "",
    "event_type": "onChange",
    "widget": 26
  }
},
{
  "model": "widgets.widgetevent",
  "pk": 2,
  "fields": {
    "created": "2020-04-23T16:17:30.677Z",
    "modified": "2020-04-23T16:17:30.677Z",
    "name": "",
    "event_type": "onFocus",
    "widget": 26
  }
},
{
  "model": "widgets.widgetevent",
  "pk": 3,
  "fields": {
    "created": "2020-04-23T16:17:30.689Z",
    "modified": "2020-04-23T16:17:30.689Z",
    "name": "",
    "event_type": "onBlur",
    "widget": 26
  }
},
{
  "model": "widgets.widgetevent",
  "pk": 4,
  "fields": {
    "created": "2020-04-23T16:17:31.940Z",
    "modified": "2020-04-23T16:17:31.940Z",
    "name": "",
    "event_type": "onScan",
    "widget": 66
  }
},
{
  "model": "widgets.widgetevent",
  "pk": 5,
  "fields": {
    "created": "2020-04-23T16:17:32.781Z",
    "modified": "2020-04-23T16:17:32.781Z",
    "name": "",
    "event_type": "onReply",
    "widget": 92
  }
},
{
  "model": "widgets.widgetevent",
  "pk": 6,
  "fields": {
    "created": "2020-04-23T16:17:33.334Z",
    "modified": "2020-04-23T16:17:33.334Z",
    "name": "",
    "event_type": "onClick",
    "widget": 109
  }
},
{
  "model": "widgets.widgetevent",
  "pk": 7,
  "fields": {
    "created": "2020-04-23T16:17:34.436Z",
    "modified": "2020-04-23T16:17:34.436Z",
    "name": "",
    "event_type": "onChange",
    "widget": 139
  }
},
{
  "model": "widgets.widgetevent",
  "pk": 8,
  "fields": {
    "created": "2020-04-23T16:17:34.534Z",
    "modified": "2020-04-23T16:17:34.534Z",
    "name": "",
    "event_type": "onClick",
    "widget": 140
  }
},
{
  "model": "widgets.widgetevent",
  "pk": 9,
  "fields": {
    "created": "2020-04-23T16:17:34.540Z",
    "modified": "2020-04-23T16:17:34.540Z",
    "name": "",
    "event_type": "onChange",
    "widget": 140
  }
},
{
  "model": "widgets.widgetevent",
  "pk": 10,
  "fields": {
    "created": "2020-04-23T16:17:34.552Z",
    "modified": "2020-04-23T16:17:34.552Z",
    "name": "",
    "event_type": "onBlur",
    "widget": 140
  }
},
{
  "model": "widgets.widgetevent",
  "pk": 11,
  "fields": {
    "created": "2020-04-23T16:17:35.112Z",
    "modified": "2020-04-23T16:17:35.112Z",
    "name": "",
    "event_type": "onBlur",
    "widget": 153
  }
},
{
  "model": "widgets.widgetevent",
  "pk": 12,
  "fields": {
    "created": "2020-04-23T16:17:35.123Z",
    "modified": "2020-04-23T16:17:35.123Z",
    "name": "",
    "event_type": "onChange",
    "widget": 153
  }
},
{
  "model": "widgets.widgetevent",
  "pk": 13,
  "fields": {
    "created": "2020-04-23T16:17:35.243Z",
    "modified": "2020-04-23T16:17:35.243Z",
    "name": "",
    "event_type": "onScan",
    "widget": 155
  }
},
{
  "model": "widgets.widgetevent",
  "pk": 14,
  "fields": {
    "created": "2020-04-23T16:17:35.356Z",
    "modified": "2020-04-23T16:17:35.356Z",
    "name": "",
    "event_type": "onClick",
    "widget": 157
  }
},
{
  "model": "widgets.widgetevent",
  "pk": 15,
  "fields": {
    "created": "2020-04-23T16:17:35.461Z",
    "modified": "2020-04-23T16:17:35.461Z",
    "name": "",
    "event_type": "onChange",
    "widget": 159
  }
},
{
  "model": "widgets.widgetevent",
  "pk": 16,
  "fields": {
    "created": "2020-04-23T16:17:35.521Z",
    "modified": "2020-04-23T16:17:35.521Z",
    "name": "",
    "event_type": "onClick",
    "widget": 160
  }
},
{
  "model": "widgets.widgetevent",
  "pk": 17,
  "fields": {
    "created": "2020-04-23T16:17:35.615Z",
    "modified": "2020-04-23T16:17:35.615Z",
    "name": "",
    "event_type": "onChange",
    "widget": 161
  }
},
{
  "model": "widgets.widgetevent",
  "pk": 18,
  "fields": {
    "created": "2020-04-23T16:17:35.736Z",
    "modified": "2020-04-23T16:17:35.736Z",
    "name": "",
    "event_type": "onKeyDown",
    "widget": 162
  }
},
{
  "model": "widgets.widgetevent",
  "pk": 19,
  "fields": {
    "created": "2020-04-23T16:17:35.742Z",
    "modified": "2020-04-23T16:17:35.742Z",
    "name": "",
    "event_type": "onBlur",
    "widget": 162
  }
},
{
  "model": "widgets.widgetevent",
  "pk": 20,
  "fields": {
    "created": "2020-04-23T16:17:35.754Z",
    "modified": "2020-04-23T16:17:35.754Z",
    "name": "",
    "event_type": "onChange",
    "widget": 162
  }
},
{
  "model": "widgets.widgetevent",
  "pk": 21,
  "fields": {
    "created": "2020-04-23T16:17:35.760Z",
    "modified": "2020-04-23T16:17:35.760Z",
    "name": "",
    "event_type": "onFocus",
    "widget": 162
  }
},
{
  "model": "widgets.widgetevent",
  "pk": 22,
  "fields": {
    "created": "2020-04-23T16:17:35.989Z",
    "modified": "2020-04-23T16:17:35.989Z",
    "name": "",
    "event_type": "onChange",
    "widget": 165
  }
},
{
  "model": "widgets.widgetevent",
  "pk": 23,
  "fields": {
    "created": "2020-04-23T16:17:35.998Z",
    "modified": "2020-04-23T16:17:35.998Z",
    "name": "",
    "event_type": "onBlur",
    "widget": 165
  }
},
{
  "model": "widgets.widgetevent",
  "pk": 24,
  "fields": {
    "created": "2020-04-23T16:17:36.005Z",
    "modified": "2020-04-23T16:17:36.005Z",
    "name": "",
    "event_type": "onKeyDown",
    "widget": 165
  }
},
{
  "model": "widgets.widgetevent",
  "pk": 25,
  "fields": {
    "created": "2020-04-23T16:17:36.209Z",
    "modified": "2020-04-23T16:17:36.209Z",
    "name": "",
    "event_type": "onFocus",
    "widget": 168
  }
},
{
  "model": "widgets.widgetevent",
  "pk": 26,
  "fields": {
    "created": "2020-04-23T16:17:36.221Z",
    "modified": "2020-04-23T16:17:36.221Z",
    "name": "",
    "event_type": "onBlur",
    "widget": 168
  }
},
{
  "model": "widgets.widgetevent",
  "pk": 27,
  "fields": {
    "created": "2020-04-23T16:17:36.231Z",
    "modified": "2020-04-23T16:17:36.231Z",
    "name": "",
    "event_type": "onChange",
    "widget": 168
  }
},
{
  "model": "widgets.widgetevent",
  "pk": 28,
  "fields": {
    "created": "2020-04-23T16:17:36.366Z",
    "modified": "2020-04-23T16:17:36.366Z",
    "name": "button",
    "event_type": "onClick",
    "widget": 170
  }
},
{
  "model": "widgets.widgetevent",
  "pk": 29,
  "fields": {
    "created": "2020-04-23T16:17:36.544Z",
    "modified": "2020-04-23T16:17:36.544Z",
    "name": "",
    "event_type": "onClick",
    "widget": 172
  }
},
{
  "model": "widgets.widgetevent",
  "pk": 30,
  "fields": {
    "created": "2020-04-23T16:17:36.556Z",
    "modified": "2020-04-23T16:17:36.556Z",
    "name": "",
    "event_type": "onChange",
    "widget": 172
  }
},
{
  "model": "widgets.widgetevent",
  "pk": 31,
  "fields": {
    "created": "2020-04-23T16:17:36.673Z",
    "modified": "2020-04-23T16:17:36.673Z",
    "name": "",
    "event_type": "onClick",
    "widget": 173
  }
},
{
  "model": "widgets.widgetevent",
  "pk": 32,
  "fields": {
    "created": "2020-04-23T16:17:36.732Z",
    "modified": "2020-04-23T16:17:36.732Z",
    "name": "",
    "event_type": "onFocus",
    "widget": 174
  }
},
{
  "model": "widgets.widgetevent",
  "pk": 33,
  "fields": {
    "created": "2020-04-23T16:17:36.739Z",
    "modified": "2020-04-23T16:17:36.739Z",
    "name": "",
    "event_type": "onChange",
    "widget": 174
  }
},
{
  "model": "widgets.widgetevent",
  "pk": 34,
  "fields": {
    "created": "2020-04-23T16:17:36.799Z",
    "modified": "2020-04-23T16:17:36.799Z",
    "name": "",
    "event_type": "onClick",
    "widget": 175
  }
},
{
  "model": "widgets.widgetevent",
  "pk": 35,
  "fields": {
    "created": "2020-04-23T16:17:36.870Z",
    "modified": "2020-04-23T16:17:36.870Z",
    "name": "",
    "event_type": "onChange",
    "widget": 176
  }
},
{
  "model": "widgets.widgeteventstep",
  "pk": 1,
  "fields": {
    "created": "2020-04-23T16:17:31.956Z",
    "modified": "2020-04-23T16:17:31.956Z",
    "widget_event": 4,
    "code": "if (data) {\n  setResult({\n    result: data\n  })\n}",
    "event_action_type": "run_code",
    "order": 0
  }
},
{
  "model": "widgets.widgeteventstep",
  "pk": 2,
  "fields": {
    "created": "2020-04-23T16:17:32.787Z",
    "modified": "2020-04-23T16:17:32.787Z",
    "widget_event": 5,
    "code": null,
    "event_action_type": "submit",
    "order": 0
  }
},
{
  "model": "widgets.widgeteventstep",
  "pk": 3,
  "fields": {
    "created": "2020-04-23T16:17:35.378Z",
    "modified": "2020-04-23T16:17:35.378Z",
    "widget_event": 14,
    "code": "closeDialog(true)",
    "event_action_type": "run_code",
    "order": 0
  }
},
{
  "model": "widgets.widgeteventstep",
  "pk": 4,
  "fields": {
    "created": "2020-04-23T16:17:35.470Z",
    "modified": "2020-04-23T16:17:35.470Z",
    "widget_event": 15,
    "code": "parent.setState({value: args[0]})",
    "event_action_type": "run_code",
    "order": 0
  }
},
{
  "model": "widgets.widgeteventstep",
  "pk": 5,
  "fields": {
    "created": "2020-04-23T16:17:35.557Z",
    "modified": "2020-04-23T16:17:35.557Z",
    "widget_event": 16,
    "code": "setAutoDisable(true);",
    "event_action_type": "run_code",
    "order": 0
  }
},
{
  "model": "widgets.widgeteventstep",
  "pk": 6,
  "fields": {
    "created": "2020-04-23T16:17:35.789Z",
    "modified": "2020-04-23T16:17:35.789Z",
    "widget_event": 18,
    "code": "const key_val = event.which;\n    if ((key_val < 48 || key_val > 57) && (!([8, 9, 13, 37, 38, 39, 40, 46].includes(key_val)))){\n      event.preventDefault();\n    }",
    "event_action_type": "run_code",
    "order": 0
  }
},
{
  "model": "widgets.widgeteventstep",
  "pk": 7,
  "fields": {
    "created": "2020-04-23T16:17:36.379Z",
    "modified": "2020-04-23T16:17:36.379Z",
    "widget_event": 28,
    "code": "if (useLocation){\n  setUseLocation(false);\n}\nelse {\n  setUseLocation(true);\n}",
    "event_action_type": "run_code",
    "order": 0
  }
},
{
  "model": "widgets.widgeteventstep",
  "pk": 8,
  "fields": {
    "created": "2020-04-23T16:17:36.626Z",
    "modified": "2020-04-23T16:17:36.626Z",
    "widget_event": 29,
    "code": "if (event.target.value != null){\n  setStateValue(event.target.value);}",
    "event_action_type": "run_code",
    "order": 0
  }
},
{
  "model": "widgets.widgeteventstep",
  "pk": 9,
  "fields": {
    "created": "2020-04-23T16:17:36.682Z",
    "modified": "2020-04-23T16:17:36.682Z",
    "widget_event": 31,
    "code": null,
    "event_action_type": "submit",
    "order": 0
  }
},
{
  "model": "widgets.widgeteventstep",
  "pk": 10,
  "fields": {
    "created": "2020-04-23T16:17:36.811Z",
    "modified": "2020-04-23T16:17:36.811Z",
    "widget_event": 34,
    "code": null,
    "event_action_type": "back",
    "order": 0
  }
},
{
  "model": "widgets.widgetprop",
  "pk": 1,
  "fields": {
    "created": "2020-04-23T16:17:33.340Z",
    "modified": "2020-04-23T16:17:33.340Z",
    "name": "id",
    "comment": null,
    "widget": 109,
    "default_value": "mui-button",
    "preview_value": null
  }
},
{
  "model": "widgets.widgetprop",
  "pk": 2,
  "fields": {
    "created": "2020-04-23T16:17:34.307Z",
    "modified": "2020-04-23T16:17:34.307Z",
    "name": "id",
    "comment": null,
    "widget": 137,
    "default_value": "submit-button",
    "preview_value": null
  }
},
{
  "model": "widgets.widgetprop",
  "pk": 3,
  "fields": {
    "created": "2020-04-23T16:17:34.320Z",
    "modified": "2020-04-23T16:17:34.320Z",
    "name": "color",
    "comment": null,
    "widget": 137,
    "default_value": "primary",
    "preview_value": null
  }
},
{
  "model": "widgets.widgetprop",
  "pk": 4,
  "fields": {
    "created": "2020-04-23T16:17:34.325Z",
    "modified": "2020-04-23T16:17:34.325Z",
    "name": "variant",
    "comment": null,
    "widget": 137,
    "default_value": "contained",
    "preview_value": null
  }
},
{
  "model": "widgets.widgetprop",
  "pk": 5,
  "fields": {
    "created": "2020-04-23T16:17:34.442Z",
    "modified": "2020-04-23T16:17:34.442Z",
    "name": "label",
    "comment": null,
    "widget": 139,
    "default_value": null,
    "preview_value": null
  }
},
{
  "model": "widgets.widgetprop",
  "pk": 6,
  "fields": {
    "created": "2020-04-23T16:17:34.452Z",
    "modified": "2020-04-23T16:17:34.452Z",
    "name": "row",
    "comment": null,
    "widget": 139,
    "default_value": null,
    "preview_value": null
  }
},
{
  "model": "widgets.widgetprop",
  "pk": 7,
  "fields": {
    "created": "2020-04-23T16:17:34.457Z",
    "modified": "2020-04-23T16:17:34.457Z",
    "name": "defaultValue",
    "comment": null,
    "widget": 139,
    "default_value": null,
    "preview_value": null
  }
},
{
  "model": "widgets.widgetprop",
  "pk": 8,
  "fields": {
    "created": "2020-04-23T16:17:34.466Z",
    "modified": "2020-04-23T16:17:34.466Z",
    "name": "disabled",
    "comment": null,
    "widget": 139,
    "default_value": null,
    "preview_value": null
  }
},
{
  "model": "widgets.widgetprop",
  "pk": 9,
  "fields": {
    "created": "2020-04-23T16:17:34.471Z",
    "modified": "2020-04-23T16:17:34.471Z",
    "name": "id",
    "comment": null,
    "widget": 139,
    "default_value": null,
    "preview_value": null
  }
},
{
  "model": "widgets.widgetprop",
  "pk": 10,
  "fields": {
    "created": "2020-04-23T16:17:34.476Z",
    "modified": "2020-04-23T16:17:34.476Z",
    "name": "name",
    "comment": null,
    "widget": 139,
    "default_value": null,
    "preview_value": null
  }
},
{
  "model": "widgets.widgetprop",
  "pk": 11,
  "fields": {
    "created": "2020-04-23T16:17:34.487Z",
    "modified": "2020-04-23T16:17:34.487Z",
    "name": "gqlId",
    "comment": null,
    "widget": 139,
    "default_value": null,
    "preview_value": null
  }
},
{
  "model": "widgets.widgetprop",
  "pk": 12,
  "fields": {
    "created": "2020-04-23T16:17:34.558Z",
    "modified": "2020-04-23T16:17:34.558Z",
    "name": "value",
    "comment": null,
    "widget": 140,
    "default_value": null,
    "preview_value": null
  }
},
{
  "model": "widgets.widgetprop",
  "pk": 13,
  "fields": {
    "created": "2020-04-23T16:17:35.131Z",
    "modified": "2020-04-23T16:17:35.131Z",
    "name": "label",
    "comment": null,
    "widget": 153,
    "default_value": null,
    "preview_value": null
  }
},
{
  "model": "widgets.widgetprop",
  "pk": 14,
  "fields": {
    "created": "2020-04-23T16:17:35.137Z",
    "modified": "2020-04-23T16:17:35.137Z",
    "name": "defaultValue",
    "comment": null,
    "widget": 153,
    "default_value": null,
    "preview_value": null
  }
},
{
  "model": "widgets.widgetprop",
  "pk": 15,
  "fields": {
    "created": "2020-04-23T16:17:35.255Z",
    "modified": "2020-04-23T16:17:35.255Z",
    "name": "helperText",
    "comment": null,
    "widget": 155,
    "default_value": null,
    "preview_value": null
  }
},
{
  "model": "widgets.widgetprop",
  "pk": 16,
  "fields": {
    "created": "2020-04-23T16:17:35.260Z",
    "modified": "2020-04-23T16:17:35.260Z",
    "name": "OptionalInput",
    "comment": null,
    "widget": 155,
    "default_value": null,
    "preview_value": null
  }
},
{
  "model": "widgets.widgetprop",
  "pk": 17,
  "fields": {
    "created": "2020-04-23T16:17:35.268Z",
    "modified": "2020-04-23T16:17:35.268Z",
    "name": "defaultValue",
    "comment": null,
    "widget": 155,
    "default_value": null,
    "preview_value": null
  }
},
{
  "model": "widgets.widgetprop",
  "pk": 18,
  "fields": {
    "created": "2020-04-23T16:17:35.367Z",
    "modified": "2020-04-23T16:17:35.367Z",
    "name": "closeDialog",
    "comment": null,
    "widget": 157,
    "default_value": null,
    "preview_value": null
  }
},
{
  "model": "widgets.widgetprop",
  "pk": 19,
  "fields": {
    "created": "2020-04-23T16:17:35.372Z",
    "modified": "2020-04-23T16:17:35.372Z",
    "name": "fullWidth",
    "comment": null,
    "widget": 157,
    "default_value": null,
    "preview_value": null
  }
},
{
  "model": "widgets.widgetprop",
  "pk": 20,
  "fields": {
    "created": "2020-04-23T16:17:35.531Z",
    "modified": "2020-04-23T16:17:35.531Z",
    "name": "disabled",
    "comment": null,
    "widget": 160,
    "default_value": null,
    "preview_value": null
  }
},
{
  "model": "widgets.widgetprop",
  "pk": 21,
  "fields": {
    "created": "2020-04-23T16:17:35.537Z",
    "modified": "2020-04-23T16:17:35.537Z",
    "name": "variant",
    "comment": null,
    "widget": 160,
    "default_value": null,
    "preview_value": null
  }
},
{
  "model": "widgets.widgetprop",
  "pk": 22,
  "fields": {
    "created": "2020-04-23T16:17:35.541Z",
    "modified": "2020-04-23T16:17:35.541Z",
    "name": "color",
    "comment": null,
    "widget": 160,
    "default_value": null,
    "preview_value": null
  }
},
{
  "model": "widgets.widgetprop",
  "pk": 23,
  "fields": {
    "created": "2020-04-23T16:17:35.624Z",
    "modified": "2020-04-23T16:17:35.624Z",
    "name": "label",
    "comment": null,
    "widget": 161,
    "default_value": null,
    "preview_value": null
  }
},
{
  "model": "widgets.widgetprop",
  "pk": 24,
  "fields": {
    "created": "2020-04-23T16:17:35.632Z",
    "modified": "2020-04-23T16:17:35.632Z",
    "name": "value",
    "comment": null,
    "widget": 161,
    "default_value": null,
    "preview_value": null
  }
},
{
  "model": "widgets.widgetprop",
  "pk": 25,
  "fields": {
    "created": "2020-04-23T16:17:35.637Z",
    "modified": "2020-04-23T16:17:35.637Z",
    "name": "disabled",
    "comment": null,
    "widget": 161,
    "default_value": null,
    "preview_value": null
  }
},
{
  "model": "widgets.widgetprop",
  "pk": 26,
  "fields": {
    "created": "2020-04-23T16:17:35.642Z",
    "modified": "2020-04-23T16:17:35.642Z",
    "name": "id",
    "comment": null,
    "widget": 161,
    "default_value": null,
    "preview_value": null
  }
},
{
  "model": "widgets.widgetprop",
  "pk": 27,
  "fields": {
    "created": "2020-04-23T16:17:35.653Z",
    "modified": "2020-04-23T16:17:35.653Z",
    "name": "helperText",
    "comment": null,
    "widget": 161,
    "default_value": null,
    "preview_value": null
  }
},
{
  "model": "widgets.widgetprop",
  "pk": 28,
  "fields": {
    "created": "2020-04-23T16:17:35.658Z",
    "modified": "2020-04-23T16:17:35.658Z",
    "name": "gqlId",
    "comment": null,
    "widget": 161,
    "default_value": null,
    "preview_value": null
  }
},
{
  "model": "widgets.widgetprop",
  "pk": 29,
  "fields": {
    "created": "2020-04-23T16:17:35.666Z",
    "modified": "2020-04-23T16:17:35.666Z",
    "name": "name",
    "comment": null,
    "widget": 161,
    "default_value": null,
    "preview_value": null
  }
},
{
  "model": "widgets.widgetprop",
  "pk": 30,
  "fields": {
    "created": "2020-04-23T16:17:35.770Z",
    "modified": "2020-04-23T16:17:35.770Z",
    "name": "label",
    "comment": null,
    "widget": 162,
    "default_value": null,
    "preview_value": null
  }
},
{
  "model": "widgets.widgetprop",
  "pk": 31,
  "fields": {
    "created": "2020-04-23T16:17:35.774Z",
    "modified": "2020-04-23T16:17:35.774Z",
    "name": "defaultValue",
    "comment": null,
    "widget": 162,
    "default_value": null,
    "preview_value": null
  }
},
{
  "model": "widgets.widgetprop",
  "pk": 32,
  "fields": {
    "created": "2020-04-23T16:17:35.784Z",
    "modified": "2020-04-23T16:17:35.784Z",
    "name": "error",
    "comment": null,
    "widget": 162,
    "default_value": null,
    "preview_value": null
  }
},
{
  "model": "widgets.widgetprop",
  "pk": 33,
  "fields": {
    "created": "2020-04-23T16:17:35.890Z",
    "modified": "2020-04-23T16:17:35.890Z",
    "name": "imageUrl",
    "comment": null,
    "widget": 164,
    "default_value": null,
    "preview_value": null
  }
},
{
  "model": "widgets.widgetprop",
  "pk": 34,
  "fields": {
    "created": "2020-04-23T16:17:35.897Z",
    "modified": "2020-04-23T16:17:35.897Z",
    "name": "imageWidth",
    "comment": null,
    "widget": 164,
    "default_value": 200,
    "preview_value": null
  }
},
{
  "model": "widgets.widgetprop",
  "pk": 35,
  "fields": {
    "created": "2020-04-23T16:17:35.903Z",
    "modified": "2020-04-23T16:17:35.903Z",
    "name": "imageHeight",
    "comment": null,
    "widget": 164,
    "default_value": 250,
    "preview_value": null
  }
},
{
  "model": "widgets.widgetprop",
  "pk": 36,
  "fields": {
    "created": "2020-04-23T16:17:35.908Z",
    "modified": "2020-04-23T16:17:35.908Z",
    "name": "label",
    "comment": null,
    "widget": 164,
    "default_value": null,
    "preview_value": null
  }
},
{
  "model": "widgets.widgetprop",
  "pk": 37,
  "fields": {
    "created": "2020-04-23T16:17:35.918Z",
    "modified": "2020-04-23T16:17:35.918Z",
    "name": "defaultValue",
    "comment": null,
    "widget": 164,
    "default_value": null,
    "preview_value": null
  }
},
{
  "model": "widgets.widgetprop",
  "pk": 38,
  "fields": {
    "created": "2020-04-23T16:17:35.923Z",
    "modified": "2020-04-23T16:17:35.923Z",
    "name": "disabled",
    "comment": null,
    "widget": 164,
    "default_value": null,
    "preview_value": null
  }
},
{
  "model": "widgets.widgetprop",
  "pk": 39,
  "fields": {
    "created": "2020-04-23T16:17:35.931Z",
    "modified": "2020-04-23T16:17:35.931Z",
    "name": "id",
    "comment": null,
    "widget": 164,
    "default_value": null,
    "preview_value": null
  }
},
{
  "model": "widgets.widgetprop",
  "pk": 40,
  "fields": {
    "created": "2020-04-23T16:17:35.937Z",
    "modified": "2020-04-23T16:17:35.937Z",
    "name": "helperText",
    "comment": null,
    "widget": 164,
    "default_value": null,
    "preview_value": null
  }
},
{
  "model": "widgets.widgetprop",
  "pk": 41,
  "fields": {
    "created": "2020-04-23T16:17:36.017Z",
    "modified": "2020-04-23T16:17:36.017Z",
    "name": "defaultValue",
    "comment": null,
    "widget": 165,
    "default_value": null,
    "preview_value": null
  }
},
{
  "model": "widgets.widgetprop",
  "pk": 42,
  "fields": {
    "created": "2020-04-23T16:17:36.157Z",
    "modified": "2020-04-23T16:17:36.157Z",
    "name": "isGeolocationAvailable",
    "comment": null,
    "widget": 167,
    "default_value": null,
    "preview_value": null
  }
},
{
  "model": "widgets.widgetprop",
  "pk": 43,
  "fields": {
    "created": "2020-04-23T16:17:36.165Z",
    "modified": "2020-04-23T16:17:36.165Z",
    "name": "coords",
    "comment": null,
    "widget": 167,
    "default_value": null,
    "preview_value": null
  }
},
{
  "model": "widgets.widgetprop",
  "pk": 44,
  "fields": {
    "created": "2020-04-23T16:17:36.238Z",
    "modified": "2020-04-23T16:17:36.238Z",
    "name": "defaultValue",
    "comment": null,
    "widget": 168,
    "default_value": null,
    "preview_value": null
  }
},
{
  "model": "widgets.widgetprop",
  "pk": 45,
  "fields": {
    "created": "2020-04-23T16:17:36.243Z",
    "modified": "2020-04-23T16:17:36.243Z",
    "name": "maxValue",
    "comment": null,
    "widget": 168,
    "default_value": null,
    "preview_value": null
  }
},
{
  "model": "widgets.widgetprop",
  "pk": 46,
  "fields": {
    "created": "2020-04-23T16:17:36.253Z",
    "modified": "2020-04-23T16:17:36.253Z",
    "name": "minValue",
    "comment": null,
    "widget": 168,
    "default_value": null,
    "preview_value": null
  }
},
{
  "model": "widgets.widgetprop",
  "pk": 47,
  "fields": {
    "created": "2020-04-23T16:17:36.444Z",
    "modified": "2020-04-23T16:17:36.444Z",
    "name": "open",
    "comment": null,
    "widget": 171,
    "default_value": null,
    "preview_value": null
  }
},
{
  "model": "widgets.widgetprop",
  "pk": 48,
  "fields": {
    "created": "2020-04-23T16:17:36.454Z",
    "modified": "2020-04-23T16:17:36.454Z",
    "name": "closeWidget",
    "comment": null,
    "widget": 171,
    "default_value": null,
    "preview_value": null
  }
},
{
  "model": "widgets.widgetprop",
  "pk": 49,
  "fields": {
    "created": "2020-04-23T16:17:36.565Z",
    "modified": "2020-04-23T16:17:36.565Z",
    "name": "label",
    "comment": null,
    "widget": 172,
    "default_value": null,
    "preview_value": null
  }
},
{
  "model": "widgets.widgetprop",
  "pk": 50,
  "fields": {
    "created": "2020-04-23T16:17:36.570Z",
    "modified": "2020-04-23T16:17:36.570Z",
    "name": "defaultValue",
    "comment": null,
    "widget": 172,
    "default_value": null,
    "preview_value": null
  }
},
{
  "model": "widgets.widgetprop",
  "pk": 51,
  "fields": {
    "created": "2020-04-23T16:17:36.575Z",
    "modified": "2020-04-23T16:17:36.575Z",
    "name": "disabled",
    "comment": null,
    "widget": 172,
    "default_value": null,
    "preview_value": null
  }
},
{
  "model": "widgets.widgetprop",
  "pk": 52,
  "fields": {
    "created": "2020-04-23T16:17:36.585Z",
    "modified": "2020-04-23T16:17:36.585Z",
    "name": "labelWidth",
    "comment": null,
    "widget": 172,
    "default_value": null,
    "preview_value": null
  }
},
{
  "model": "widgets.widgetprop",
  "pk": 53,
  "fields": {
    "created": "2020-04-23T16:17:36.592Z",
    "modified": "2020-04-23T16:17:36.592Z",
    "name": "id",
    "comment": null,
    "widget": 172,
    "default_value": null,
    "preview_value": null
  }
},
{
  "model": "widgets.widgetprop",
  "pk": 54,
  "fields": {
    "created": "2020-04-23T16:17:36.600Z",
    "modified": "2020-04-23T16:17:36.600Z",
    "name": "labelId",
    "comment": null,
    "widget": 172,
    "default_value": null,
    "preview_value": null
  }
},
{
  "model": "widgets.widgetprop",
  "pk": 55,
  "fields": {
    "created": "2020-04-23T16:17:36.605Z",
    "modified": "2020-04-23T16:17:36.605Z",
    "name": "helperText",
    "comment": null,
    "widget": 172,
    "default_value": null,
    "preview_value": null
  }
},
{
  "model": "widgets.widgetprop",
  "pk": 56,
  "fields": {
    "created": "2020-04-23T16:17:36.610Z",
    "modified": "2020-04-23T16:17:36.610Z",
    "name": "name",
    "comment": null,
    "widget": 172,
    "default_value": null,
    "preview_value": null
  }
},
{
  "model": "widgets.widgetprop",
  "pk": 57,
  "fields": {
    "created": "2020-04-23T16:17:36.749Z",
    "modified": "2020-04-23T16:17:36.749Z",
    "name": "defaultValue",
    "comment": null,
    "widget": 174,
    "default_value": null,
    "preview_value": null
  }
},
{
  "model": "widgets.widgetprop",
  "pk": 58,
  "fields": {
    "created": "2020-04-23T16:17:36.805Z",
    "modified": "2020-04-23T16:17:36.805Z",
    "name": "id",
    "comment": null,
    "widget": 175,
    "default_value": "back-button",
    "preview_value": null
  }
},
{
  "model": "widgets.widgetprop",
  "pk": 59,
  "fields": {
    "created": "2020-04-23T16:17:36.876Z",
    "modified": "2020-04-23T16:17:36.876Z",
    "name": "labelId",
    "comment": null,
    "widget": 176,
    "default_value": null,
    "preview_value": null
  }
},
{
  "model": "widgets.widgetprop",
  "pk": 60,
  "fields": {
    "created": "2020-04-23T16:17:36.886Z",
    "modified": "2020-04-23T16:17:36.886Z",
    "name": "label",
    "comment": null,
    "widget": 176,
    "default_value": null,
    "preview_value": null
  }
},
{
  "model": "widgets.widgetprop",
  "pk": 61,
  "fields": {
    "created": "2020-04-23T16:17:36.891Z",
    "modified": "2020-04-23T16:17:36.891Z",
    "name": "name",
    "comment": null,
    "widget": 176,
    "default_value": null,
    "preview_value": null
  }
},
{
  "model": "widgets.widgetprop",
  "pk": 62,
  "fields": {
    "created": "2020-04-23T16:17:36.899Z",
    "modified": "2020-04-23T16:17:36.899Z",
    "name": "value",
    "comment": null,
    "widget": 176,
    "default_value": null,
    "preview_value": null
  }
},
{
  "model": "widgets.widgetprop",
  "pk": 63,
  "fields": {
    "created": "2020-04-23T16:17:36.904Z",
    "modified": "2020-04-23T16:17:36.904Z",
    "name": "disabled",
    "comment": null,
    "widget": 176,
    "default_value": null,
    "preview_value": null
  }
},
{
  "model": "widgets.widgetprop",
  "pk": 64,
  "fields": {
    "created": "2020-04-23T16:17:36.910Z",
    "modified": "2020-04-23T16:17:36.910Z",
    "name": "id",
    "comment": null,
    "widget": 176,
    "default_value": null,
    "preview_value": null
  }
},
{
  "model": "widgets.widgetprop",
  "pk": 65,
  "fields": {
    "created": "2020-04-23T16:17:36.920Z",
    "modified": "2020-04-23T16:17:36.920Z",
    "name": "helperText",
    "comment": null,
    "widget": 176,
    "default_value": null,
    "preview_value": null
  }
},
{
  "model": "widgets.widgetprop",
  "pk": 66,
  "fields": {
    "created": "2020-04-23T16:17:36.925Z",
    "modified": "2020-04-23T16:17:36.925Z",
    "name": "gqlId",
    "comment": null,
    "widget": 176,
    "default_value": null,
    "preview_value": null
  }
},
{
  "model": "widgets.widget",
  "pk": 9,
  "fields": {
    "code": null,
    "is_multiple_choice": false,
    "primary_language": "en",
    "address": "@material-ui/core/Grow",
    "external": true,
    "frontend": 1,
    "namespace": "mui",
    "value_parameter": "event.target.value",
    "parameters": [
      "event"
    ],
    "save_null": true,
    "keywords": [],
    "related_widgets": []
  }
},
{
  "model": "widgets.widget",
  "pk": 10,
  "fields": {
    "code": null,
    "is_multiple_choice": false,
    "primary_language": "en",
    "address": "@material-ui/core/ListItemText",
    "external": true,
    "frontend": 1,
    "namespace": "mui",
    "value_parameter": "event.target.value",
    "parameters": [
      "event"
    ],
    "save_null": true,
    "keywords": [],
    "related_widgets": []
  }
},
{
  "model": "widgets.widget",
  "pk": 11,
  "fields": {
    "code": null,
    "is_multiple_choice": false,
    "primary_language": "en",
    "address": "@material-ui/core/ListSubheader",
    "external": true,
    "frontend": 1,
    "namespace": "mui",
    "value_parameter": "event.target.value",
    "parameters": [
      "event"
    ],
    "save_null": true,
    "keywords": [],
    "related_widgets": []
  }
},
{
  "model": "widgets.widget",
  "pk": 12,
  "fields": {
    "code": null,
    "is_multiple_choice": false,
    "primary_language": "en",
    "address": "@material-ui/core/ExpansionPanel",
    "external": true,
    "frontend": 1,
    "namespace": "mui",
    "value_parameter": "event.target.value",
    "parameters": [
      "event"
    ],
    "save_null": true,
    "keywords": [],
    "related_widgets": []
  }
},
{
  "model": "widgets.widget",
  "pk": 13,
  "fields": {
    "code": null,
    "is_multiple_choice": false,
    "primary_language": "en",
    "address": "@material-ui/core/Tooltip",
    "external": true,
    "frontend": 1,
    "namespace": "mui",
    "value_parameter": "event.target.value",
    "parameters": [
      "event"
    ],
    "save_null": true,
    "keywords": [],
    "related_widgets": []
  }
},
{
  "model": "widgets.widget",
  "pk": 16,
  "fields": {
    "code": null,
    "is_multiple_choice": false,
    "primary_language": "en",
    "address": "@material-ui/core/Chip",
    "external": true,
    "frontend": 1,
    "namespace": "mui",
    "value_parameter": "event.target.value",
    "parameters": [
      "event"
    ],
    "save_null": true,
    "keywords": [],
    "related_widgets": []
  }
},
{
  "model": "widgets.widget",
  "pk": 17,
  "fields": {
    "code": null,
    "is_multiple_choice": false,
    "primary_language": "en",
    "address": "@material-ui/core/Icon",
    "external": true,
    "frontend": 1,
    "namespace": "mui",
    "value_parameter": "event.target.value",
    "parameters": [
      "event"
    ],
    "save_null": true,
    "keywords": [],
    "related_widgets": []
  }
},
{
  "model": "widgets.widget",
  "pk": 18,
  "fields": {
    "code": null,
    "is_multiple_choice": false,
    "primary_language": "en",
    "address": "@material-ui/core/ClickAwayListener",
    "external": true,
    "frontend": 1,
    "namespace": "mui",
    "value_parameter": "event.target.value",
    "parameters": [
      "event"
    ],
    "save_null": true,
    "keywords": [],
    "related_widgets": []
  }
},
{
  "model": "widgets.widget",
  "pk": 19,
  "fields": {
    "code": null,
    "is_multiple_choice": false,
    "primary_language": "en",
    "address": "@material-ui/core/DialogContent",
    "external": true,
    "frontend": 1,
    "namespace": "mui",
    "value_parameter": "event.target.value",
    "parameters": [
      "event"
    ],
    "save_null": true,
    "keywords": [],
    "related_widgets": []
  }
},
{
  "model": "widgets.widget",
  "pk": 21,
  "fields": {
    "code": null,
    "is_multiple_choice": false,
    "primary_language": "en",
    "address": "@material-ui/core/CardContent",
    "external": true,
    "frontend": 1,
    "namespace": "mui",
    "value_parameter": "event.target.value",
    "parameters": [
      "event"
    ],
    "save_null": true,
    "keywords": [],
    "related_widgets": []
  }
},
{
  "model": "widgets.widget",
  "pk": 22,
  "fields": {
    "code": null,
    "is_multiple_choice": false,
    "primary_language": "en",
    "address": "@material-ui/core/Link",
    "external": true,
    "frontend": 1,
    "namespace": "mui",
    "value_parameter": "event.target.value",
    "parameters": [
      "event"
    ],
    "save_null": true,
    "keywords": [],
    "related_widgets": []
  }
},
{
  "model": "widgets.widget",
  "pk": 23,
  "fields": {
    "code": null,
    "is_multiple_choice": false,
    "primary_language": "en",
    "address": "@material-ui/core/Fab",
    "external": true,
    "frontend": 1,
    "namespace": "mui",
    "value_parameter": "event.target.value",
    "parameters": [
      "event"
    ],
    "save_null": true,
    "keywords": [],
    "related_widgets": []
  }
},
{
  "model": "widgets.widget",
  "pk": 24,
  "fields": {
    "code": null,
    "is_multiple_choice": false,
    "primary_language": "en",
    "address": "@material-ui/core/Step",
    "external": true,
    "frontend": 1,
    "namespace": "mui",
    "value_parameter": "event.target.value",
    "parameters": [
      "event"
    ],
    "save_null": true,
    "keywords": [],
    "related_widgets": []
  }
},
{
  "model": "widgets.widget",
  "pk": 25,
  "fields": {
    "code": null,
    "is_multiple_choice": false,
    "primary_language": "en",
    "address": "@material-ui/core/Table",
    "external": true,
    "frontend": 1,
    "namespace": "mui",
    "value_parameter": "event.target.value",
    "parameters": [
      "event"
    ],
    "save_null": true,
    "keywords": [],
    "related_widgets": []
  }
},
{
  "model": "widgets.widget",
  "pk": 26,
  "fields": {
    "code": null,
    "is_multiple_choice": false,
    "primary_language": "en",
    "address": "@material-ui/core/TextField",
    "external": true,
    "frontend": 1,
    "namespace": "mui",
    "value_parameter": "event.target.value",
    "parameters": [
      "event"
    ],
    "save_null": true,
    "keywords": [],
    "related_widgets": []
  }
},
{
  "model": "widgets.widget",
  "pk": 27,
  "fields": {
    "code": null,
    "is_multiple_choice": false,
    "primary_language": "en",
    "address": "@material-ui/core/RadioGroup",
    "external": true,
    "frontend": 1,
    "namespace": "mui",
    "value_parameter": "event.target.value",
    "parameters": [
      "event"
    ],
    "save_null": true,
    "keywords": [],
    "related_widgets": []
  }
},
{
  "model": "widgets.widget",
  "pk": 28,
  "fields": {
    "code": null,
    "is_multiple_choice": false,
    "primary_language": "en",
    "address": "react-qr-reader",
    "external": true,
    "frontend": 1,
    "namespace": "react-qr-reader",
    "value_parameter": "data",
    "parameters": [
      "data"
    ],
    "save_null": true,
    "keywords": [],
    "related_widgets": []
  }
},
{
  "model": "widgets.widget",
  "pk": 29,
  "fields": {
    "code": null,
    "is_multiple_choice": false,
    "primary_language": "en",
    "address": "@material-ui/core/GridListTile",
    "external": true,
    "frontend": 1,
    "namespace": "mui",
    "value_parameter": "event.target.value",
    "parameters": [
      "event"
    ],
    "save_null": true,
    "keywords": [],
    "related_widgets": []
  }
},
{
  "model": "widgets.widget",
  "pk": 30,
  "fields": {
    "code": null,
    "is_multiple_choice": false,
    "primary_language": "en",
    "address": "@material-ui/core/Backdrop",
    "external": true,
    "frontend": 1,
    "namespace": "mui",
    "value_parameter": "event.target.value",
    "parameters": [
      "event"
    ],
    "save_null": true,
    "keywords": [],
    "related_widgets": []
  }
},
{
  "model": "widgets.widget",
  "pk": 31,
  "fields": {
    "code": null,
    "is_multiple_choice": false,
    "primary_language": "en",
    "address": "@material-ui/core/Badge",
    "external": true,
    "frontend": 1,
    "namespace": "mui",
    "value_parameter": "event.target.value",
    "parameters": [
      "event"
    ],
    "save_null": true,
    "keywords": [],
    "related_widgets": []
  }
},
{
  "model": "widgets.widget",
  "pk": 32,
  "fields": {
    "code": "String('Reply with a number to send your response. \\n')",
    "is_multiple_choice": false,
    "primary_language": "en",
    "address": null,
    "external": false,
    "frontend": 3,
    "namespace": "Widget",
    "value_parameter": "event.target.value",
    "parameters": [
      "event"
    ],
    "save_null": true,
    "keywords": [],
    "related_widgets": []
  }
},
{
  "model": "widgets.widget",
  "pk": 33,
  "fields": {
    "code": null,
    "is_multiple_choice": false,
    "primary_language": "en",
    "address": "@material-ui/core/StepIcon",
    "external": true,
    "frontend": 1,
    "namespace": "mui",
    "value_parameter": "event.target.value",
    "parameters": [
      "event"
    ],
    "save_null": true,
    "keywords": [],
    "related_widgets": []
  }
},
{
  "model": "widgets.widget",
  "pk": 35,
  "fields": {
    "code": null,
    "is_multiple_choice": false,
    "primary_language": "en",
    "address": "@material-ui/core/Grid",
    "external": true,
    "frontend": 1,
    "namespace": "mui",
    "value_parameter": "event.target.value",
    "parameters": [
      "event"
    ],
    "save_null": true,
    "keywords": [],
    "related_widgets": []
  }
},
{
  "model": "widgets.widget",
  "pk": 36,
  "fields": {
    "code": null,
    "is_multiple_choice": false,
    "primary_language": "en",
    "address": "@material-ui/core/Zoom",
    "external": true,
    "frontend": 1,
    "namespace": "mui",
    "value_parameter": "event.target.value",
    "parameters": [
      "event"
    ],
    "save_null": true,
    "keywords": [],
    "related_widgets": []
  }
},
{
  "model": "widgets.widget",
  "pk": 37,
  "fields": {
    "code": null,
    "is_multiple_choice": false,
    "primary_language": "en",
    "address": "@material-ui/core/AppBar",
    "external": true,
    "frontend": 1,
    "namespace": "mui",
    "value_parameter": "event.target.value",
    "parameters": [
      "event"
    ],
    "save_null": true,
    "keywords": [],
    "related_widgets": []
  }
},
{
  "model": "widgets.widget",
  "pk": 38,
  "fields": {
    "code": null,
    "is_multiple_choice": false,
    "primary_language": "en",
    "address": "@material-ui/core/CardActions",
    "external": true,
    "frontend": 1,
    "namespace": "mui",
    "value_parameter": "event.target.value",
    "parameters": [
      "event"
    ],
    "save_null": true,
    "keywords": [],
    "related_widgets": []
  }
},
{
  "model": "widgets.widget",
  "pk": 40,
  "fields": {
    "code": null,
    "is_multiple_choice": false,
    "primary_language": "en",
    "address": "@material-ui/core/InputLabel",
    "external": true,
    "frontend": 1,
    "namespace": "mui",
    "value_parameter": "event.target.value",
    "parameters": [
      "event"
    ],
    "save_null": true,
    "keywords": [],
    "related_widgets": []
  }
},
{
  "model": "widgets.widget",
  "pk": 41,
  "fields": {
    "code": null,
    "is_multiple_choice": false,
    "primary_language": "en",
    "address": "@material-ui/core/TableBody",
    "external": true,
    "frontend": 1,
    "namespace": "mui",
    "value_parameter": "event.target.value",
    "parameters": [
      "event"
    ],
    "save_null": true,
    "keywords": [],
    "related_widgets": []
  }
},
{
  "model": "widgets.widget",
  "pk": 45,
  "fields": {
    "code": null,
    "is_multiple_choice": false,
    "primary_language": "en",
    "address": "@material-ui/core/CardHeader",
    "external": true,
    "frontend": 1,
    "namespace": "mui",
    "value_parameter": "event.target.value",
    "parameters": [
      "event"
    ],
    "save_null": true,
    "keywords": [],
    "related_widgets": []
  }
},
{
  "model": "widgets.widget",
  "pk": 46,
  "fields": {
    "code": null,
    "is_multiple_choice": false,
    "primary_language": "en",
    "address": "@material-ui/core/TableFooter",
    "external": true,
    "frontend": 1,
    "namespace": "mui",
    "value_parameter": "event.target.value",
    "parameters": [
      "event"
    ],
    "save_null": true,
    "keywords": [],
    "related_widgets": []
  }
},
{
  "model": "widgets.widget",
  "pk": 47,
  "fields": {
    "code": null,
    "is_multiple_choice": false,
    "primary_language": "en",
    "address": "@material-ui/core/StepButton",
    "external": true,
    "frontend": 1,
    "namespace": "mui",
    "value_parameter": "event.target.value",
    "parameters": [
      "event"
    ],
    "save_null": true,
    "keywords": [],
    "related_widgets": []
  }
},
{
  "model": "widgets.widget",
  "pk": 48,
  "fields": {
    "code": null,
    "is_multiple_choice": false,
    "primary_language": "en",
    "address": "@material-ui/core/SwipeableDrawer",
    "external": true,
    "frontend": 1,
    "namespace": "mui",
    "value_parameter": "event.target.value",
    "parameters": [
      "event"
    ],
    "save_null": true,
    "keywords": [],
    "related_widgets": []
  }
},
{
  "model": "widgets.widget",
  "pk": 49,
  "fields": {
    "code": null,
    "is_multiple_choice": false,
    "primary_language": "en",
    "address": "@material-ui/core/Box",
    "external": true,
    "frontend": 1,
    "namespace": "mui",
    "value_parameter": "event.target.value",
    "parameters": [
      "event"
    ],
    "save_null": true,
    "keywords": [],
    "related_widgets": []
  }
},
{
  "model": "widgets.widget",
  "pk": 51,
  "fields": {
    "code": null,
    "is_multiple_choice": false,
    "primary_language": "en",
    "address": "@material-ui/core/StepContent",
    "external": true,
    "frontend": 1,
    "namespace": "mui",
    "value_parameter": "event.target.value",
    "parameters": [
      "event"
    ],
    "save_null": true,
    "keywords": [],
    "related_widgets": []
  }
},
{
  "model": "widgets.widget",
  "pk": 52,
  "fields": {
    "code": null,
    "is_multiple_choice": false,
    "primary_language": "en",
    "address": "@material-ui/core/Menu",
    "external": true,
    "frontend": 1,
    "namespace": "mui",
    "value_parameter": "event.target.value",
    "parameters": [
      "event"
    ],
    "save_null": true,
    "keywords": [],
    "related_widgets": []
  }
},
{
  "model": "widgets.widget",
  "pk": 54,
  "fields": {
    "code": null,
    "is_multiple_choice": false,
    "primary_language": "en",
    "address": "@material-ui/core/Paper",
    "external": true,
    "frontend": 1,
    "namespace": "mui",
    "value_parameter": "event.target.value",
    "parameters": [
      "event"
    ],
    "save_null": true,
    "keywords": [],
    "related_widgets": []
  }
},
{
  "model": "widgets.widget",
  "pk": 55,
  "fields": {
    "code": null,
    "is_multiple_choice": false,
    "primary_language": "en",
    "address": "@material-ui/core/DialogActions",
    "external": true,
    "frontend": 1,
    "namespace": "mui",
    "value_parameter": "event.target.value",
    "parameters": [
      "event"
    ],
    "save_null": true,
    "keywords": [],
    "related_widgets": []
  }
},
{
  "model": "widgets.widget",
  "pk": 56,
  "fields": {
    "code": null,
    "is_multiple_choice": false,
    "primary_language": "en",
    "address": "@material-ui/core/GridListTileBar",
    "external": true,
    "frontend": 1,
    "namespace": "mui",
    "value_parameter": "event.target.value",
    "parameters": [
      "event"
    ],
    "save_null": true,
    "keywords": [],
    "related_widgets": []
  }
},
{
  "model": "widgets.widget",
  "pk": 57,
  "fields": {
    "code": null,
    "is_multiple_choice": false,
    "primary_language": "en",
    "address": "@material-ui/core/styles/MuiThemeProvider",
    "external": true,
    "frontend": 1,
    "namespace": "mui",
    "value_parameter": "event.target.value",
    "parameters": [
      "event"
    ],
    "save_null": true,
    "keywords": [],
    "related_widgets": []
  }
},
{
  "model": "widgets.widget",
  "pk": 58,
  "fields": {
    "code": "var output='Reply with one of the following to send your response: \\n'; for (i=0; i<choices.length; i++){output = output + choices[i]['value'] + ' for ' + choices[i]['caption'] + '\\n'} output",
    "is_multiple_choice": false,
    "primary_language": "en",
    "address": null,
    "external": false,
    "frontend": 3,
    "namespace": "Widget",
    "value_parameter": "event.target.value",
    "parameters": [
      "event"
    ],
    "save_null": true,
    "keywords": [],
    "related_widgets": []
  }
},
{
  "model": "widgets.widget",
  "pk": 59,
  "fields": {
    "code": null,
    "is_multiple_choice": false,
    "primary_language": "en",
    "address": "@material-ui/core/TableHead",
    "external": true,
    "frontend": 1,
    "namespace": "mui",
    "value_parameter": "event.target.value",
    "parameters": [
      "event"
    ],
    "save_null": true,
    "keywords": [],
    "related_widgets": []
  }
},
{
  "model": "widgets.widget",
  "pk": 60,
  "fields": {
    "code": null,
    "is_multiple_choice": false,
    "primary_language": "en",
    "address": "@material-ui/core/Switch",
    "external": true,
    "frontend": 1,
    "namespace": "mui",
    "value_parameter": "event.target.value",
    "parameters": [
      "event"
    ],
    "save_null": true,
    "keywords": [],
    "related_widgets": []
  }
},
{
  "model": "widgets.widget",
  "pk": 61,
  "fields": {
    "code": null,
    "is_multiple_choice": false,
    "primary_language": "en",
    "address": "@material-ui/core/ListItem",
    "external": true,
    "frontend": 1,
    "namespace": "mui",
    "value_parameter": "event.target.value",
    "parameters": [
      "event"
    ],
    "save_null": true,
    "keywords": [],
    "related_widgets": []
  }
},
{
  "model": "widgets.widget",
  "pk": 62,
  "fields": {
    "code": null,
    "is_multiple_choice": false,
    "primary_language": "en",
    "address": "@material-ui/core/Typography",
    "external": true,
    "frontend": 1,
    "namespace": "mui",
    "value_parameter": "event.target.value",
    "parameters": [
      "event"
    ],
    "save_null": true,
    "keywords": [],
    "related_widgets": []
  }
},
{
  "model": "widgets.widget",
  "pk": 63,
  "fields": {
    "code": null,
    "is_multiple_choice": false,
    "primary_language": "en",
    "address": "@material-ui/core/FormControlLabel",
    "external": true,
    "frontend": 1,
    "namespace": "mui",
    "value_parameter": "event.target.value",
    "parameters": [
      "event"
    ],
    "save_null": true,
    "keywords": [],
    "related_widgets": []
  }
},
{
  "model": "widgets.widget",
  "pk": 64,
  "fields": {
    "code": null,
    "is_multiple_choice": false,
    "primary_language": "en",
    "address": "@material-ui/core/Select",
    "external": true,
    "frontend": 1,
    "namespace": "mui",
    "value_parameter": "event.target.value",
    "parameters": [
      "event"
    ],
    "save_null": true,
    "keywords": [],
    "related_widgets": []
  }
},
{
  "model": "widgets.widget",
  "pk": 65,
  "fields": {
    "code": null,
    "is_multiple_choice": false,
    "primary_language": "en",
    "address": "@material-ui/core/Blog",
    "external": true,
    "frontend": 1,
    "namespace": "mui",
    "value_parameter": "event.target.value",
    "parameters": [
      "event"
    ],
    "save_null": true,
    "keywords": [],
    "related_widgets": []
  }
},
{
  "model": "widgets.widget",
  "pk": 66,
  "fields": {
    "code": "<QrReader\n  style={{ maxWidth: \"300\", width: \"100%\" }}\n  onScan={handleScan}\n  onError={(err) => {console.error(err)}}\n/>",
    "is_multiple_choice": false,
    "primary_language": "en",
    "address": null,
    "external": false,
    "frontend": 1,
    "namespace": "Widget",
    "value_parameter": "data",
    "parameters": [
      "data"
    ],
    "save_null": false,
    "keywords": [],
    "related_widgets": []
  }
},
{
  "model": "widgets.widget",
  "pk": 67,
  "fields": {
    "code": null,
    "is_multiple_choice": false,
    "primary_language": "en",
    "address": "@material-ui/core/InputBase",
    "external": true,
    "frontend": 1,
    "namespace": "mui",
    "value_parameter": "event.target.value",
    "parameters": [
      "event"
    ],
    "save_null": true,
    "keywords": [],
    "related_widgets": []
  }
},
{
  "model": "widgets.widget",
  "pk": 68,
  "fields": {
    "code": null,
    "is_multiple_choice": false,
    "primary_language": "en",
    "address": "@material-ui/core/ExpansionPanelSummary",
    "external": true,
    "frontend": 1,
    "namespace": "mui",
    "value_parameter": "event.target.value",
    "parameters": [
      "event"
    ],
    "save_null": true,
    "keywords": [],
    "related_widgets": []
  }
},
{
  "model": "widgets.widget",
  "pk": 69,
  "fields": {
    "code": null,
    "is_multiple_choice": false,
    "primary_language": "en",
    "address": "@material-ui/core/TableSortLabel",
    "external": true,
    "frontend": 1,
    "namespace": "mui",
    "value_parameter": "event.target.value",
    "parameters": [
      "event"
    ],
    "save_null": true,
    "keywords": [],
    "related_widgets": []
  }
},
{
  "model": "widgets.widget",
  "pk": 70,
  "fields": {
    "code": null,
    "is_multiple_choice": false,
    "primary_language": "en",
    "address": "@material-ui/core/MenuList",
    "external": true,
    "frontend": 1,
    "namespace": "mui",
    "value_parameter": "event.target.value",
    "parameters": [
      "event"
    ],
    "save_null": true,
    "keywords": [],
    "related_widgets": []
  }
},
{
  "model": "widgets.widget",
  "pk": 71,
  "fields": {
    "code": null,
    "is_multiple_choice": false,
    "primary_language": "en",
    "address": "@material-ui/core/ListItemSecondaryAction",
    "external": true,
    "frontend": 1,
    "namespace": "mui",
    "value_parameter": "event.target.value",
    "parameters": [
      "event"
    ],
    "save_null": true,
    "keywords": [],
    "related_widgets": []
  }
},
{
  "model": "widgets.widget",
  "pk": 73,
  "fields": {
    "code": null,
    "is_multiple_choice": false,
    "primary_language": "en",
    "address": "@material-ui/core/BottomNavigationAction",
    "external": true,
    "frontend": 1,
    "namespace": "mui",
    "value_parameter": "event.target.value",
    "parameters": [
      "event"
    ],
    "save_null": true,
    "keywords": [],
    "related_widgets": []
  }
},
{
  "model": "widgets.widget",
  "pk": 74,
  "fields": {
    "code": null,
    "is_multiple_choice": false,
    "primary_language": "en",
    "address": "@material-ui/core/CssBaseline",
    "external": true,
    "frontend": 1,
    "namespace": "mui",
    "value_parameter": "event.target.value",
    "parameters": [
      "event"
    ],
    "save_null": true,
    "keywords": [],
    "related_widgets": []
  }
},
{
  "model": "widgets.widget",
  "pk": 75,
  "fields": {
    "code": null,
    "is_multiple_choice": false,
    "primary_language": "en",
    "address": "@material-ui/core/Modal",
    "external": true,
    "frontend": 1,
    "namespace": "mui",
    "value_parameter": "event.target.value",
    "parameters": [
      "event"
    ],
    "save_null": true,
    "keywords": [],
    "related_widgets": []
  }
},
{
  "model": "widgets.widget",
  "pk": 76,
  "fields": {
    "code": null,
    "is_multiple_choice": false,
    "primary_language": "en",
    "address": "@material-ui/core/SvgIcon",
    "external": true,
    "frontend": 1,
    "namespace": "mui",
    "value_parameter": "event.target.value",
    "parameters": [
      "event"
    ],
    "save_null": true,
    "keywords": [],
    "related_widgets": []
  }
},
{
  "model": "widgets.widget",
  "pk": 77,
  "fields": {
    "code": null,
    "is_multiple_choice": false,
    "primary_language": "en",
    "address": "@material-ui/core/Collapse",
    "external": true,
    "frontend": 1,
    "namespace": "mui",
    "value_parameter": "event.target.value",
    "parameters": [
      "event"
    ],
    "save_null": true,
    "keywords": [],
    "related_widgets": []
  }
},
{
  "model": "widgets.widget",
  "pk": 79,
  "fields": {
    "code": null,
    "is_multiple_choice": false,
    "primary_language": "en",
    "address": "@material-ui/core/TablePagination",
    "external": true,
    "frontend": 1,
    "namespace": "mui",
    "value_parameter": "event.target.value",
    "parameters": [
      "event"
    ],
    "save_null": true,
    "keywords": [],
    "related_widgets": []
  }
},
{
  "model": "widgets.widget",
  "pk": 80,
  "fields": {
    "code": "<div>This is an empty widget</div>",
    "is_multiple_choice": false,
    "primary_language": "en",
    "address": null,
    "external": false,
    "frontend": 1,
    "namespace": "Widget",
    "value_parameter": "event.target.value",
    "parameters": [
      "event"
    ],
    "save_null": true,
    "keywords": [],
    "related_widgets": []
  }
},
{
  "model": "widgets.widget",
  "pk": 81,
  "fields": {
    "code": null,
    "is_multiple_choice": false,
    "primary_language": "en",
    "address": "@material-ui/core/StepLabel",
    "external": true,
    "frontend": 1,
    "namespace": "mui",
    "value_parameter": "event.target.value",
    "parameters": [
      "event"
    ],
    "save_null": true,
    "keywords": [],
    "related_widgets": []
  }
},
{
  "model": "widgets.widget",
  "pk": 82,
  "fields": {
    "code": null,
    "is_multiple_choice": false,
    "primary_language": "en",
    "address": "@material-ui/core/ButtonBase",
    "external": true,
    "frontend": 1,
    "namespace": "mui",
    "value_parameter": "event.target.value",
    "parameters": [
      "event"
    ],
    "save_null": true,
    "keywords": [],
    "related_widgets": []
  }
},
{
  "model": "widgets.widget",
  "pk": 83,
  "fields": {
    "code": "var output='Reply with one of the following to send your response: \\n'; for (i=0; i<choices.length; i++){output = output + choices[i]['value'] + '\\n'} output",
    "is_multiple_choice": false,
    "primary_language": "en",
    "address": null,
    "external": false,
    "frontend": 3,
    "namespace": "Widget",
    "value_parameter": "event.target.value",
    "parameters": [
      "event"
    ],
    "save_null": true,
    "keywords": [],
    "related_widgets": []
  }
},
{
  "model": "widgets.widget",
  "pk": 84,
  "fields": {
    "code": null,
    "is_multiple_choice": false,
    "primary_language": "en",
    "address": "@material-ui/core/IconButton",
    "external": true,
    "frontend": 1,
    "namespace": "mui",
    "value_parameter": "event.target.value",
    "parameters": [
      "event"
    ],
    "save_null": true,
    "keywords": [],
    "related_widgets": []
  }
},
{
  "model": "widgets.widget",
  "pk": 85,
  "fields": {
    "code": null,
    "is_multiple_choice": false,
    "primary_language": "en",
    "address": "@material-ui/core/InputAdornment",
    "external": true,
    "frontend": 1,
    "namespace": "mui",
    "value_parameter": "event.target.value",
    "parameters": [
      "event"
    ],
    "save_null": true,
    "keywords": [],
    "related_widgets": []
  }
},
{
  "model": "widgets.widget",
  "pk": 86,
  "fields": {
    "code": null,
    "is_multiple_choice": false,
    "primary_language": "en",
    "address": "@material-ui/core/Popover",
    "external": true,
    "frontend": 1,
    "namespace": "mui",
    "value_parameter": "event.target.value",
    "parameters": [
      "event"
    ],
    "save_null": true,
    "keywords": [],
    "related_widgets": []
  }
},
{
  "model": "widgets.widget",
  "pk": 88,
  "fields": {
    "code": null,
    "is_multiple_choice": false,
    "primary_language": "en",
    "address": "@material-ui/core/Dialog",
    "external": true,
    "frontend": 1,
    "namespace": "mui",
    "value_parameter": "event.target.value",
    "parameters": [
      "event"
    ],
    "save_null": true,
    "keywords": [],
    "related_widgets": []
  }
},
{
  "model": "widgets.widget",
  "pk": 89,
  "fields": {
    "code": null,
    "is_multiple_choice": false,
    "primary_language": "en",
    "address": "@material-ui/core/Hidden",
    "external": true,
    "frontend": 1,
    "namespace": "mui",
    "value_parameter": "event.target.value",
    "parameters": [
      "event"
    ],
    "save_null": true,
    "keywords": [],
    "related_widgets": []
  }
},
{
  "model": "widgets.widget",
  "pk": 90,
  "fields": {
    "code": null,
    "is_multiple_choice": false,
    "primary_language": "en",
    "address": "@material-ui/core/FormControl",
    "external": true,
    "frontend": 1,
    "namespace": "mui",
    "value_parameter": "event.target.value",
    "parameters": [
      "event"
    ],
    "save_null": true,
    "keywords": [],
    "related_widgets": []
  }
},
{
  "model": "widgets.widget",
  "pk": 91,
  "fields": {
    "code": null,
    "is_multiple_choice": false,
    "primary_language": "en",
    "address": "@material-ui/core/Container",
    "external": true,
    "frontend": 1,
    "namespace": "mui",
    "value_parameter": "event.target.value",
    "parameters": [
      "event"
    ],
    "save_null": true,
    "keywords": [],
    "related_widgets": []
  }
},
{
  "model": "widgets.widget",
  "pk": 92,
  "fields": {
    "code": "''",
    "is_multiple_choice": false,
    "primary_language": "en",
    "address": null,
    "external": false,
    "frontend": 3,
    "namespace": "Widget",
    "value_parameter": "event.target.value",
    "parameters": [
      "event"
    ],
    "save_null": true,
    "keywords": [],
    "related_widgets": []
  }
},
{
  "model": "widgets.widget",
  "pk": 94,
  "fields": {
    "code": null,
    "is_multiple_choice": false,
    "primary_language": "en",
    "address": "@material-ui/core/List",
    "external": true,
    "frontend": 1,
    "namespace": "mui",
    "value_parameter": "event.target.value",
    "parameters": [
      "event"
    ],
    "save_null": true,
    "keywords": [],
    "related_widgets": []
  }
},
{
  "model": "widgets.widget",
  "pk": 95,
  "fields": {
    "code": null,
    "is_multiple_choice": false,
    "primary_language": "en",
    "address": "@material-ui/core/ExpansionPanelDetails",
    "external": true,
    "frontend": 1,
    "namespace": "mui",
    "value_parameter": "event.target.value",
    "parameters": [
      "event"
    ],
    "save_null": true,
    "keywords": [],
    "related_widgets": []
  }
},
{
  "model": "widgets.widget",
  "pk": 96,
  "fields": {
    "code": null,
    "is_multiple_choice": false,
    "primary_language": "en",
    "address": "@material-ui/core/BottomNavigation",
    "external": true,
    "frontend": 1,
    "namespace": "mui",
    "value_parameter": "event.target.value",
    "parameters": [
      "event"
    ],
    "save_null": true,
    "keywords": [],
    "related_widgets": []
  }
},
{
  "model": "widgets.widget",
  "pk": 97,
  "fields": {
    "code": null,
    "is_multiple_choice": false,
    "primary_language": "en",
    "address": "@material-ui/core/StepConnector",
    "external": true,
    "frontend": 1,
    "namespace": "mui",
    "value_parameter": "event.target.value",
    "parameters": [
      "event"
    ],
    "save_null": true,
    "keywords": [],
    "related_widgets": []
  }
},
{
  "model": "widgets.widget",
  "pk": 98,
  "fields": {
    "code": null,
    "is_multiple_choice": false,
    "primary_language": "en",
    "address": "@material-ui/core/TableRow",
    "external": true,
    "frontend": 1,
    "namespace": "mui",
    "value_parameter": "event.target.value",
    "parameters": [
      "event"
    ],
    "save_null": true,
    "keywords": [],
    "related_widgets": []
  }
},
{
  "model": "widgets.widget",
  "pk": 99,
  "fields": {
    "code": null,
    "is_multiple_choice": false,
    "primary_language": "en",
    "address": "@material-ui/core/Card",
    "external": true,
    "frontend": 1,
    "namespace": "mui",
    "value_parameter": "event.target.value",
    "parameters": [
      "event"
    ],
    "save_null": true,
    "keywords": [],
    "related_widgets": []
  }
},
{
  "model": "widgets.widget",
  "pk": 100,
  "fields": {
    "code": null,
    "is_multiple_choice": false,
    "primary_language": "en",
    "address": "@material-ui/core/CardMedia",
    "external": true,
    "frontend": 1,
    "namespace": "mui",
    "value_parameter": "event.target.value",
    "parameters": [
      "event"
    ],
    "save_null": true,
    "keywords": [],
    "related_widgets": []
  }
},
{
  "model": "widgets.widget",
  "pk": 102,
  "fields": {
    "code": null,
    "is_multiple_choice": false,
    "primary_language": "en",
    "address": "@material-ui/core/MobileStepper",
    "external": true,
    "frontend": 1,
    "namespace": "mui",
    "value_parameter": "event.target.value",
    "parameters": [
      "event"
    ],
    "save_null": true,
    "keywords": [],
    "related_widgets": []
  }
},
{
  "model": "widgets.widget",
  "pk": 103,
  "fields": {
    "code": null,
    "is_multiple_choice": false,
    "primary_language": "en",
    "address": "@material-ui/core/Radio",
    "external": true,
    "frontend": 1,
    "namespace": "mui",
    "value_parameter": "event.target.value",
    "parameters": [
      "event"
    ],
    "save_null": true,
    "keywords": [],
    "related_widgets": []
  }
},
{
  "model": "widgets.widget",
  "pk": 104,
  "fields": {
    "code": "String('Reply to send your response. \\n')",
    "is_multiple_choice": false,
    "primary_language": "en",
    "address": null,
    "external": false,
    "frontend": 3,
    "namespace": "Widget",
    "value_parameter": "event.target.value",
    "parameters": [
      "event"
    ],
    "save_null": true,
    "keywords": [],
    "related_widgets": []
  }
},
{
  "model": "widgets.widget",
  "pk": 105,
  "fields": {
    "code": null,
    "is_multiple_choice": false,
    "primary_language": "en",
    "address": "@material-ui/core/ListItemIcon",
    "external": true,
    "frontend": 1,
    "namespace": "mui",
    "value_parameter": "event.target.value",
    "parameters": [
      "event"
    ],
    "save_null": true,
    "keywords": [],
    "related_widgets": []
  }
},
{
  "model": "widgets.widget",
  "pk": 106,
  "fields": {
    "code": null,
    "is_multiple_choice": false,
    "primary_language": "en",
    "address": "@material-ui/core/Divider",
    "external": true,
    "frontend": 1,
    "namespace": "mui",
    "value_parameter": "event.target.value",
    "parameters": [
      "event"
    ],
    "save_null": true,
    "keywords": [],
    "related_widgets": []
  }
},
{
  "model": "widgets.widget",
  "pk": 107,
  "fields": {
    "code": null,
    "is_multiple_choice": false,
    "primary_language": "en",
    "address": "@material-ui/core/MenuItem",
    "external": true,
    "frontend": 1,
    "namespace": "mui",
    "value_parameter": "event.target.value",
    "parameters": [
      "event"
    ],
    "save_null": true,
    "keywords": [],
    "related_widgets": []
  }
},
{
  "model": "widgets.widget",
  "pk": 108,
  "fields": {
    "code": null,
    "is_multiple_choice": false,
    "primary_language": "en",
    "address": "@material-ui/core/CircularProgress",
    "external": true,
    "frontend": 1,
    "namespace": "mui",
    "value_parameter": "event.target.value",
    "parameters": [
      "event"
    ],
    "save_null": true,
    "keywords": [],
    "related_widgets": []
  }
},
{
  "model": "widgets.widget",
  "pk": 109,
  "fields": {
    "code": null,
    "is_multiple_choice": false,
    "primary_language": "en",
    "address": "@material-ui/core/Button",
    "external": true,
    "frontend": 1,
    "namespace": "mui",
    "value_parameter": "event.target.value",
    "parameters": [
      "event"
    ],
    "save_null": true,
    "keywords": [],
    "related_widgets": []
  }
},
{
  "model": "widgets.widget",
  "pk": 110,
  "fields": {
    "code": null,
    "is_multiple_choice": false,
    "primary_language": "en",
    "address": "@material-ui/core/ExpansionPanelActions",
    "external": true,
    "frontend": 1,
    "namespace": "mui",
    "value_parameter": "event.target.value",
    "parameters": [
      "event"
    ],
    "save_null": true,
    "keywords": [],
    "related_widgets": []
  }
},
{
  "model": "widgets.widget",
  "pk": 111,
  "fields": {
    "code": "String('')",
    "is_multiple_choice": false,
    "primary_language": "en",
    "address": null,
    "external": false,
    "frontend": 3,
    "namespace": "Widget",
    "value_parameter": "event.target.value",
    "parameters": [
      "event"
    ],
    "save_null": true,
    "keywords": [],
    "related_widgets": []
  }
},
{
  "model": "widgets.widget",
  "pk": 112,
  "fields": {
    "code": null,
    "is_multiple_choice": false,
    "primary_language": "en",
    "address": "@material-ui/core/FormGroup",
    "external": true,
    "frontend": 1,
    "namespace": "mui",
    "value_parameter": "event.target.value",
    "parameters": [
      "event"
    ],
    "save_null": true,
    "keywords": [],
    "related_widgets": []
  }
},
{
  "model": "widgets.widget",
  "pk": 114,
  "fields": {
    "code": null,
    "is_multiple_choice": false,
    "primary_language": "en",
    "address": "@material-ui/core/ButtonBase/TouchRipple",
    "external": true,
    "frontend": 1,
    "namespace": "mui",
    "value_parameter": "event.target.value",
    "parameters": [
      "event"
    ],
    "save_null": true,
    "keywords": [],
    "related_widgets": []
  }
},
{
  "model": "widgets.widget",
  "pk": 115,
  "fields": {
    "code": null,
    "is_multiple_choice": false,
    "primary_language": "en",
    "address": "@material-ui/core/CardActionArea",
    "external": true,
    "frontend": 1,
    "namespace": "mui",
    "value_parameter": "event.target.value",
    "parameters": [
      "event"
    ],
    "save_null": true,
    "keywords": [],
    "related_widgets": []
  }
},
{
  "model": "widgets.widget",
  "pk": 116,
  "fields": {
    "code": "String('Reply with text to send your response. \\n')",
    "is_multiple_choice": false,
    "primary_language": "en",
    "address": null,
    "external": false,
    "frontend": 3,
    "namespace": "Widget",
    "value_parameter": "event.target.value",
    "parameters": [
      "event"
    ],
    "save_null": true,
    "keywords": [],
    "related_widgets": []
  }
},
{
  "model": "widgets.widget",
  "pk": 117,
  "fields": {
    "code": null,
    "is_multiple_choice": false,
    "primary_language": "en",
    "address": "@material-ui/core/Portal",
    "external": true,
    "frontend": 1,
    "namespace": "mui",
    "value_parameter": "event.target.value",
    "parameters": [
      "event"
    ],
    "save_null": true,
    "keywords": [],
    "related_widgets": []
  }
},
{
  "model": "widgets.widget",
  "pk": 118,
  "fields": {
    "code": null,
    "is_multiple_choice": false,
    "primary_language": "en",
    "address": "@material-ui/core/DialogTitle",
    "external": true,
    "frontend": 1,
    "namespace": "mui",
    "value_parameter": "event.target.value",
    "parameters": [
      "event"
    ],
    "save_null": true,
    "keywords": [],
    "related_widgets": []
  }
},
{
  "model": "widgets.widget",
  "pk": 119,
  "fields": {
    "code": null,
    "is_multiple_choice": false,
    "primary_language": "en",
    "address": "@material-ui/core/OutlinedInput",
    "external": true,
    "frontend": 1,
    "namespace": "mui",
    "value_parameter": "event.target.value",
    "parameters": [
      "event"
    ],
    "save_null": true,
    "keywords": [],
    "related_widgets": []
  }
},
{
  "model": "widgets.widget",
  "pk": 120,
  "fields": {
    "code": null,
    "is_multiple_choice": false,
    "primary_language": "en",
    "address": "@material-ui/core/LinearProgress",
    "external": true,
    "frontend": 1,
    "namespace": "mui",
    "value_parameter": "event.target.value",
    "parameters": [
      "event"
    ],
    "save_null": true,
    "keywords": [],
    "related_widgets": []
  }
},
{
  "model": "widgets.widget",
  "pk": 121,
  "fields": {
    "code": null,
    "is_multiple_choice": false,
    "primary_language": "en",
    "address": "@material-ui/core/Stepper",
    "external": true,
    "frontend": 1,
    "namespace": "mui",
    "value_parameter": "event.target.value",
    "parameters": [
      "event"
    ],
    "save_null": true,
    "keywords": [],
    "related_widgets": []
  }
},
{
  "model": "widgets.widget",
  "pk": 122,
  "fields": {
    "code": null,
    "is_multiple_choice": false,
    "primary_language": "en",
    "address": "@material-ui/core/FilledInput",
    "external": true,
    "frontend": 1,
    "namespace": "mui",
    "value_parameter": "event.target.value",
    "parameters": [
      "event"
    ],
    "save_null": true,
    "keywords": [],
    "related_widgets": []
  }
},
{
  "model": "widgets.widget",
  "pk": 125,
  "fields": {
    "code": null,
    "is_multiple_choice": false,
    "primary_language": "en",
    "address": "@material-ui/core/Toolbar",
    "external": true,
    "frontend": 1,
    "namespace": "mui",
    "value_parameter": "event.target.value",
    "parameters": [
      "event"
    ],
    "save_null": true,
    "keywords": [],
    "related_widgets": []
  }
},
{
  "model": "widgets.widget",
  "pk": 126,
  "fields": {
    "code": null,
    "is_multiple_choice": false,
    "primary_language": "en",
    "address": "@material-ui/core/RootRef",
    "external": true,
    "frontend": 1,
    "namespace": "mui",
    "value_parameter": "event.target.value",
    "parameters": [
      "event"
    ],
    "save_null": true,
    "keywords": [],
    "related_widgets": []
  }
},
{
  "model": "widgets.widget",
  "pk": 127,
  "fields": {
    "code": null,
    "is_multiple_choice": false,
    "primary_language": "en",
    "address": "@material-ui/core/DialogContentText",
    "external": true,
    "frontend": 1,
    "namespace": "mui",
    "value_parameter": "event.target.value",
    "parameters": [
      "event"
    ],
    "save_null": true,
    "keywords": [],
    "related_widgets": []
  }
},
{
  "model": "widgets.widget",
  "pk": 128,
  "fields": {
    "code": null,
    "is_multiple_choice": false,
    "primary_language": "en",
    "address": "@material-ui/core/GridList",
    "external": true,
    "frontend": 1,
    "namespace": "mui",
    "value_parameter": "event.target.value",
    "parameters": [
      "event"
    ],
    "save_null": true,
    "keywords": [],
    "related_widgets": []
  }
},
{
  "model": "widgets.widget",
  "pk": 129,
  "fields": {
    "code": null,
    "is_multiple_choice": false,
    "primary_language": "en",
    "address": "@material-ui/core/Slider",
    "external": true,
    "frontend": 1,
    "namespace": "mui",
    "value_parameter": "event.target.value",
    "parameters": [
      "event"
    ],
    "save_null": true,
    "keywords": [],
    "related_widgets": []
  }
},
{
  "model": "widgets.widget",
  "pk": 130,
  "fields": {
    "code": null,
    "is_multiple_choice": false,
    "primary_language": "en",
    "address": "@material-ui/core/Avatar",
    "external": true,
    "frontend": 1,
    "namespace": "mui",
    "value_parameter": "event.target.value",
    "parameters": [
      "event"
    ],
    "save_null": true,
    "keywords": [],
    "related_widgets": []
  }
},
{
  "model": "widgets.widget",
  "pk": 131,
  "fields": {
    "code": null,
    "is_multiple_choice": false,
    "primary_language": "en",
    "address": "@material-ui/core/Tab",
    "external": true,
    "frontend": 1,
    "namespace": "mui",
    "value_parameter": "event.target.value",
    "parameters": [
      "event"
    ],
    "save_null": true,
    "keywords": [],
    "related_widgets": []
  }
},
{
  "model": "widgets.widget",
  "pk": 133,
  "fields": {
    "code": null,
    "is_multiple_choice": false,
    "primary_language": "en",
    "address": "@material-ui/core/Snackbar",
    "external": true,
    "frontend": 1,
    "namespace": "mui",
    "value_parameter": "event.target.value",
    "parameters": [
      "event"
    ],
    "save_null": true,
    "keywords": [],
    "related_widgets": []
  }
},
{
  "model": "widgets.widget",
  "pk": 134,
  "fields": {
    "code": null,
    "is_multiple_choice": false,
    "primary_language": "en",
    "address": "@material-ui/core/SnackbarContent",
    "external": true,
    "frontend": 1,
    "namespace": "mui",
    "value_parameter": "event.target.value",
    "parameters": [
      "event"
    ],
    "save_null": true,
    "keywords": [],
    "related_widgets": []
  }
},
{
  "model": "widgets.widget",
  "pk": 135,
  "fields": {
    "code": null,
    "is_multiple_choice": false,
    "primary_language": "en",
    "address": "@material-ui/core/Tabs",
    "external": true,
    "frontend": 1,
    "namespace": "mui",
    "value_parameter": "event.target.value",
    "parameters": [
      "event"
    ],
    "save_null": true,
    "keywords": [],
    "related_widgets": []
  }
},
{
  "model": "widgets.widget",
  "pk": 136,
  "fields": {
    "code": null,
    "is_multiple_choice": false,
    "primary_language": "en",
    "address": "@material-ui/core/ListItemAvatar",
    "external": true,
    "frontend": 1,
    "namespace": "mui",
    "value_parameter": "event.target.value",
    "parameters": [
      "event"
    ],
    "save_null": true,
    "keywords": [],
    "related_widgets": []
  }
},
{
  "model": "widgets.widget",
  "pk": 137,
  "fields": {
    "code": "<Button id={id} color={color} variant={variant} type=\"submit\">{children || \"Save & Continue\"}</Button>",
    "is_multiple_choice": false,
    "primary_language": "en",
    "address": null,
    "external": false,
    "frontend": 1,
    "namespace": "Widget",
    "value_parameter": "event.target.value",
    "parameters": [
      "event"
    ],
    "save_null": true,
    "keywords": [],
    "related_widgets": []
  }
},
{
  "model": "widgets.widget",
  "pk": 139,
  "fields": {
    "code": "{choices ? <FormControl component=\"fieldset\">\n    <RadioGroup\n   \n        row={row}\n       onChange={handleChange}       \n       id={id}\n>\n        {choices.map((choice, index) => \n            <FormControlLabel\n                key={index}\n                control={\n                    <Radio\n     name={name}  id={gqlId + '-radio' + String(index)}\n                       name={name}\n                       value={choice.value}\n                        checked={\n                            (value == null) ? \n                                (defaultValue != null) ?\n                                    defaultValue == choice.value :\n                                false :\n                              value == choice.value }\n                              onClick = {(e) => {setValue(e.target.value)}}\n                        disabled={disabled} /> }\n                label=<span className=\"widget-choice\">{choice.caption}</span>\n            />)}\n    </RadioGroup>\n  </FormControl> : <div>Warning: RadioButtons widget needs choices</div>}",
    "is_multiple_choice": false,
    "primary_language": "en",
    "address": null,
    "external": false,
    "frontend": 1,
    "namespace": "Widget",
    "value_parameter": "event.target.value",
    "parameters": [
      "event"
    ],
    "save_null": true,
    "keywords": [],
    "related_widgets": []
  }
},
{
  "model": "widgets.widget",
  "pk": 140,
  "fields": {
    "code": null,
    "is_multiple_choice": false,
    "primary_language": "en",
    "address": "@material-ui/core/Input",
    "external": true,
    "frontend": 1,
    "namespace": "mui",
    "value_parameter": "event.target.value",
    "parameters": [
      "event"
    ],
    "save_null": true,
    "keywords": [],
    "related_widgets": []
  }
},
{
  "model": "widgets.widget",
  "pk": 141,
  "fields": {
    "code": null,
    "is_multiple_choice": false,
    "primary_language": "en",
    "address": "@material-ui/core/Checkbox",
    "external": true,
    "frontend": 1,
    "namespace": "mui",
    "value_parameter": "event.target.value",
    "parameters": [
      "event"
    ],
    "save_null": true,
    "keywords": [],
    "related_widgets": []
  }
},
{
  "model": "widgets.widget",
  "pk": 142,
  "fields": {
    "code": null,
    "is_multiple_choice": false,
    "primary_language": "en",
    "address": "@material-ui/core/TableCell",
    "external": true,
    "frontend": 1,
    "namespace": "mui",
    "value_parameter": "event.target.value",
    "parameters": [
      "event"
    ],
    "save_null": true,
    "keywords": [],
    "related_widgets": []
  }
},
{
  "model": "widgets.widget",
  "pk": 143,
  "fields": {
    "code": null,
    "is_multiple_choice": false,
    "primary_language": "en",
    "address": "@material-ui/core/Drawer",
    "external": true,
    "frontend": 1,
    "namespace": "mui",
    "value_parameter": "event.target.value",
    "parameters": [
      "event"
    ],
    "save_null": true,
    "keywords": [],
    "related_widgets": []
  }
},
{
  "model": "widgets.widget",
  "pk": 144,
  "fields": {
    "code": null,
    "is_multiple_choice": false,
    "primary_language": "en",
    "address": "@material-ui/core/NoSsr",
    "external": true,
    "frontend": 1,
    "namespace": "mui",
    "value_parameter": "event.target.value",
    "parameters": [
      "event"
    ],
    "save_null": true,
    "keywords": [],
    "related_widgets": []
  }
},
{
  "model": "widgets.widget",
  "pk": 145,
  "fields": {
    "code": null,
    "is_multiple_choice": false,
    "primary_language": "en",
    "address": "@material-ui/core/Slide",
    "external": true,
    "frontend": 1,
    "namespace": "mui",
    "value_parameter": "event.target.value",
    "parameters": [
      "event"
    ],
    "save_null": true,
    "keywords": [],
    "related_widgets": []
  }
},
{
  "model": "widgets.widget",
  "pk": 146,
  "fields": {
    "code": null,
    "is_multiple_choice": false,
    "primary_language": "en",
    "address": "@material-ui/core/FormLabel",
    "external": true,
    "frontend": 1,
    "namespace": "mui",
    "value_parameter": "event.target.value",
    "parameters": [
      "event"
    ],
    "save_null": true,
    "keywords": [],
    "related_widgets": []
  }
},
{
  "model": "widgets.widget",
  "pk": 147,
  "fields": {
    "code": null,
    "is_multiple_choice": false,
    "primary_language": "en",
    "address": "@material-ui/core/NativeSelect",
    "external": true,
    "frontend": 1,
    "namespace": "mui",
    "value_parameter": "event.target.value",
    "parameters": [
      "event"
    ],
    "save_null": true,
    "keywords": [],
    "related_widgets": []
  }
},
{
  "model": "widgets.widget",
  "pk": 148,
  "fields": {
    "code": null,
    "is_multiple_choice": false,
    "primary_language": "en",
    "address": "@material-ui/core/Fade",
    "external": true,
    "frontend": 1,
    "namespace": "mui",
    "value_parameter": "event.target.value",
    "parameters": [
      "event"
    ],
    "save_null": true,
    "keywords": [],
    "related_widgets": []
  }
},
{
  "model": "widgets.widget",
  "pk": 149,
  "fields": {
    "code": null,
    "is_multiple_choice": false,
    "primary_language": "en",
    "address": "@material-ui/core/FormHelperText",
    "external": true,
    "frontend": 1,
    "namespace": "mui",
    "value_parameter": "event.target.value",
    "parameters": [
      "event"
    ],
    "save_null": true,
    "keywords": [],
    "related_widgets": []
  }
},
{
  "model": "widgets.widget",
  "pk": 150,
  "fields": {
    "code": null,
    "is_multiple_choice": false,
    "primary_language": "en",
    "address": "@material-ui/core/Popper",
    "external": true,
    "frontend": 1,
    "namespace": "mui",
    "value_parameter": "event.target.value",
    "parameters": [
      "event"
    ],
    "save_null": true,
    "keywords": [],
    "related_widgets": []
  }
},
{
  "model": "widgets.widget",
  "pk": 153,
  "fields": {
    "code": "<Box py={2}>\n<TextField variant='outlined' fullWidth multiline rows={3} rowsMax={6} label={label} defaultValue={defaultValue} onChange={handleChange} onBlur={handleBlur}/>\n</Box>",
    "is_multiple_choice": false,
    "primary_language": "en",
    "address": null,
    "external": false,
    "frontend": 1,
    "namespace": "Widget",
    "value_parameter": "event.target.value",
    "parameters": [
      "event"
    ],
    "save_null": true,
    "keywords": [],
    "related_widgets": []
  }
},
{
  "model": "widgets.widget",
  "pk": 155,
  "fields": {
    "code": "<Container maxWidth=\"lg\">\n  <Box mx=\"auto\" width=\"50%\">\n    <Typography>\n      {helperText}\n    </Typography>\n    <QR maxWidth=\"4000\" width=\"100%\" onScan={handleScan} />\n    {OptionalInput ? <OptionalInput defaultValue={defaultValue} /> : \"\" }\n  </Box>\n</Container>",
    "is_multiple_choice": false,
    "primary_language": "en",
    "address": null,
    "external": false,
    "frontend": 1,
    "namespace": "Widget",
    "value_parameter": "data",
    "parameters": [
      "data"
    ],
    "save_null": false,
    "keywords": [],
    "related_widgets": []
  }
},
{
  "model": "widgets.widget",
  "pk": 157,
  "fields": {
    "code": "<Button className=\"close-dialog\" color='primary' variant='contained' onClick={handleClick} fullWidth={fullWidth} >{children != null ? children : \"Continue\"}</Button>",
    "is_multiple_choice": false,
    "primary_language": "en",
    "address": null,
    "external": false,
    "frontend": 1,
    "namespace": "Widget",
    "value_parameter": "event.target.value",
    "parameters": [
      "event"
    ],
    "save_null": true,
    "keywords": [],
    "related_widgets": []
  }
},
{
  "model": "widgets.widget",
  "pk": 159,
  "fields": {
    "code": "<Slider {...props}/>",
    "is_multiple_choice": false,
    "primary_language": "en",
    "address": null,
    "external": false,
    "frontend": 1,
    "namespace": "Widget",
    "value_parameter": "value",
    "parameters": [
      "event",
      "value"
    ],
    "save_null": true,
    "keywords": [],
    "related_widgets": []
  }
},
{
  "model": "widgets.widget",
  "pk": 160,
  "fields": {
    "code": "<Button disabled={autoDisable || disabled} onClick={handleClick} variant={variant || \"contained\"} color={color}>{autoDisable ? \"Loading\" : children}\n</Button>",
    "is_multiple_choice": false,
    "primary_language": "en",
    "address": null,
    "external": false,
    "frontend": 1,
    "namespace": "Widget",
    "value_parameter": "event.target.value",
    "parameters": [
      "event"
    ],
    "save_null": true,
    "keywords": [],
    "related_widgets": []
  }
},
{
  "model": "widgets.widget",
  "pk": 161,
  "fields": {
    "code": "{choices ? \n  <React.Fragment>\n    <Typography>{helperText}</Typography>\n    <RadioButtons\n      \n      name={name}\n      row={true}\n      onChange={handleChange}\n      id={id}\n      choices={JSON.stringify(choices)}\n      defaultValue={value}\n      gqlId={gqlId}\n      />\n  </React.Fragment> :\n  <div>Warning: RadioButtons widget needs choices</div>\n}",
    "is_multiple_choice": false,
    "primary_language": "en",
    "address": null,
    "external": false,
    "frontend": 1,
    "namespace": "Widget",
    "value_parameter": "event.target.value",
    "parameters": [
      "event"
    ],
    "save_null": true,
    "keywords": [],
    "related_widgets": []
  }
},
{
  "model": "widgets.widget",
  "pk": 162,
  "fields": {
    "code": "<TextField label={label} defaultValue={defaultValue} onChange={handleChange} onFocus={handleFocus} onBlur={handleBlur} type=\"number\" error={error}/>",
    "is_multiple_choice": false,
    "primary_language": "en",
    "address": null,
    "external": false,
    "frontend": 1,
    "namespace": "Widget",
    "value_parameter": "event.target.value",
    "parameters": [
      "event"
    ],
    "save_null": true,
    "keywords": [],
    "related_widgets": []
  }
},
{
  "model": "widgets.widget",
  "pk": 163,
  "fields": {
    "code": "<MenuItem innerRef={ref} {...props} />",
    "is_multiple_choice": false,
    "primary_language": "en",
    "address": null,
    "external": false,
    "frontend": 1,
    "namespace": "Widget",
    "value_parameter": "event.target.value",
    "parameters": [
      "event"
    ],
    "save_null": true,
    "keywords": [],
    "related_widgets": []
  }
},
{
  "model": "widgets.widget",
  "pk": 164,
  "fields": {
    "code": "<Grid container>\n  <Grid item xs={12} md={6}>\n    <FormHorizontalRadioButtons helperText={helperText} name={name} id={id} choices={JSON.stringify(choices)} />\n  </Grid>\n  <Grid item xs={12} md={6}>\n    <img src={imageUrl} height={imageHeight} width={imageWidth} />\n  </Grid>\n</Grid>",
    "is_multiple_choice": false,
    "primary_language": "en",
    "address": null,
    "external": false,
    "frontend": 1,
    "namespace": "Widget",
    "value_parameter": "event.target.value",
    "parameters": [
      "event"
    ],
    "save_null": true,
    "keywords": [],
    "related_widgets": []
  }
},
{
  "model": "widgets.widget",
  "pk": 165,
  "fields": {
    "code": "<Input defaultValue={defaultValue} onChange={handleChange} onBlur={handleBlur} onKeyDown={handleKeyDown} />",
    "is_multiple_choice": false,
    "primary_language": "en",
    "address": null,
    "external": false,
    "frontend": 1,
    "namespace": "Widget",
    "value_parameter": "event.target.value",
    "parameters": [
      "event"
    ],
    "save_null": true,
    "keywords": [],
    "related_widgets": []
  }
},
{
  "model": "widgets.widget",
  "pk": 166,
  "fields": {
    "code": "{choices ? choices.map((choice, index) => <React.Fragment key={index}><Button id={'button-' + index}>{choice.caption || choice.value}</Button><Divider /></React.Fragment>) : 'WebMultipleChoiceWidget needs choices in order to render.'}",
    "is_multiple_choice": false,
    "primary_language": "en",
    "address": null,
    "external": false,
    "frontend": 1,
    "namespace": "Widget",
    "value_parameter": "event.target.value",
    "parameters": [
      "event"
    ],
    "save_null": true,
    "keywords": [],
    "related_widgets": []
  }
},
{
  "model": "widgets.widget",
  "pk": 167,
  "fields": {
    "code": "{(!isGeolocationAvailable) ?\n<Typography variant=\"body1\">Your browser does not support Geolocation</Typography> : coords ? \n<Table >\n    <TableHead>\n        <TableRow>\n            <TableCell align=\"left\"><b>Name</b></TableCell>\n            <TableCell align=\"left\"><b>Value</b></TableCell>\n        </TableRow>\n    </TableHead>\n    <TableBody>\n        <TableRow>\n            <TableCell align=\"left\">Latitude</TableCell>\n            <TableCell align=\"left\">{coords.latitude}</TableCell>\n        </TableRow>\n        <TableRow>\n            <TableCell align=\"left\">Longitude</TableCell>\n            <TableCell align=\"left\">{coords.longitude}</TableCell>\n        </TableRow>\n        <TableRow>\n            <TableCell align=\"left\">Altitude</TableCell>\n            <TableCell align=\"left\">{coords.altitude ? coords.altitude : \"N/A\"}</TableCell>\n        </TableRow>\n        <TableRow>\n            <TableCell align=\"left\">Heading</TableCell>\n            <TableCell align=\"left\">{coords.heading ? coords.heading : \"N/A\"}</TableCell>\n        </TableRow>\n        <TableRow>\n            <TableCell align=\"left\">Speed</TableCell>\n            <TableCell align=\"left\">{coords.speed ? coords.speed : \"N/A\"}</TableCell>\n        </TableRow>\n    </TableBody>\n</Table> :\n<Typography variant='body1'>{location.protocol == 'https' ? \"Getting the location data&hellip;\" : \"GPS tracking can only be used on  secured connections\"} </Typography> }",
    "is_multiple_choice": false,
    "primary_language": "en",
    "address": null,
    "external": false,
    "frontend": 1,
    "namespace": "Widget",
    "value_parameter": "event.target.value",
    "parameters": [
      "event"
    ],
    "save_null": true,
    "keywords": [],
    "related_widgets": []
  }
},
{
  "model": "widgets.widget",
  "pk": 168,
  "fields": {
    "code": "<WebIntWidget defaultValue={defaultValue} onChange={handleChange} onBlur={handleBlur} onFocus={handleFocus} />",
    "is_multiple_choice": false,
    "primary_language": "en",
    "address": null,
    "external": false,
    "frontend": 1,
    "namespace": "Widget",
    "value_parameter": "event.target.value",
    "parameters": [
      "event"
    ],
    "save_null": true,
    "keywords": [],
    "related_widgets": []
  }
},
{
  "model": "widgets.widget",
  "pk": 170,
  "fields": {
    "code": "{useLocation ? (() => {const RenderGeolocation = geolocated({watchPosition: true})(BaseGeolocation); return <RenderGeolocation /> })(): <span className=\"geolocation-helper-text\">Please click the button below to allow tracking</span>}\n<br/><br/>\n<Button className=\"geolocation-tracking-toggle\" variant=\"contained\" color=\"primary\" onClick={handleButtonClick}>{useLocation ? \"Stop Tracking\" : \"Allow Tracking\"}</Button>",
    "is_multiple_choice": false,
    "primary_language": "en",
    "address": null,
    "external": false,
    "frontend": 1,
    "namespace": "Widget",
    "value_parameter": "event.target.value",
    "parameters": [
      "event"
    ],
    "save_null": true,
    "keywords": [],
    "related_widgets": []
  }
},
{
  "model": "widgets.widget",
  "pk": 171,
  "fields": {
    "code": "<Dialog open={close ? false : open}>\n{children||null}\n{\n    (() => {\n        if (closeWidget){\n            const CloseWidget = closeWidget;\n            return <CloseWidget\n                        closeDialog={() => {setClose(true)}}\n                    />\n        }\n        else {\n            return <DialogCloser closeDialog={() => {setClose(true)}}\n            />\n        }\n    })()\n}\n<br/>\n</Dialog>",
    "is_multiple_choice": false,
    "primary_language": "en",
    "address": null,
    "external": false,
    "frontend": 1,
    "namespace": "Widget",
    "value_parameter": "event.target.value",
    "parameters": [
      "event"
    ],
    "save_null": true,
    "keywords": [],
    "related_widgets": []
  }
},
{
  "model": "widgets.widget",
  "pk": 172,
  "fields": {
    "code": "{choices ?\n<FormControl>\n  <InputLabel id={labelId}>{label}</InputLabel>\n  <Select \n    displayEmpty\n    value= {\n    stateValue == null ? \n        defaultValue != null  ?\n        defaultValue :\n        \"\":\n    stateValue} \n    disabled={disabled}\n    labelWidth={labelWidth}\n    id={id}\n    labelId={labelId}\n    onChange={handleChange}\n    onClick={handleClick}\n    name={name}\n  \n  >\n    <CustomMenuItem value=\"\">\n      <em>Click to Select</em>\n    </CustomMenuItem>\n    {choices.map((choice, index) => <CustomMenuItem className=\"dropdown-choice\" key={index} value={choice.value} id={index} > \n      {choice.caption}\n    </CustomMenuItem>)}\n  </Select>\n  <FormHelperText>{helperText}</FormHelperText>\n</FormControl>:  <div>Warning: Dropdown widget needs choices</div>}",
    "is_multiple_choice": false,
    "primary_language": "en",
    "address": null,
    "external": false,
    "frontend": 1,
    "namespace": "Widget",
    "value_parameter": "event.target.value",
    "parameters": [
      "event"
    ],
    "save_null": true,
    "keywords": [],
    "related_widgets": []
  }
},
{
  "model": "widgets.widget",
  "pk": 173,
  "fields": {
    "code": "<Button variant=\"contained\" id={props.id} color={props.color || 'primary'} disabled={props.disabled} {...props} onClick={ handleClick }>{props.children || \"Next\"}</Button>",
    "is_multiple_choice": false,
    "primary_language": "en",
    "address": null,
    "external": false,
    "frontend": 1,
    "namespace": "Widget",
    "value_parameter": "event.target.value",
    "parameters": [
      "event"
    ],
    "save_null": true,
    "keywords": [],
    "related_widgets": []
  }
},
{
  "model": "widgets.widget",
  "pk": 174,
  "fields": {
    "code": "<Input {...props} />",
    "is_multiple_choice": false,
    "primary_language": "en",
    "address": null,
    "external": false,
    "frontend": 1,
    "namespace": "Widget",
    "value_parameter": "event.target.value",
    "parameters": [
      "event"
    ],
    "save_null": true,
    "keywords": [],
    "related_widgets": []
  }
},
{
  "model": "widgets.widget",
  "pk": 175,
  "fields": {
    "code": "<Button id={id} variant=\"contained\" color={props.color || \"secondary\"} disabled={props.disabled} onClick={handleClick}>{children || \"Back\"}</Button>",
    "is_multiple_choice": false,
    "primary_language": "en",
    "address": null,
    "external": false,
    "frontend": 1,
    "namespace": "Widget",
    "value_parameter": "event.target.value",
    "parameters": [
      "event"
    ],
    "save_null": true,
    "keywords": [],
    "related_widgets": []
  }
},
{
  "model": "widgets.widget",
  "pk": 176,
  "fields": {
    "code": "{choices ? \n  <React.Fragment>\n    <Typography>{helperText}</Typography>\n    <Dropdown\n      \n      name={name}\n      id={id}\n      choices={JSON.stringify(choices)}\n      defaultValue={value}\n      disabled={disabled}\n      onChange={handleChange}\n      gqlId={gqlId}\n      />\n  </React.Fragment> :\n  <div>Warning: RadioButtons widget needs choices</div>\n}",
    "is_multiple_choice": false,
    "primary_language": "en",
    "address": null,
    "external": false,
    "frontend": 1,
    "namespace": "Widget",
    "value_parameter": "event.target.value",
    "parameters": [
      "event"
    ],
    "save_null": true,
    "keywords": [],
    "related_widgets": []
  }
},
{
  "model": "widgets.widgetconnection",
  "pk": 1,
  "fields": {
    "created": "2020-04-23T16:17:31.932Z",
    "modified": "2020-04-23T16:17:31.932Z",
    "name": "QrReader",
    "comment": null,
    "originator": 66,
    "target": 28
  }
},
{
  "model": "widgets.widgetconnection",
  "pk": 9,
  "fields": {
    "created": "2020-04-23T16:17:34.301Z",
    "modified": "2020-04-23T16:17:34.301Z",
    "name": "Button",
    "comment": null,
    "originator": 137,
    "target": 109
  }
},
{
  "model": "widgets.widgetconnection",
  "pk": 10,
  "fields": {
    "created": "2020-04-23T16:17:34.401Z",
    "modified": "2020-04-23T16:17:34.401Z",
    "name": "Radio",
    "comment": null,
    "originator": 139,
    "target": 103
  }
},
{
  "model": "widgets.widgetconnection",
  "pk": 11,
  "fields": {
    "created": "2020-04-23T16:17:34.408Z",
    "modified": "2020-04-23T16:17:34.408Z",
    "name": "FormControlLabel",
    "comment": null,
    "originator": 139,
    "target": 63
  }
},
{
  "model": "widgets.widgetconnection",
  "pk": 12,
  "fields": {
    "created": "2020-04-23T16:17:34.419Z",
    "modified": "2020-04-23T16:17:34.419Z",
    "name": "RadioGroup",
    "comment": null,
    "originator": 139,
    "target": 27
  }
},
{
  "model": "widgets.widgetconnection",
  "pk": 13,
  "fields": {
    "created": "2020-04-23T16:17:34.427Z",
    "modified": "2020-04-23T16:17:34.427Z",
    "name": "FormControl",
    "comment": null,
    "originator": 139,
    "target": 90
  }
},
{
  "model": "widgets.widgetconnection",
  "pk": 15,
  "fields": {
    "created": "2020-04-23T16:17:35.097Z",
    "modified": "2020-04-23T16:17:35.097Z",
    "name": "Box",
    "comment": null,
    "originator": 153,
    "target": 49
  }
},
{
  "model": "widgets.widgetconnection",
  "pk": 16,
  "fields": {
    "created": "2020-04-23T16:17:35.104Z",
    "modified": "2020-04-23T16:17:35.104Z",
    "name": "TextField",
    "comment": null,
    "originator": 153,
    "target": 26
  }
},
{
  "model": "widgets.widgetconnection",
  "pk": 17,
  "fields": {
    "created": "2020-04-23T16:17:35.207Z",
    "modified": "2020-04-23T16:17:35.207Z",
    "name": "QR",
    "comment": null,
    "originator": 155,
    "target": 66
  }
},
{
  "model": "widgets.widgetconnection",
  "pk": 18,
  "fields": {
    "created": "2020-04-23T16:17:35.219Z",
    "modified": "2020-04-23T16:17:35.219Z",
    "name": "Box",
    "comment": null,
    "originator": 155,
    "target": 49
  }
},
{
  "model": "widgets.widgetconnection",
  "pk": 19,
  "fields": {
    "created": "2020-04-23T16:17:35.227Z",
    "modified": "2020-04-23T16:17:35.227Z",
    "name": "Container",
    "comment": null,
    "originator": 155,
    "target": 91
  }
},
{
  "model": "widgets.widgetconnection",
  "pk": 20,
  "fields": {
    "created": "2020-04-23T16:17:35.237Z",
    "modified": "2020-04-23T16:17:35.237Z",
    "name": "Typography",
    "comment": null,
    "originator": 155,
    "target": 62
  }
},
{
  "model": "widgets.widgetconnection",
  "pk": 21,
  "fields": {
    "created": "2020-04-23T16:17:35.346Z",
    "modified": "2020-04-23T16:17:35.346Z",
    "name": "Button",
    "comment": null,
    "originator": 157,
    "target": 109
  }
},
{
  "model": "widgets.widgetconnection",
  "pk": 22,
  "fields": {
    "created": "2020-04-23T16:17:35.454Z",
    "modified": "2020-04-23T16:17:35.454Z",
    "name": "Slider",
    "comment": null,
    "originator": 159,
    "target": 129
  }
},
{
  "model": "widgets.widgetconnection",
  "pk": 23,
  "fields": {
    "created": "2020-04-23T16:17:35.508Z",
    "modified": "2020-04-23T16:17:35.508Z",
    "name": "Button",
    "comment": null,
    "originator": 160,
    "target": 109
  }
},
{
  "model": "widgets.widgetconnection",
  "pk": 24,
  "fields": {
    "created": "2020-04-23T16:17:35.599Z",
    "modified": "2020-04-23T16:17:35.599Z",
    "name": "Typography",
    "comment": null,
    "originator": 161,
    "target": 62
  }
},
{
  "model": "widgets.widgetconnection",
  "pk": 25,
  "fields": {
    "created": "2020-04-23T16:17:35.606Z",
    "modified": "2020-04-23T16:17:35.606Z",
    "name": "RadioButtons",
    "comment": null,
    "originator": 161,
    "target": 139
  }
},
{
  "model": "widgets.widgetconnection",
  "pk": 26,
  "fields": {
    "created": "2020-04-23T16:17:35.705Z",
    "modified": "2020-04-23T16:17:35.705Z",
    "name": "TextField",
    "comment": null,
    "originator": 162,
    "target": 26
  }
},
{
  "model": "widgets.widgetconnection",
  "pk": 27,
  "fields": {
    "created": "2020-04-23T16:17:35.717Z",
    "modified": "2020-04-23T16:17:35.717Z",
    "name": "FormControl",
    "comment": null,
    "originator": 162,
    "target": 90
  }
},
{
  "model": "widgets.widgetconnection",
  "pk": 28,
  "fields": {
    "created": "2020-04-23T16:17:35.724Z",
    "modified": "2020-04-23T16:17:35.724Z",
    "name": "FormControlLabel",
    "comment": null,
    "originator": 162,
    "target": 63
  }
},
{
  "model": "widgets.widgetconnection",
  "pk": 29,
  "fields": {
    "created": "2020-04-23T16:17:35.832Z",
    "modified": "2020-04-23T16:17:35.832Z",
    "name": "MenuItem",
    "comment": null,
    "originator": 163,
    "target": 107
  }
},
{
  "model": "widgets.widgetconnection",
  "pk": 30,
  "fields": {
    "created": "2020-04-23T16:17:35.872Z",
    "modified": "2020-04-23T16:17:35.872Z",
    "name": "FormHorizontalRadioButtons",
    "comment": null,
    "originator": 164,
    "target": 161
  }
},
{
  "model": "widgets.widgetconnection",
  "pk": 31,
  "fields": {
    "created": "2020-04-23T16:17:35.884Z",
    "modified": "2020-04-23T16:17:35.884Z",
    "name": "Grid",
    "comment": null,
    "originator": 164,
    "target": 35
  }
},
{
  "model": "widgets.widgetconnection",
  "pk": 32,
  "fields": {
    "created": "2020-04-23T16:17:35.976Z",
    "modified": "2020-04-23T16:17:35.976Z",
    "name": "Input",
    "comment": null,
    "originator": 165,
    "target": 140
  }
},
{
  "model": "widgets.widgetconnection",
  "pk": 33,
  "fields": {
    "created": "2020-04-23T16:17:36.056Z",
    "modified": "2020-04-23T16:17:36.056Z",
    "name": "Divider",
    "comment": null,
    "originator": 166,
    "target": 106
  }
},
{
  "model": "widgets.widgetconnection",
  "pk": 34,
  "fields": {
    "created": "2020-04-23T16:17:36.066Z",
    "modified": "2020-04-23T16:17:36.066Z",
    "name": "Button",
    "comment": null,
    "originator": 166,
    "target": 109
  }
},
{
  "model": "widgets.widgetconnection",
  "pk": 35,
  "fields": {
    "created": "2020-04-23T16:17:36.105Z",
    "modified": "2020-04-23T16:17:36.105Z",
    "name": "Typography",
    "comment": null,
    "originator": 167,
    "target": 62
  }
},
{
  "model": "widgets.widgetconnection",
  "pk": 36,
  "fields": {
    "created": "2020-04-23T16:17:36.117Z",
    "modified": "2020-04-23T16:17:36.117Z",
    "name": "TableBody",
    "comment": null,
    "originator": 167,
    "target": 41
  }
},
{
  "model": "widgets.widgetconnection",
  "pk": 37,
  "fields": {
    "created": "2020-04-23T16:17:36.124Z",
    "modified": "2020-04-23T16:17:36.124Z",
    "name": "TableRow",
    "comment": null,
    "originator": 167,
    "target": 98
  }
},
{
  "model": "widgets.widgetconnection",
  "pk": 38,
  "fields": {
    "created": "2020-04-23T16:17:36.133Z",
    "modified": "2020-04-23T16:17:36.133Z",
    "name": "TableHead",
    "comment": null,
    "originator": 167,
    "target": 59
  }
},
{
  "model": "widgets.widgetconnection",
  "pk": 39,
  "fields": {
    "created": "2020-04-23T16:17:36.140Z",
    "modified": "2020-04-23T16:17:36.140Z",
    "name": "TableCell",
    "comment": null,
    "originator": 167,
    "target": 142
  }
},
{
  "model": "widgets.widgetconnection",
  "pk": 40,
  "fields": {
    "created": "2020-04-23T16:17:36.151Z",
    "modified": "2020-04-23T16:17:36.151Z",
    "name": "Table",
    "comment": null,
    "originator": 167,
    "target": 25
  }
},
{
  "model": "widgets.widgetconnection",
  "pk": 41,
  "fields": {
    "created": "2020-04-23T16:17:36.202Z",
    "modified": "2020-04-23T16:17:36.202Z",
    "name": "WebIntWidget",
    "comment": null,
    "originator": 168,
    "target": 162
  }
},
{
  "model": "widgets.widgetconnection",
  "pk": 43,
  "fields": {
    "created": "2020-04-23T16:17:36.343Z",
    "modified": "2020-04-23T16:17:36.343Z",
    "name": "Button",
    "comment": null,
    "originator": 170,
    "target": 109
  }
},
{
  "model": "widgets.widgetconnection",
  "pk": 44,
  "fields": {
    "created": "2020-04-23T16:17:36.356Z",
    "modified": "2020-04-23T16:17:36.356Z",
    "name": "BaseGeolocation",
    "comment": null,
    "originator": 170,
    "target": 167
  }
},
{
  "model": "widgets.widgetconnection",
  "pk": 45,
  "fields": {
    "created": "2020-04-23T16:17:36.422Z",
    "modified": "2020-04-23T16:17:36.422Z",
    "name": "DialogCloser",
    "comment": null,
    "originator": 171,
    "target": 157
  }
},
{
  "model": "widgets.widgetconnection",
  "pk": 46,
  "fields": {
    "created": "2020-04-23T16:17:36.430Z",
    "modified": "2020-04-23T16:17:36.430Z",
    "name": "Button",
    "comment": null,
    "originator": 171,
    "target": 109
  }
},
{
  "model": "widgets.widgetconnection",
  "pk": 47,
  "fields": {
    "created": "2020-04-23T16:17:36.438Z",
    "modified": "2020-04-23T16:17:36.438Z",
    "name": "Dialog",
    "comment": null,
    "originator": 171,
    "target": 88
  }
},
{
  "model": "widgets.widgetconnection",
  "pk": 48,
  "fields": {
    "created": "2020-04-23T16:17:36.500Z",
    "modified": "2020-04-23T16:17:36.500Z",
    "name": "InputLabel",
    "comment": null,
    "originator": 172,
    "target": 40
  }
},
{
  "model": "widgets.widgetconnection",
  "pk": 49,
  "fields": {
    "created": "2020-04-23T16:17:36.508Z",
    "modified": "2020-04-23T16:17:36.508Z",
    "name": "CustomMenuItem",
    "comment": null,
    "originator": 172,
    "target": 163
  }
},
{
  "model": "widgets.widgetconnection",
  "pk": 50,
  "fields": {
    "created": "2020-04-23T16:17:36.521Z",
    "modified": "2020-04-23T16:17:36.521Z",
    "name": "FormHelperText",
    "comment": null,
    "originator": 172,
    "target": 149
  }
},
{
  "model": "widgets.widgetconnection",
  "pk": 51,
  "fields": {
    "created": "2020-04-23T16:17:36.528Z",
    "modified": "2020-04-23T16:17:36.528Z",
    "name": "Select",
    "comment": null,
    "originator": 172,
    "target": 64
  }
},
{
  "model": "widgets.widgetconnection",
  "pk": 52,
  "fields": {
    "created": "2020-04-23T16:17:36.538Z",
    "modified": "2020-04-23T16:17:36.538Z",
    "name": "FormControl",
    "comment": null,
    "originator": 172,
    "target": 90
  }
},
{
  "model": "widgets.widgetconnection",
  "pk": 53,
  "fields": {
    "created": "2020-04-23T16:17:36.666Z",
    "modified": "2020-04-23T16:17:36.666Z",
    "name": "Button",
    "comment": null,
    "originator": 173,
    "target": 160
  }
},
{
  "model": "widgets.widgetconnection",
  "pk": 54,
  "fields": {
    "created": "2020-04-23T16:17:36.723Z",
    "modified": "2020-04-23T16:17:36.723Z",
    "name": "Input",
    "comment": null,
    "originator": 174,
    "target": 165
  }
},
{
  "model": "widgets.widgetconnection",
  "pk": 55,
  "fields": {
    "created": "2020-04-23T16:17:36.790Z",
    "modified": "2020-04-23T16:17:36.790Z",
    "name": "Button",
    "comment": null,
    "originator": 175,
    "target": 160
  }
},
{
  "model": "widgets.widgetconnection",
  "pk": 56,
  "fields": {
    "created": "2020-04-23T16:17:36.854Z",
    "modified": "2020-04-23T16:17:36.854Z",
    "name": "Typography",
    "comment": null,
    "originator": 176,
    "target": 62
  }
},
{
  "model": "widgets.widgetconnection",
  "pk": 57,
  "fields": {
    "created": "2020-04-23T16:17:36.860Z",
    "modified": "2020-04-23T16:17:36.860Z",
    "name": "Dropdown",
    "comment": null,
    "originator": 176,
    "target": 172
  }
},
{
  "model": "roles.roleassignment",
  "pk": 1,
  "fields": {
    "created": "2020-04-23T16:17:41.282Z",
    "modified": "2020-04-23T16:17:41.282Z",
    "content_type": 31,
    "object_id": 1,
    "role": 4,
    "user": 1,
    "group": null
  }
}
]
