[
{
  "model": "base.eryfile",
  "pk": 1,
  "fields": {
    "created": "2020-04-23T18:00:46.696Z",
    "modified": "2020-04-23T18:00:46.704Z",
    "slug": "template0-hrIpecpF",
    "comment": "Default root for rendering command's output",
    "state": "prealpha",
    "name": "default-web-command-template",
    "published": true,
    "keywords": []
  }
},
{
  "model": "base.eryfile",
  "pk": 2,
  "fields": {
    "created": "2020-04-23T18:00:46.740Z",
    "modified": "2020-04-23T18:00:46.746Z",
    "slug": "template0-hrIpecpE",
    "comment": "Default root for rendering command's output",
    "state": "prealpha",
    "name": "default-email-command-template",
    "published": true,
    "keywords": []
  }
},
{
  "model": "base.eryfile",
  "pk": 3,
  "fields": {
    "created": "2020-04-23T18:00:46.768Z",
    "modified": "2020-04-23T18:00:46.774Z",
    "slug": "Root-egEAZdKg",
    "comment": "Default email template for stages.",
    "state": "prealpha",
    "name": "Root",
    "published": true,
    "keywords": []
  }
},
{
  "model": "base.eryfile",
  "pk": 5,
  "fields": {
    "created": "2020-04-23T18:00:46.813Z",
    "modified": "2020-04-23T18:00:46.819Z",
    "slug": "template0-hrIpecpX",
    "comment": "Default root for rendering command's output",
    "state": "prealpha",
    "name": "default-sms-command-template",
    "published": true,
    "keywords": []
  }
},
{
  "model": "base.eryfile",
  "pk": 6,
  "fields": {
    "created": "2020-04-23T18:00:46.840Z",
    "modified": "2020-04-23T18:00:46.846Z",
    "slug": "Root-egEABsKg",
    "comment": "Default web template for stages.",
    "state": "prealpha",
    "name": "Root",
    "published": true,
    "keywords": []
  }
},
{
  "model": "base.eryfile",
  "pk": 7,
  "fields": {
    "created": "2020-04-23T18:00:46.867Z",
    "modified": "2020-04-23T18:00:46.873Z",
    "slug": "Root-ezEAGdkx",
    "comment": "Default sms template for stages.",
    "state": "prealpha",
    "name": "Root",
    "published": true,
    "keywords": []
  }
},
{
  "model": "base.eryfile",
  "pk": 8,
  "fields": {
    "created": "2020-04-23T18:00:46.899Z",
    "modified": "2020-04-23T18:00:46.903Z",
    "slug": "DefaultTheme-GGGlqICG",
    "comment": null,
    "state": "prealpha",
    "name": "Default Theme",
    "published": true,
    "keywords": []
  }
},
{
  "model": "base.eryfile",
  "pk": 9,
  "fields": {
    "created": "2020-04-23T18:00:46.921Z",
    "modified": "2020-04-23T18:00:46.931Z",
    "slug": "Grow-DcxmVTfL",
    "comment": "Wrapper for Material Design Component",
    "state": "prealpha",
    "name": "Grow",
    "published": true,
    "keywords": []
  }
},
{
  "model": "base.eryfile",
  "pk": 10,
  "fields": {
    "created": "2020-04-23T18:00:46.945Z",
    "modified": "2020-04-23T18:00:46.953Z",
    "slug": "ListItemText-AdnWajKM",
    "comment": "Wrapper for Material Design Component",
    "state": "prealpha",
    "name": "ListItemText",
    "published": true,
    "keywords": []
  }
},
{
  "model": "base.eryfile",
  "pk": 11,
  "fields": {
    "created": "2020-04-23T18:00:46.966Z",
    "modified": "2020-04-23T18:00:46.975Z",
    "slug": "ListSubheader-oPcbZAGl",
    "comment": "Wrapper for Material Design Component",
    "state": "prealpha",
    "name": "ListSubheader",
    "published": true,
    "keywords": []
  }
},
{
  "model": "base.eryfile",
  "pk": 12,
  "fields": {
    "created": "2020-04-23T18:00:46.989Z",
    "modified": "2020-04-23T18:00:46.997Z",
    "slug": "ExpansionPanel-hOCfCpdb",
    "comment": "Wrapper for Material Design Component",
    "state": "prealpha",
    "name": "ExpansionPanel",
    "published": true,
    "keywords": []
  }
},
{
  "model": "base.eryfile",
  "pk": 13,
  "fields": {
    "created": "2020-04-23T18:00:47.010Z",
    "modified": "2020-04-23T18:00:47.019Z",
    "slug": "Tooltip-nonFsjnl",
    "comment": "Wrapper for Material Design Component",
    "state": "prealpha",
    "name": "Tooltip",
    "published": true,
    "keywords": []
  }
},
{
  "model": "base.eryfile",
  "pk": 16,
  "fields": {
    "created": "2020-04-23T18:00:47.084Z",
    "modified": "2020-04-23T18:00:47.093Z",
    "slug": "Chip-qLyMsUOI",
    "comment": "Wrapper for Material Design Component",
    "state": "prealpha",
    "name": "Chip",
    "published": true,
    "keywords": []
  }
},
{
  "model": "base.eryfile",
  "pk": 17,
  "fields": {
    "created": "2020-04-23T18:00:47.107Z",
    "modified": "2020-04-23T18:00:47.116Z",
    "slug": "Icon-LZXnJaRj",
    "comment": "Wrapper for Material Design Component",
    "state": "prealpha",
    "name": "Icon",
    "published": true,
    "keywords": []
  }
},
{
  "model": "base.eryfile",
  "pk": 18,
  "fields": {
    "created": "2020-04-23T18:00:47.129Z",
    "modified": "2020-04-23T18:00:47.138Z",
    "slug": "ClickAwayListener-LcSTpUDx",
    "comment": "Wrapper for Material Design Component",
    "state": "prealpha",
    "name": "ClickAwayListener",
    "published": true,
    "keywords": []
  }
},
{
  "model": "base.eryfile",
  "pk": 19,
  "fields": {
    "created": "2020-04-23T18:00:47.151Z",
    "modified": "2020-04-23T18:00:47.160Z",
    "slug": "DialogContent-qkjEChGn",
    "comment": "Wrapper for Material Design Component",
    "state": "prealpha",
    "name": "DialogContent",
    "published": true,
    "keywords": []
  }
},
{
  "model": "base.eryfile",
  "pk": 21,
  "fields": {
    "created": "2020-04-23T18:00:47.199Z",
    "modified": "2020-04-23T18:00:47.208Z",
    "slug": "CardContent-ElLzvPww",
    "comment": "Wrapper for Material Design Component",
    "state": "prealpha",
    "name": "CardContent",
    "published": true,
    "keywords": []
  }
},
{
  "model": "base.eryfile",
  "pk": 22,
  "fields": {
    "created": "2020-04-23T18:00:47.221Z",
    "modified": "2020-04-23T18:00:47.230Z",
    "slug": "Link-pdNuxcqb",
    "comment": "Wrapper for Material Design Component",
    "state": "prealpha",
    "name": "Link",
    "published": true,
    "keywords": []
  }
},
{
  "model": "base.eryfile",
  "pk": 23,
  "fields": {
    "created": "2020-04-23T18:00:47.243Z",
    "modified": "2020-04-23T18:00:47.251Z",
    "slug": "Fab-HIOjvACw",
    "comment": "Wrapper for Material Design Component",
    "state": "prealpha",
    "name": "Fab",
    "published": true,
    "keywords": []
  }
},
{
  "model": "base.eryfile",
  "pk": 24,
  "fields": {
    "created": "2020-04-23T18:00:47.265Z",
    "modified": "2020-04-23T18:00:47.273Z",
    "slug": "Step-mcLVFxju",
    "comment": "Wrapper for Material Design Component",
    "state": "prealpha",
    "name": "Step",
    "published": true,
    "keywords": []
  }
},
{
  "model": "base.eryfile",
  "pk": 25,
  "fields": {
    "created": "2020-04-23T18:00:47.286Z",
    "modified": "2020-04-23T18:00:47.294Z",
    "slug": "Table-PhfDJSvJ",
    "comment": "Wrapper for Material Design Component",
    "state": "prealpha",
    "name": "Table",
    "published": true,
    "keywords": []
  }
},
{
  "model": "base.eryfile",
  "pk": 26,
  "fields": {
    "created": "2020-04-23T18:00:47.308Z",
    "modified": "2020-04-23T18:00:47.316Z",
    "slug": "TextField-mKSlkfLR",
    "comment": "Wrapper for Material Design Component",
    "state": "prealpha",
    "name": "TextField",
    "published": true,
    "keywords": []
  }
},
{
  "model": "base.eryfile",
  "pk": 27,
  "fields": {
    "created": "2020-04-23T18:00:47.350Z",
    "modified": "2020-04-23T18:00:47.359Z",
    "slug": "RadioGroup-LbVMARYb",
    "comment": "Wrapper for Material Design Component",
    "state": "prealpha",
    "name": "RadioGroup",
    "published": true,
    "keywords": []
  }
},
{
  "model": "base.eryfile",
  "pk": 28,
  "fields": {
    "created": "2020-04-23T18:00:47.372Z",
    "modified": "2020-04-23T18:00:47.380Z",
    "slug": "QrReader-yqrIwFhz",
    "comment": null,
    "state": "prealpha",
    "name": "QrReader",
    "published": true,
    "keywords": []
  }
},
{
  "model": "base.eryfile",
  "pk": 29,
  "fields": {
    "created": "2020-04-23T18:00:47.394Z",
    "modified": "2020-04-23T18:00:47.402Z",
    "slug": "GridListTile-XCzjwKWB",
    "comment": "Wrapper for Material Design Component",
    "state": "prealpha",
    "name": "GridListTile",
    "published": true,
    "keywords": []
  }
},
{
  "model": "base.eryfile",
  "pk": 30,
  "fields": {
    "created": "2020-04-23T18:00:47.415Z",
    "modified": "2020-04-23T18:00:47.424Z",
    "slug": "Backdrop-sOOvSzQi",
    "comment": "Wrapper for Material Design Component",
    "state": "prealpha",
    "name": "Backdrop",
    "published": true,
    "keywords": []
  }
},
{
  "model": "base.eryfile",
  "pk": 31,
  "fields": {
    "created": "2020-04-23T18:00:47.437Z",
    "modified": "2020-04-23T18:00:47.446Z",
    "slug": "Badge-IlsCrLqZ",
    "comment": "Wrapper for Material Design Component",
    "state": "prealpha",
    "name": "Badge",
    "published": true,
    "keywords": []
  }
},
{
  "model": "base.eryfile",
  "pk": 32,
  "fields": {
    "created": "2020-04-23T18:00:47.461Z",
    "modified": "2020-04-23T18:00:47.469Z",
    "slug": "smsnumberwidget-ujIkXxBK",
    "comment": "Default widget for SMS Input which require int/float responses",
    "state": "prealpha",
    "name": "SMSNumberWidget",
    "published": false,
    "keywords": []
  }
},
{
  "model": "base.eryfile",
  "pk": 33,
  "fields": {
    "created": "2020-04-23T18:00:47.483Z",
    "modified": "2020-04-23T18:00:47.491Z",
    "slug": "StepIcon-nKErJcpe",
    "comment": "Wrapper for Material Design Component",
    "state": "prealpha",
    "name": "StepIcon",
    "published": true,
    "keywords": []
  }
},
{
  "model": "base.eryfile",
  "pk": 35,
  "fields": {
    "created": "2020-04-23T18:00:47.530Z",
    "modified": "2020-04-23T18:00:47.538Z",
    "slug": "Grid-boiBQcEE",
    "comment": "Wrapper for Material Design Component",
    "state": "prealpha",
    "name": "Grid",
    "published": true,
    "keywords": []
  }
},
{
  "model": "base.eryfile",
  "pk": 36,
  "fields": {
    "created": "2020-04-23T18:00:47.552Z",
    "modified": "2020-04-23T18:00:47.560Z",
    "slug": "Zoom-VmdsBHOS",
    "comment": "Wrapper for Material Design Component",
    "state": "prealpha",
    "name": "Zoom",
    "published": true,
    "keywords": []
  }
},
{
  "model": "base.eryfile",
  "pk": 37,
  "fields": {
    "created": "2020-04-23T18:00:47.574Z",
    "modified": "2020-04-23T18:00:47.582Z",
    "slug": "AppBar-YVrvDHnJ",
    "comment": "Wrapper for Material Design Component",
    "state": "prealpha",
    "name": "AppBar",
    "published": true,
    "keywords": []
  }
},
{
  "model": "base.eryfile",
  "pk": 38,
  "fields": {
    "created": "2020-04-23T18:00:47.596Z",
    "modified": "2020-04-23T18:00:47.604Z",
    "slug": "CardActions-mwbdinWu",
    "comment": "Wrapper for Material Design Component",
    "state": "prealpha",
    "name": "CardActions",
    "published": true,
    "keywords": []
  }
},
{
  "model": "base.eryfile",
  "pk": 40,
  "fields": {
    "created": "2020-04-23T18:00:47.642Z",
    "modified": "2020-04-23T18:00:47.651Z",
    "slug": "InputLabel-OCnQAsBk",
    "comment": "Wrapper for Material Design Component",
    "state": "prealpha",
    "name": "InputLabel",
    "published": true,
    "keywords": []
  }
},
{
  "model": "base.eryfile",
  "pk": 41,
  "fields": {
    "created": "2020-04-23T18:00:47.664Z",
    "modified": "2020-04-23T18:00:47.673Z",
    "slug": "TableBody-CuaPwPtW",
    "comment": "Wrapper for Material Design Component",
    "state": "prealpha",
    "name": "TableBody",
    "published": true,
    "keywords": []
  }
},
{
  "model": "base.eryfile",
  "pk": 45,
  "fields": {
    "created": "2020-04-23T18:00:47.762Z",
    "modified": "2020-04-23T18:00:47.770Z",
    "slug": "CardHeader-gqUEjNvA",
    "comment": "Wrapper for Material Design Component",
    "state": "prealpha",
    "name": "CardHeader",
    "published": true,
    "keywords": []
  }
},
{
  "model": "base.eryfile",
  "pk": 46,
  "fields": {
    "created": "2020-04-23T18:00:47.783Z",
    "modified": "2020-04-23T18:00:47.792Z",
    "slug": "TableFooter-eCKsTNmz",
    "comment": "Wrapper for Material Design Component",
    "state": "prealpha",
    "name": "TableFooter",
    "published": true,
    "keywords": []
  }
},
{
  "model": "base.eryfile",
  "pk": 47,
  "fields": {
    "created": "2020-04-23T18:00:47.805Z",
    "modified": "2020-04-23T18:00:47.814Z",
    "slug": "StepButton-jYYJMbsw",
    "comment": "Wrapper for Material Design Component",
    "state": "prealpha",
    "name": "StepButton",
    "published": true,
    "keywords": []
  }
},
{
  "model": "base.eryfile",
  "pk": 48,
  "fields": {
    "created": "2020-04-23T18:00:47.827Z",
    "modified": "2020-04-23T18:00:47.836Z",
    "slug": "SwipeableDrawer-PScUyGDx",
    "comment": "Wrapper for Material Design Component",
    "state": "prealpha",
    "name": "SwipeableDrawer",
    "published": true,
    "keywords": []
  }
},
{
  "model": "base.eryfile",
  "pk": 49,
  "fields": {
    "created": "2020-04-23T18:00:47.850Z",
    "modified": "2020-04-23T18:00:47.859Z",
    "slug": "Box-ewCfjnQt",
    "comment": "Wrapper for Material Design Component",
    "state": "prealpha",
    "name": "Box",
    "published": true,
    "keywords": []
  }
},
{
  "model": "base.eryfile",
  "pk": 51,
  "fields": {
    "created": "2020-04-23T18:00:47.898Z",
    "modified": "2020-04-23T18:00:47.906Z",
    "slug": "StepContent-VgEvFnqt",
    "comment": "Wrapper for Material Design Component",
    "state": "prealpha",
    "name": "StepContent",
    "published": true,
    "keywords": []
  }
},
{
  "model": "base.eryfile",
  "pk": 52,
  "fields": {
    "created": "2020-04-23T18:00:47.919Z",
    "modified": "2020-04-23T18:00:47.928Z",
    "slug": "Menu-LuVqQbNz",
    "comment": "Wrapper for Material Design Component",
    "state": "prealpha",
    "name": "Menu",
    "published": true,
    "keywords": []
  }
},
{
  "model": "base.eryfile",
  "pk": 54,
  "fields": {
    "created": "2020-04-23T18:00:47.966Z",
    "modified": "2020-04-23T18:00:47.975Z",
    "slug": "Paper-TThdEqct",
    "comment": "Wrapper for Material Design Component",
    "state": "prealpha",
    "name": "Paper",
    "published": true,
    "keywords": []
  }
},
{
  "model": "base.eryfile",
  "pk": 55,
  "fields": {
    "created": "2020-04-23T18:00:47.990Z",
    "modified": "2020-04-23T18:00:47.998Z",
    "slug": "DialogActions-TBvzferC",
    "comment": "Wrapper for Material Design Component",
    "state": "prealpha",
    "name": "DialogActions",
    "published": true,
    "keywords": []
  }
},
{
  "model": "base.eryfile",
  "pk": 56,
  "fields": {
    "created": "2020-04-23T18:00:48.012Z",
    "modified": "2020-04-23T18:00:48.020Z",
    "slug": "GridListTileBar-sIyjRzTB",
    "comment": "Wrapper for Material Design Component",
    "state": "prealpha",
    "name": "GridListTileBar",
    "published": true,
    "keywords": []
  }
},
{
  "model": "base.eryfile",
  "pk": 57,
  "fields": {
    "created": "2020-04-23T18:00:48.034Z",
    "modified": "2020-04-23T18:00:48.043Z",
    "slug": "MuiThemeProvider-OJqtnHjU",
    "comment": "Wrapper for Material Design Component",
    "state": "prealpha",
    "name": "MuiThemeProvider",
    "published": true,
    "keywords": []
  }
},
{
  "model": "base.eryfile",
  "pk": 58,
  "fields": {
    "created": "2020-04-23T18:00:48.056Z",
    "modified": "2020-04-23T18:00:48.064Z",
    "slug": "smsmultiplechoicecaptionvaluewidget-ujIkXxBK",
    "comment": "Displays value: caption pairs for SMS Inputs with multiple choice options",
    "state": "prealpha",
    "name": "SMSMultipleChoiceCaptionValueWidget",
    "published": false,
    "keywords": []
  }
},
{
  "model": "base.eryfile",
  "pk": 59,
  "fields": {
    "created": "2020-04-23T18:00:48.078Z",
    "modified": "2020-04-23T18:00:48.086Z",
    "slug": "TableHead-umcWgRvP",
    "comment": "Wrapper for Material Design Component",
    "state": "prealpha",
    "name": "TableHead",
    "published": true,
    "keywords": []
  }
},
{
  "model": "base.eryfile",
  "pk": 60,
  "fields": {
    "created": "2020-04-23T18:00:48.100Z",
    "modified": "2020-04-23T18:00:48.111Z",
    "slug": "Switch-QCCHPBVZ",
    "comment": "Wrapper for Material Design Component",
    "state": "prealpha",
    "name": "Switch",
    "published": true,
    "keywords": []
  }
},
{
  "model": "base.eryfile",
  "pk": 61,
  "fields": {
    "created": "2020-04-23T18:00:48.126Z",
    "modified": "2020-04-23T18:00:48.135Z",
    "slug": "ListItem-ONLpXGFe",
    "comment": "Wrapper for Material Design Component",
    "state": "prealpha",
    "name": "ListItem",
    "published": true,
    "keywords": []
  }
},
{
  "model": "base.eryfile",
  "pk": 62,
  "fields": {
    "created": "2020-04-23T18:00:48.148Z",
    "modified": "2020-04-23T18:00:48.157Z",
    "slug": "Typography-GoPCrlLg",
    "comment": "Wrapper for Material Design Component",
    "state": "prealpha",
    "name": "Typography",
    "published": true,
    "keywords": []
  }
},
{
  "model": "base.eryfile",
  "pk": 63,
  "fields": {
    "created": "2020-04-23T18:00:48.170Z",
    "modified": "2020-04-23T18:00:48.179Z",
    "slug": "FormControlLabel-yquWKGZO",
    "comment": "Wrapper for Material Design Component",
    "state": "prealpha",
    "name": "FormControlLabel",
    "published": true,
    "keywords": []
  }
},
{
  "model": "base.eryfile",
  "pk": 64,
  "fields": {
    "created": "2020-04-23T18:00:48.192Z",
    "modified": "2020-04-23T18:00:48.201Z",
    "slug": "Select-DPFMSlRt",
    "comment": "Wrapper for Material Design Component",
    "state": "prealpha",
    "name": "Select",
    "published": true,
    "keywords": []
  }
},
{
  "model": "base.eryfile",
  "pk": 65,
  "fields": {
    "created": "2020-04-23T18:00:48.214Z",
    "modified": "2020-04-23T18:00:48.223Z",
    "slug": "Blog-aSbRtAhu",
    "comment": "Wrapper for Material Design Component",
    "state": "prealpha",
    "name": "Blog",
    "published": true,
    "keywords": []
  }
},
{
  "model": "base.eryfile",
  "pk": 66,
  "fields": {
    "created": "2020-04-23T18:00:48.236Z",
    "modified": "2020-04-23T18:00:48.245Z",
    "slug": "QR-cpwpXWXg",
    "comment": null,
    "state": "prealpha",
    "name": "QR",
    "published": false,
    "keywords": []
  }
},
{
  "model": "base.eryfile",
  "pk": 67,
  "fields": {
    "created": "2020-04-23T18:00:48.283Z",
    "modified": "2020-04-23T18:00:48.292Z",
    "slug": "InputBase-sCinGjbZ",
    "comment": "Wrapper for Material Design Component",
    "state": "prealpha",
    "name": "InputBase",
    "published": true,
    "keywords": []
  }
},
{
  "model": "base.eryfile",
  "pk": 68,
  "fields": {
    "created": "2020-04-23T18:00:48.305Z",
    "modified": "2020-04-23T18:00:48.313Z",
    "slug": "ExpansionPanelSummary-tCCISDCU",
    "comment": "Wrapper for Material Design Component",
    "state": "prealpha",
    "name": "ExpansionPanelSummary",
    "published": true,
    "keywords": []
  }
},
{
  "model": "base.eryfile",
  "pk": 69,
  "fields": {
    "created": "2020-04-23T18:00:48.326Z",
    "modified": "2020-04-23T18:00:48.335Z",
    "slug": "TableSortLabel-EkcUaVip",
    "comment": "Wrapper for Material Design Component",
    "state": "prealpha",
    "name": "TableSortLabel",
    "published": true,
    "keywords": []
  }
},
{
  "model": "base.eryfile",
  "pk": 70,
  "fields": {
    "created": "2020-04-23T18:00:48.348Z",
    "modified": "2020-04-23T18:00:48.357Z",
    "slug": "MenuList-LqDlYeTA",
    "comment": "Wrapper for Material Design Component",
    "state": "prealpha",
    "name": "MenuList",
    "published": true,
    "keywords": []
  }
},
{
  "model": "base.eryfile",
  "pk": 71,
  "fields": {
    "created": "2020-04-23T18:00:48.370Z",
    "modified": "2020-04-23T18:00:48.379Z",
    "slug": "ListItemSecondaryAction-XhRCObsx",
    "comment": "Wrapper for Material Design Component",
    "state": "prealpha",
    "name": "ListItemSecondaryAction",
    "published": true,
    "keywords": []
  }
},
{
  "model": "base.eryfile",
  "pk": 73,
  "fields": {
    "created": "2020-04-23T18:00:48.425Z",
    "modified": "2020-04-23T18:00:48.434Z",
    "slug": "BottomNavigationAction-RhyvLsFh",
    "comment": "Wrapper for Material Design Component",
    "state": "prealpha",
    "name": "BottomNavigationAction",
    "published": true,
    "keywords": []
  }
},
{
  "model": "base.eryfile",
  "pk": 74,
  "fields": {
    "created": "2020-04-23T18:00:48.448Z",
    "modified": "2020-04-23T18:00:48.456Z",
    "slug": "CssBaseline-TarJZbne",
    "comment": "Wrapper for Material Design Component",
    "state": "prealpha",
    "name": "CssBaseline",
    "published": true,
    "keywords": []
  }
},
{
  "model": "base.eryfile",
  "pk": 75,
  "fields": {
    "created": "2020-04-23T18:00:48.470Z",
    "modified": "2020-04-23T18:00:48.479Z",
    "slug": "Modal-QXgyxNZL",
    "comment": "Wrapper for Material Design Component",
    "state": "prealpha",
    "name": "Modal",
    "published": true,
    "keywords": []
  }
},
{
  "model": "base.eryfile",
  "pk": 76,
  "fields": {
    "created": "2020-04-23T18:00:48.492Z",
    "modified": "2020-04-23T18:00:48.501Z",
    "slug": "SvgIcon-vBLDaeHn",
    "comment": "Wrapper for Material Design Component",
    "state": "prealpha",
    "name": "SvgIcon",
    "published": true,
    "keywords": []
  }
},
{
  "model": "base.eryfile",
  "pk": 77,
  "fields": {
    "created": "2020-04-23T18:00:48.516Z",
    "modified": "2020-04-23T18:00:48.524Z",
    "slug": "Collapse-fdWcualE",
    "comment": "Wrapper for Material Design Component",
    "state": "prealpha",
    "name": "Collapse",
    "published": true,
    "keywords": []
  }
},
{
  "model": "base.eryfile",
  "pk": 79,
  "fields": {
    "created": "2020-04-23T18:00:48.562Z",
    "modified": "2020-04-23T18:00:48.571Z",
    "slug": "TablePagination-yVLEOTUi",
    "comment": "Wrapper for Material Design Component",
    "state": "prealpha",
    "name": "TablePagination",
    "published": true,
    "keywords": []
  }
},
{
  "model": "base.eryfile",
  "pk": 80,
  "fields": {
    "created": "2020-04-23T18:00:48.584Z",
    "modified": "2020-04-23T18:00:48.593Z",
    "slug": "webemptywidget-uJIkXXbk",
    "comment": "Equivalent to null empty Widget.",
    "state": "prealpha",
    "name": "WebEmptyWidget",
    "published": false,
    "keywords": []
  }
},
{
  "model": "base.eryfile",
  "pk": 81,
  "fields": {
    "created": "2020-04-23T18:00:48.606Z",
    "modified": "2020-04-23T18:00:48.615Z",
    "slug": "StepLabel-CCzVGwGG",
    "comment": "Wrapper for Material Design Component",
    "state": "prealpha",
    "name": "StepLabel",
    "published": true,
    "keywords": []
  }
},
{
  "model": "base.eryfile",
  "pk": 82,
  "fields": {
    "created": "2020-04-23T18:00:48.628Z",
    "modified": "2020-04-23T18:00:48.637Z",
    "slug": "ButtonBase-VMCwQMSP",
    "comment": "Wrapper for Material Design Component",
    "state": "prealpha",
    "name": "ButtonBase",
    "published": true,
    "keywords": []
  }
},
{
  "model": "base.eryfile",
  "pk": 83,
  "fields": {
    "created": "2020-04-23T18:00:48.652Z",
    "modified": "2020-04-23T18:00:48.660Z",
    "slug": "smsmultiplechoicevaluewidget-ujIkXxBK",
    "comment": "Displays values for SMS Inputs with multiple choice options",
    "state": "prealpha",
    "name": "SMSMultipleChoiceValueWidget",
    "published": false,
    "keywords": []
  }
},
{
  "model": "base.eryfile",
  "pk": 84,
  "fields": {
    "created": "2020-04-23T18:00:48.674Z",
    "modified": "2020-04-23T18:00:48.683Z",
    "slug": "IconButton-IHsfeHzn",
    "comment": "Wrapper for Material Design Component",
    "state": "prealpha",
    "name": "IconButton",
    "published": true,
    "keywords": []
  }
},
{
  "model": "base.eryfile",
  "pk": 85,
  "fields": {
    "created": "2020-04-23T18:00:48.696Z",
    "modified": "2020-04-23T18:00:48.705Z",
    "slug": "InputAdornment-JgamHseZ",
    "comment": "Wrapper for Material Design Component",
    "state": "prealpha",
    "name": "InputAdornment",
    "published": true,
    "keywords": []
  }
},
{
  "model": "base.eryfile",
  "pk": 86,
  "fields": {
    "created": "2020-04-23T18:00:48.718Z",
    "modified": "2020-04-23T18:00:48.727Z",
    "slug": "Popover-wuyrZrMA",
    "comment": "Wrapper for Material Design Component",
    "state": "prealpha",
    "name": "Popover",
    "published": true,
    "keywords": []
  }
},
{
  "model": "base.eryfile",
  "pk": 88,
  "fields": {
    "created": "2020-04-23T18:00:48.766Z",
    "modified": "2020-04-23T18:00:48.775Z",
    "slug": "Dialog-AYKChlIC",
    "comment": "Wrapper for Material Design Component",
    "state": "prealpha",
    "name": "Dialog",
    "published": true,
    "keywords": []
  }
},
{
  "model": "base.eryfile",
  "pk": 89,
  "fields": {
    "created": "2020-04-23T18:00:48.790Z",
    "modified": "2020-04-23T18:00:48.799Z",
    "slug": "Hidden-fZhqRuRp",
    "comment": "Wrapper for Material Design Component",
    "state": "prealpha",
    "name": "Hidden",
    "published": true,
    "keywords": []
  }
},
{
  "model": "base.eryfile",
  "pk": 90,
  "fields": {
    "created": "2020-04-23T18:00:48.812Z",
    "modified": "2020-04-23T18:00:48.822Z",
    "slug": "FormControl-iMhNwgzj",
    "comment": "Wrapper for Material Design Component",
    "state": "prealpha",
    "name": "FormControl",
    "published": true,
    "keywords": []
  }
},
{
  "model": "base.eryfile",
  "pk": 91,
  "fields": {
    "created": "2020-04-23T18:00:48.836Z",
    "modified": "2020-04-23T18:00:48.844Z",
    "slug": "Container-RYylgXcT",
    "comment": "Wrapper for Material Design Component",
    "state": "prealpha",
    "name": "Container",
    "published": true,
    "keywords": []
  }
},
{
  "model": "base.eryfile",
  "pk": 92,
  "fields": {
    "created": "2020-04-23T18:00:48.858Z",
    "modified": "2020-04-23T18:00:48.867Z",
    "slug": "SMSSubmitButton-sGuVqQCu",
    "comment": "Allows forward stage progression.",
    "state": "prealpha",
    "name": "SMSSubmitButton",
    "published": false,
    "keywords": []
  }
},
{
  "model": "base.eryfile",
  "pk": 94,
  "fields": {
    "created": "2020-04-23T18:00:48.919Z",
    "modified": "2020-04-23T18:00:48.928Z",
    "slug": "List-bpbLOwGS",
    "comment": "Wrapper for Material Design Component",
    "state": "prealpha",
    "name": "List",
    "published": true,
    "keywords": []
  }
},
{
  "model": "base.eryfile",
  "pk": 95,
  "fields": {
    "created": "2020-04-23T18:00:48.941Z",
    "modified": "2020-04-23T18:00:48.950Z",
    "slug": "ExpansionPanelDetails-CtrxPPgG",
    "comment": "Wrapper for Material Design Component",
    "state": "prealpha",
    "name": "ExpansionPanelDetails",
    "published": true,
    "keywords": []
  }
},
{
  "model": "base.eryfile",
  "pk": 96,
  "fields": {
    "created": "2020-04-23T18:00:48.963Z",
    "modified": "2020-04-23T18:00:48.973Z",
    "slug": "BottomNavigation-lhrqZmtH",
    "comment": "Wrapper for Material Design Component",
    "state": "prealpha",
    "name": "BottomNavigation",
    "published": true,
    "keywords": []
  }
},
{
  "model": "base.eryfile",
  "pk": 97,
  "fields": {
    "created": "2020-04-23T18:00:48.987Z",
    "modified": "2020-04-23T18:00:48.996Z",
    "slug": "StepConnector-KBxtYxDx",
    "comment": "Wrapper for Material Design Component",
    "state": "prealpha",
    "name": "StepConnector",
    "published": true,
    "keywords": []
  }
},
{
  "model": "base.eryfile",
  "pk": 98,
  "fields": {
    "created": "2020-04-23T18:00:49.010Z",
    "modified": "2020-04-23T18:00:49.020Z",
    "slug": "TableRow-FhrhgDLc",
    "comment": "Wrapper for Material Design Component",
    "state": "prealpha",
    "name": "TableRow",
    "published": true,
    "keywords": []
  }
},
{
  "model": "base.eryfile",
  "pk": 99,
  "fields": {
    "created": "2020-04-23T18:00:49.034Z",
    "modified": "2020-04-23T18:00:49.043Z",
    "slug": "Card-ysbrGXGZ",
    "comment": "Wrapper for Material Design Component",
    "state": "prealpha",
    "name": "Card",
    "published": true,
    "keywords": []
  }
},
{
  "model": "base.eryfile",
  "pk": 100,
  "fields": {
    "created": "2020-04-23T18:00:49.058Z",
    "modified": "2020-04-23T18:00:49.067Z",
    "slug": "CardMedia-mEQlVYyr",
    "comment": "Wrapper for Material Design Component",
    "state": "prealpha",
    "name": "CardMedia",
    "published": true,
    "keywords": []
  }
},
{
  "model": "base.eryfile",
  "pk": 102,
  "fields": {
    "created": "2020-04-23T18:00:49.106Z",
    "modified": "2020-04-23T18:00:49.116Z",
    "slug": "MobileStepper-xDxfCSNg",
    "comment": "Wrapper for Material Design Component",
    "state": "prealpha",
    "name": "MobileStepper",
    "published": true,
    "keywords": []
  }
},
{
  "model": "base.eryfile",
  "pk": 103,
  "fields": {
    "created": "2020-04-23T18:00:49.129Z",
    "modified": "2020-04-23T18:00:49.138Z",
    "slug": "Radio-CqNIyweI",
    "comment": "Wrapper for Material Design Component",
    "state": "prealpha",
    "name": "Radio",
    "published": true,
    "keywords": []
  }
},
{
  "model": "base.eryfile",
  "pk": 104,
  "fields": {
    "created": "2020-04-23T18:00:49.152Z",
    "modified": "2020-04-23T18:00:49.161Z",
    "slug": "smsnullwidget-ujIkXxBK",
    "comment": "Default widget for SMS Input which don't require a typed response",
    "state": "prealpha",
    "name": "SMSNullWidget",
    "published": false,
    "keywords": []
  }
},
{
  "model": "base.eryfile",
  "pk": 105,
  "fields": {
    "created": "2020-04-23T18:00:49.176Z",
    "modified": "2020-04-23T18:00:49.185Z",
    "slug": "ListItemIcon-FtjXYGqn",
    "comment": "Wrapper for Material Design Component",
    "state": "prealpha",
    "name": "ListItemIcon",
    "published": true,
    "keywords": []
  }
},
{
  "model": "base.eryfile",
  "pk": 106,
  "fields": {
    "created": "2020-04-23T18:00:49.199Z",
    "modified": "2020-04-23T18:00:49.208Z",
    "slug": "Divider-tOHtiNmr",
    "comment": "Wrapper for Material Design Component",
    "state": "prealpha",
    "name": "Divider",
    "published": true,
    "keywords": []
  }
},
{
  "model": "base.eryfile",
  "pk": 107,
  "fields": {
    "created": "2020-04-23T18:00:49.221Z",
    "modified": "2020-04-23T18:00:49.230Z",
    "slug": "MenuItem-AeUdAzIc",
    "comment": "Wrapper for Material Design Component",
    "state": "prealpha",
    "name": "MenuItem",
    "published": true,
    "keywords": []
  }
},
{
  "model": "base.eryfile",
  "pk": 108,
  "fields": {
    "created": "2020-04-23T18:00:49.244Z",
    "modified": "2020-04-23T18:00:49.253Z",
    "slug": "CircularProgress-VWxzdAHX",
    "comment": "Wrapper for Material Design Component",
    "state": "prealpha",
    "name": "CircularProgress",
    "published": true,
    "keywords": []
  }
},
{
  "model": "base.eryfile",
  "pk": 109,
  "fields": {
    "created": "2020-04-23T18:00:49.267Z",
    "modified": "2020-04-23T18:00:49.276Z",
    "slug": "Button-yTjJiGYY",
    "comment": "Wrapper for Material Design Component",
    "state": "prealpha",
    "name": "Button",
    "published": true,
    "keywords": []
  }
},
{
  "model": "base.eryfile",
  "pk": 110,
  "fields": {
    "created": "2020-04-23T18:00:49.301Z",
    "modified": "2020-04-23T18:00:49.310Z",
    "slug": "ExpansionPanelActions-pygqoTHX",
    "comment": "Wrapper for Material Design Component",
    "state": "prealpha",
    "name": "ExpansionPanelActions",
    "published": true,
    "keywords": []
  }
},
{
  "model": "base.eryfile",
  "pk": 111,
  "fields": {
    "created": "2020-04-23T18:00:49.326Z",
    "modified": "2020-04-23T18:00:49.334Z",
    "slug": "smsemptywidget-ujjIkXxBk",
    "comment": "Equivalent to null empty Widget.",
    "state": "prealpha",
    "name": "SMSEmptyWidget",
    "published": false,
    "keywords": []
  }
},
{
  "model": "base.eryfile",
  "pk": 112,
  "fields": {
    "created": "2020-04-23T18:00:49.347Z",
    "modified": "2020-04-23T18:00:49.356Z",
    "slug": "FormGroup-LHISRLFf",
    "comment": "Wrapper for Material Design Component",
    "state": "prealpha",
    "name": "FormGroup",
    "published": true,
    "keywords": []
  }
},
{
  "model": "base.eryfile",
  "pk": 114,
  "fields": {
    "created": "2020-04-23T18:00:49.419Z",
    "modified": "2020-04-23T18:00:49.428Z",
    "slug": "TouchRipple-bcdRBGZo",
    "comment": "Wrapper for Material Design Component",
    "state": "prealpha",
    "name": "TouchRipple",
    "published": true,
    "keywords": []
  }
},
{
  "model": "base.eryfile",
  "pk": 115,
  "fields": {
    "created": "2020-04-23T18:00:49.441Z",
    "modified": "2020-04-23T18:00:49.450Z",
    "slug": "CardActionArea-AaSctUQG",
    "comment": "Wrapper for Material Design Component",
    "state": "prealpha",
    "name": "CardActionArea",
    "published": true,
    "keywords": []
  }
},
{
  "model": "base.eryfile",
  "pk": 116,
  "fields": {
    "created": "2020-04-23T18:00:49.465Z",
    "modified": "2020-04-23T18:00:49.473Z",
    "slug": "smstextwidget-ujIkXxBK",
    "comment": "Default widget for SMS Input which require str responses",
    "state": "prealpha",
    "name": "SMSTextWidget",
    "published": false,
    "keywords": []
  }
},
{
  "model": "base.eryfile",
  "pk": 117,
  "fields": {
    "created": "2020-04-23T18:00:49.487Z",
    "modified": "2020-04-23T18:00:49.496Z",
    "slug": "Portal-lsGhmhnw",
    "comment": "Wrapper for Material Design Component",
    "state": "prealpha",
    "name": "Portal",
    "published": true,
    "keywords": []
  }
},
{
  "model": "base.eryfile",
  "pk": 118,
  "fields": {
    "created": "2020-04-23T18:00:49.509Z",
    "modified": "2020-04-23T18:00:49.518Z",
    "slug": "DialogTitle-nqyjyQpp",
    "comment": "Wrapper for Material Design Component",
    "state": "prealpha",
    "name": "DialogTitle",
    "published": true,
    "keywords": []
  }
},
{
  "model": "base.eryfile",
  "pk": 119,
  "fields": {
    "created": "2020-04-23T18:00:49.532Z",
    "modified": "2020-04-23T18:00:49.540Z",
    "slug": "OutlinedInput-gvISJQaN",
    "comment": "Wrapper for Material Design Component",
    "state": "prealpha",
    "name": "OutlinedInput",
    "published": true,
    "keywords": []
  }
},
{
  "model": "base.eryfile",
  "pk": 120,
  "fields": {
    "created": "2020-04-23T18:00:49.554Z",
    "modified": "2020-04-23T18:00:49.562Z",
    "slug": "LinearProgress-XHxcjQcA",
    "comment": "Wrapper for Material Design Component",
    "state": "prealpha",
    "name": "LinearProgress",
    "published": true,
    "keywords": []
  }
},
{
  "model": "base.eryfile",
  "pk": 121,
  "fields": {
    "created": "2020-04-23T18:00:49.576Z",
    "modified": "2020-04-23T18:00:49.584Z",
    "slug": "Stepper-BMvPrZgH",
    "comment": "Wrapper for Material Design Component",
    "state": "prealpha",
    "name": "Stepper",
    "published": true,
    "keywords": []
  }
},
{
  "model": "base.eryfile",
  "pk": 122,
  "fields": {
    "created": "2020-04-23T18:00:49.599Z",
    "modified": "2020-04-23T18:00:49.608Z",
    "slug": "FilledInput-aipSvocn",
    "comment": "Wrapper for Material Design Component",
    "state": "prealpha",
    "name": "FilledInput",
    "published": true,
    "keywords": []
  }
},
{
  "model": "base.eryfile",
  "pk": 125,
  "fields": {
    "created": "2020-04-23T18:00:49.679Z",
    "modified": "2020-04-23T18:00:49.688Z",
    "slug": "Toolbar-eXZsLwYm",
    "comment": "Wrapper for Material Design Component",
    "state": "prealpha",
    "name": "Toolbar",
    "published": true,
    "keywords": []
  }
},
{
  "model": "base.eryfile",
  "pk": 126,
  "fields": {
    "created": "2020-04-23T18:00:49.701Z",
    "modified": "2020-04-23T18:00:49.711Z",
    "slug": "RootRef-GsoYhSiH",
    "comment": "Wrapper for Material Design Component",
    "state": "prealpha",
    "name": "RootRef",
    "published": true,
    "keywords": []
  }
},
{
  "model": "base.eryfile",
  "pk": 127,
  "fields": {
    "created": "2020-04-23T18:00:49.725Z",
    "modified": "2020-04-23T18:00:49.734Z",
    "slug": "DialogContentText-eeYZTNmr",
    "comment": "Wrapper for Material Design Component",
    "state": "prealpha",
    "name": "DialogContentText",
    "published": true,
    "keywords": []
  }
},
{
  "model": "base.eryfile",
  "pk": 128,
  "fields": {
    "created": "2020-04-23T18:00:49.748Z",
    "modified": "2020-04-23T18:00:49.757Z",
    "slug": "GridList-lqjMddGe",
    "comment": "Wrapper for Material Design Component",
    "state": "prealpha",
    "name": "GridList",
    "published": true,
    "keywords": []
  }
},
{
  "model": "base.eryfile",
  "pk": 129,
  "fields": {
    "created": "2020-04-23T18:00:49.770Z",
    "modified": "2020-04-23T18:00:49.779Z",
    "slug": "Slider-FzsoiCsy",
    "comment": "Wrapper for Material Design Component",
    "state": "prealpha",
    "name": "Slider",
    "published": false,
    "keywords": []
  }
},
{
  "model": "base.eryfile",
  "pk": 130,
  "fields": {
    "created": "2020-04-23T18:00:49.792Z",
    "modified": "2020-04-23T18:00:49.801Z",
    "slug": "Avatar-oOfuCCHw",
    "comment": "Wrapper for Material Design Component",
    "state": "prealpha",
    "name": "Avatar",
    "published": true,
    "keywords": []
  }
},
{
  "model": "base.eryfile",
  "pk": 131,
  "fields": {
    "created": "2020-04-23T18:00:49.814Z",
    "modified": "2020-04-23T18:00:49.823Z",
    "slug": "Tab-trEJVImg",
    "comment": "Wrapper for Material Design Component",
    "state": "prealpha",
    "name": "Tab",
    "published": true,
    "keywords": []
  }
},
{
  "model": "base.eryfile",
  "pk": 133,
  "fields": {
    "created": "2020-04-23T18:00:49.870Z",
    "modified": "2020-04-23T18:00:49.879Z",
    "slug": "Snackbar-vFWtUgpW",
    "comment": "Wrapper for Material Design Component",
    "state": "prealpha",
    "name": "Snackbar",
    "published": true,
    "keywords": []
  }
},
{
  "model": "base.eryfile",
  "pk": 134,
  "fields": {
    "created": "2020-04-23T18:00:49.893Z",
    "modified": "2020-04-23T18:00:49.903Z",
    "slug": "SnackbarContent-KUZOZcyC",
    "comment": "Wrapper for Material Design Component",
    "state": "prealpha",
    "name": "SnackbarContent",
    "published": true,
    "keywords": []
  }
},
{
  "model": "base.eryfile",
  "pk": 135,
  "fields": {
    "created": "2020-04-23T18:00:49.916Z",
    "modified": "2020-04-23T18:00:49.926Z",
    "slug": "Tabs-RXTirKHd",
    "comment": "Wrapper for Material Design Component",
    "state": "prealpha",
    "name": "Tabs",
    "published": true,
    "keywords": []
  }
},
{
  "model": "base.eryfile",
  "pk": 136,
  "fields": {
    "created": "2020-04-23T18:00:49.940Z",
    "modified": "2020-04-23T18:00:49.949Z",
    "slug": "ListItemAvatar-EfscAxrY",
    "comment": "Wrapper for Material Design Component",
    "state": "prealpha",
    "name": "ListItemAvatar",
    "published": true,
    "keywords": []
  }
},
{
  "model": "base.eryfile",
  "pk": 137,
  "fields": {
    "created": "2020-04-23T18:00:49.963Z",
    "modified": "2020-04-23T18:00:49.972Z",
    "slug": "FormSubmitButton-cvbxEHZZ",
    "comment": "Submit button for forms",
    "state": "prealpha",
    "name": "FormSubmitButton",
    "published": false,
    "keywords": []
  }
},
{
  "model": "base.eryfile",
  "pk": 139,
  "fields": {
    "created": "2020-04-23T18:00:50.035Z",
    "modified": "2020-04-23T18:00:50.044Z",
    "slug": "RadioButtons-NWguxVJa",
    "comment": "Must be wrapped in a ModuleDefinitionWidget with WidgetChoices",
    "state": "prealpha",
    "name": "RadioButtons",
    "published": false,
    "keywords": []
  }
},
{
  "model": "base.eryfile",
  "pk": 140,
  "fields": {
    "created": "2020-04-23T18:00:50.130Z",
    "modified": "2020-04-23T18:00:50.139Z",
    "slug": "Input-brYhZQKc",
    "comment": "Wrapper for Material Design Component",
    "state": "prealpha",
    "name": "Input",
    "published": true,
    "keywords": []
  }
},
{
  "model": "base.eryfile",
  "pk": 141,
  "fields": {
    "created": "2020-04-23T18:00:50.178Z",
    "modified": "2020-04-23T18:00:50.187Z",
    "slug": "Checkbox-imgZoIve",
    "comment": "Wrapper for Material Design Component",
    "state": "prealpha",
    "name": "Checkbox",
    "published": true,
    "keywords": []
  }
},
{
  "model": "base.eryfile",
  "pk": 142,
  "fields": {
    "created": "2020-04-23T18:00:50.201Z",
    "modified": "2020-04-23T18:00:50.210Z",
    "slug": "TableCell-KWCxxBXv",
    "comment": "Wrapper for Material Design Component",
    "state": "prealpha",
    "name": "TableCell",
    "published": true,
    "keywords": []
  }
},
{
  "model": "base.eryfile",
  "pk": 143,
  "fields": {
    "created": "2020-04-23T18:00:50.223Z",
    "modified": "2020-04-23T18:00:50.232Z",
    "slug": "Drawer-ZpSbEPpz",
    "comment": "Wrapper for Material Design Component",
    "state": "prealpha",
    "name": "Drawer",
    "published": true,
    "keywords": []
  }
},
{
  "model": "base.eryfile",
  "pk": 144,
  "fields": {
    "created": "2020-04-23T18:00:50.246Z",
    "modified": "2020-04-23T18:00:50.255Z",
    "slug": "NoSsr-ToVKxfYl",
    "comment": "Wrapper for Material Design Component",
    "state": "prealpha",
    "name": "NoSsr",
    "published": true,
    "keywords": []
  }
},
{
  "model": "base.eryfile",
  "pk": 145,
  "fields": {
    "created": "2020-04-23T18:00:50.268Z",
    "modified": "2020-04-23T18:00:50.277Z",
    "slug": "Slide-dLbFMofB",
    "comment": "Wrapper for Material Design Component",
    "state": "prealpha",
    "name": "Slide",
    "published": true,
    "keywords": []
  }
},
{
  "model": "base.eryfile",
  "pk": 146,
  "fields": {
    "created": "2020-04-23T18:00:50.292Z",
    "modified": "2020-04-23T18:00:50.302Z",
    "slug": "FormLabel-yIXEebyu",
    "comment": "Wrapper for Material Design Component",
    "state": "prealpha",
    "name": "FormLabel",
    "published": true,
    "keywords": []
  }
},
{
  "model": "base.eryfile",
  "pk": 147,
  "fields": {
    "created": "2020-04-23T18:00:50.315Z",
    "modified": "2020-04-23T18:00:50.324Z",
    "slug": "NativeSelect-liQxgFHq",
    "comment": "Wrapper for Material Design Component",
    "state": "prealpha",
    "name": "NativeSelect",
    "published": true,
    "keywords": []
  }
},
{
  "model": "base.eryfile",
  "pk": 148,
  "fields": {
    "created": "2020-04-23T18:00:50.338Z",
    "modified": "2020-04-23T18:00:50.347Z",
    "slug": "Fade-zULlBhtc",
    "comment": "Wrapper for Material Design Component",
    "state": "prealpha",
    "name": "Fade",
    "published": true,
    "keywords": []
  }
},
{
  "model": "base.eryfile",
  "pk": 149,
  "fields": {
    "created": "2020-04-23T18:00:50.360Z",
    "modified": "2020-04-23T18:00:50.369Z",
    "slug": "FormHelperText-KzhuSMjL",
    "comment": "Wrapper for Material Design Component",
    "state": "prealpha",
    "name": "FormHelperText",
    "published": true,
    "keywords": []
  }
},
{
  "model": "base.eryfile",
  "pk": 150,
  "fields": {
    "created": "2020-04-23T18:00:50.383Z",
    "modified": "2020-04-23T18:00:50.392Z",
    "slug": "Popper-EqOYqSAv",
    "comment": "Wrapper for Material Design Component",
    "state": "prealpha",
    "name": "Popper",
    "published": true,
    "keywords": []
  }
},
{
  "model": "base.eryfile",
  "pk": 151,
  "fields": {
    "created": "2020-04-23T18:00:50.401Z",
    "modified": "2020-04-23T18:00:50.406Z",
    "slug": "HeaderContentFooter-IwVBXtpq",
    "comment": null,
    "state": "prealpha",
    "name": "WebHeaderContentFooter",
    "published": false,
    "keywords": []
  }
},
{
  "model": "base.eryfile",
  "pk": 153,
  "fields": {
    "created": "2020-04-23T18:00:50.556Z",
    "modified": "2020-04-23T18:00:50.565Z",
    "slug": "WebTextFieldWidget-droWZrHX",
    "comment": null,
    "state": "prealpha",
    "name": "WebTextFieldWidget",
    "published": false,
    "keywords": []
  }
},
{
  "model": "base.eryfile",
  "pk": 155,
  "fields": {
    "created": "2020-04-23T18:00:50.642Z",
    "modified": "2020-04-23T18:00:50.651Z",
    "slug": "EryQR-CRmPILwn",
    "comment": null,
    "state": "prealpha",
    "name": "EryQR",
    "published": false,
    "keywords": []
  }
},
{
  "model": "base.eryfile",
  "pk": 157,
  "fields": {
    "created": "2020-04-23T18:00:50.738Z",
    "modified": "2020-04-23T18:00:50.748Z",
    "slug": "DialogCloser-qjkPVrwP",
    "comment": null,
    "state": "prealpha",
    "name": "DialogCloser",
    "published": false,
    "keywords": []
  }
},
{
  "model": "base.eryfile",
  "pk": 159,
  "fields": {
    "created": "2020-04-23T18:00:50.817Z",
    "modified": "2020-04-23T18:00:50.826Z",
    "slug": "ErySlider-DWMSEOgi",
    "comment": null,
    "state": "prealpha",
    "name": "ErySlider",
    "published": false,
    "keywords": []
  }
},
{
  "model": "base.eryfile",
  "pk": 160,
  "fields": {
    "created": "2020-04-23T18:00:50.859Z",
    "modified": "2020-04-23T18:00:50.868Z",
    "slug": "LoadingButton-onVUBnJz",
    "comment": "Disables and shows \"Loading\" as child onClick",
    "state": "prealpha",
    "name": "LoadingButton",
    "published": false,
    "keywords": []
  }
},
{
  "model": "base.eryfile",
  "pk": 161,
  "fields": {
    "created": "2020-04-23T18:00:50.922Z",
    "modified": "2020-04-23T18:00:50.931Z",
    "slug": "FormHorizontalRadioButtons-EtwUVqwU",
    "comment": null,
    "state": "prealpha",
    "name": "FormHorizontalRadioButtons",
    "published": false,
    "keywords": []
  }
},
{
  "model": "base.eryfile",
  "pk": 162,
  "fields": {
    "created": "2020-04-23T18:00:51.002Z",
    "modified": "2020-04-23T18:00:51.012Z",
    "slug": "WebIntWidget-HOGphFYC",
    "comment": null,
    "state": "prealpha",
    "name": "WebIntWidget",
    "published": false,
    "keywords": []
  }
},
{
  "model": "base.eryfile",
  "pk": 163,
  "fields": {
    "created": "2020-04-23T18:00:51.091Z",
    "modified": "2020-04-23T18:00:51.101Z",
    "slug": "CustomMenuItem-WdYnIWkm",
    "comment": null,
    "state": "prealpha",
    "name": "CustomMenuItem",
    "published": false,
    "keywords": []
  }
},
{
  "model": "base.eryfile",
  "pk": 164,
  "fields": {
    "created": "2020-04-23T18:00:51.122Z",
    "modified": "2020-04-23T18:00:51.131Z",
    "slug": "FormImageRadioButtons-SFmwQLDb",
    "comment": null,
    "state": "prealpha",
    "name": "FormImageRadioButtons",
    "published": false,
    "keywords": []
  }
},
{
  "model": "base.eryfile",
  "pk": 165,
  "fields": {
    "created": "2020-04-23T18:00:51.199Z",
    "modified": "2020-04-23T18:00:51.209Z",
    "slug": "EryInput-vOcGUNdR",
    "comment": null,
    "state": "prealpha",
    "name": "EryInput",
    "published": false,
    "keywords": []
  }
},
{
  "model": "base.eryfile",
  "pk": 166,
  "fields": {
    "created": "2020-04-23T18:00:51.254Z",
    "modified": "2020-04-23T18:00:51.263Z",
    "slug": "webmultiplechoicewidget-ujIkXxBK",
    "comment": "Displays values for Web Inputs with multiple choice options",
    "state": "prealpha",
    "name": "DefaultWebMultipleChoiceWidget",
    "published": false,
    "keywords": []
  }
},
{
  "model": "base.eryfile",
  "pk": 167,
  "fields": {
    "created": "2020-04-23T18:00:51.292Z",
    "modified": "2020-04-23T18:00:51.301Z",
    "slug": "BaseGeolocation-ZcJdHKQi",
    "comment": null,
    "state": "prealpha",
    "name": "BaseGeolocation",
    "published": false,
    "keywords": []
  }
},
{
  "model": "base.eryfile",
  "pk": 168,
  "fields": {
    "created": "2020-04-23T18:00:51.365Z",
    "modified": "2020-04-23T18:00:51.374Z",
    "slug": "LimitIntWidget-WIzjHqDr",
    "comment": null,
    "state": "prealpha",
    "name": "LimitIntWidget",
    "published": false,
    "keywords": []
  }
},
{
  "model": "base.eryfile",
  "pk": 170,
  "fields": {
    "created": "2020-04-23T18:00:51.469Z",
    "modified": "2020-04-23T18:00:51.478Z",
    "slug": "EryGeolocation-hjaoFMSK",
    "comment": null,
    "state": "prealpha",
    "name": "EryGeolocation",
    "published": false,
    "keywords": []
  }
},
{
  "model": "base.eryfile",
  "pk": 171,
  "fields": {
    "created": "2020-04-23T18:00:51.522Z",
    "modified": "2020-04-23T18:00:51.532Z",
    "slug": "EryDialog-FYasWVKM",
    "comment": null,
    "state": "prealpha",
    "name": "EryDialog",
    "published": false,
    "keywords": []
  }
},
{
  "model": "base.eryfile",
  "pk": 172,
  "fields": {
    "created": "2020-04-23T18:00:51.582Z",
    "modified": "2020-04-23T18:00:51.591Z",
    "slug": "Dropdown-cfuhycxr",
    "comment": "Must be wrapped in a ModuleDefinitionWidget with WidgetChoices",
    "state": "prealpha",
    "name": "Dropdown",
    "published": false,
    "keywords": []
  }
},
{
  "model": "base.eryfile",
  "pk": 173,
  "fields": {
    "created": "2020-04-23T18:00:51.703Z",
    "modified": "2020-04-23T18:00:51.713Z",
    "slug": "SubmitButton-sGuVqQCu",
    "comment": "Allows forward stage progression.",
    "state": "prealpha",
    "name": "SubmitButton",
    "published": false,
    "keywords": []
  }
},
{
  "model": "base.eryfile",
  "pk": 174,
  "fields": {
    "created": "2020-04-23T18:00:51.746Z",
    "modified": "2020-04-23T18:00:51.755Z",
    "slug": "AlphanumericField-bcsrHChi",
    "comment": "Allows input of alphanumerical characters, and nothing else.",
    "state": "prealpha",
    "name": "AlphanumericField",
    "published": false,
    "keywords": []
  }
},
{
  "model": "base.eryfile",
  "pk": 175,
  "fields": {
    "created": "2020-04-23T18:00:51.796Z",
    "modified": "2020-04-23T18:00:51.805Z",
    "slug": "BackButton-adWnIsOD",
    "comment": "Allows backward stage progression.",
    "state": "prealpha",
    "name": "BackButton",
    "published": false,
    "keywords": []
  }
},
{
  "model": "base.eryfile",
  "pk": 176,
  "fields": {
    "created": "2020-04-23T18:00:51.844Z",
    "modified": "2020-04-23T18:00:51.853Z",
    "slug": "FormDropdown-augPCNxQ",
    "comment": null,
    "state": "prealpha",
    "name": "FormDropdown",
    "published": false,
    "keywords": []
  }
},
{
  "model": "base.eryfile",
  "pk": 217,
  "fields": {
    "created": "2020-04-23T18:08:10.968Z",
    "modified": "2020-04-23T18:08:10.975Z",
    "slug": "template0-JcSnAevQ",
    "comment": "ULUysTqULCvxBztpkMvpVkqkfAiBdEOioEXAnASEueTvFaDXLQbCsjYKHxMFzHhEbLMjxlhRhZilLekkMyQaJewyNhEJNTbLzyWn",
    "state": "prealpha",
    "name": "lab_root",
    "published": false,
    "keywords": []
  }
},
{
  "model": "base.eryfile",
  "pk": 218,
  "fields": {
    "created": "2020-04-23T18:08:11.011Z",
    "modified": "2020-04-23T18:08:11.018Z",
    "slug": "template1-ftHaWiUT",
    "comment": "hogTrhLjNwnjCFyjXhExBaWgKVtANZtXvgbSDSMgxnOJKLWTlzLFzxnqcQvybtheBFSHDvSpzcwyquvnbznppSzdLeehXygtvUoh",
    "state": "prealpha",
    "name": "template-1",
    "published": false,
    "keywords": []
  }
},
{
  "model": "base.eryfile",
  "pk": 219,
  "fields": {
    "created": "2020-04-23T18:08:11.075Z",
    "modified": "2020-04-23T18:08:11.078Z",
    "slug": "labtheme-JouvJTpW",
    "comment": null,
    "state": "prealpha",
    "name": "lab_theme",
    "published": false,
    "keywords": []
  }
},
{
  "model": "base.eryfile",
  "pk": 220,
  "fields": {
    "created": "2020-04-23T18:08:11.096Z",
    "modified": "2020-04-23T18:08:11.107Z",
    "slug": "labwidget-QojpubfM",
    "comment": "Widget for testing render through lab",
    "state": "prealpha",
    "name": "LabWidget",
    "published": false,
    "keywords": []
  }
},
{
  "model": "base.eryfile",
  "pk": 221,
  "fields": {
    "created": "2020-04-23T18:08:11.113Z",
    "modified": "2020-04-23T18:08:11.116Z",
    "slug": "stint0-OAHriDYA",
    "comment": "qLPTtufOpNewVFhkmJZCVZgndpcBvSCWGlltvyfTutsJMttkvmSzETVXqJQpARPMfporWnyWSRZUcATpmhPJQtVSTMaDQlWDhqHb",
    "state": "prealpha",
    "name": "stint-0",
    "published": false,
    "keywords": []
  }
},
{
  "model": "base.eryfile",
  "pk": 222,
  "fields": {
    "created": "2020-04-23T18:08:11.147Z",
    "modified": "2020-04-23T18:08:11.260Z",
    "slug": "ModuleDefinition0-DozeRRyn",
    "comment": "FSFsGOEiPGkFnjrLJqARiJrlTQBYtXvnvPXKJVsPllgoUJfqBfuCLimBWlSlYOespsikiJAQIraKHkAJBvywRGgQeCrydNXdbwje",
    "state": "prealpha",
    "name": "ModuleDefinition0",
    "published": false,
    "keywords": []
  }
},
{
  "model": "base.eryfile",
  "pk": 223,
  "fields": {
    "created": "2020-04-23T18:08:11.177Z",
    "modified": "2020-04-23T18:08:11.177Z",
    "slug": "ModuleDefinition0-XoOwmGns",
    "comment": "FSFsGOEiPGkFnjrLJqARiJrlTQBYtXvnvPXKJVsPllgoUJfqBfuCLimBWlSlYOespsikiJAQIraKHkAJBvywRGgQeCrydNXdbwje",
    "state": "prealpha",
    "name": "ModuleDefinition0",
    "published": false,
    "keywords": []
  }
},
{
  "model": "frontends.frontend",
  "pk": 1,
  "fields": {
    "created": "2020-04-23T18:00:46.673Z",
    "modified": "2020-04-23T18:00:46.673Z",
    "slug": "Web-foKmSGxB",
    "name": "Web",
    "comment": "For stints conducted over web browser"
  }
},
{
  "model": "frontends.frontend",
  "pk": 2,
  "fields": {
    "created": "2020-04-23T18:00:46.678Z",
    "modified": "2020-04-23T18:00:46.678Z",
    "slug": "Email-QUondgtA",
    "name": "Email",
    "comment": "For stints conducted over email"
  }
},
{
  "model": "frontends.frontend",
  "pk": 3,
  "fields": {
    "created": "2020-04-23T18:00:46.681Z",
    "modified": "2020-04-23T18:00:46.681Z",
    "slug": "SMS-NOhjZDUD",
    "name": "SMS",
    "comment": "For stints conducted over mobile sms"
  }
},
{
  "model": "frontends.frontend",
  "pk": 17,
  "fields": {
    "created": "2020-04-23T18:08:10.709Z",
    "modified": "2020-04-23T18:08:10.709Z",
    "slug": "frontend1-yKibCPas",
    "name": "frontend-1",
    "comment": "jsmhLbxgEeaAcokOfIYYWEqbpiQQiHGSSmaJQEKRnsJWoWiotkumVOtTVJNhFyKOaXnGAxJHjxaJFoHaiyvZJvkUNeDtsmmXvQvQ"
  }
},
{
  "model": "labs.lab",
  "pk": 14,
  "fields": {
    "created": "2020-04-23T18:08:10.716Z",
    "modified": "2020-04-23T18:08:10.718Z",
    "slug": "lab0-xBRdWItn",
    "name": "lab-0",
    "comment": "EkOjZOskSUUUBDNDwLxLSumkzsJVBAvxFmvKiDRwofYaRZOrWB",
    "current_stint": null,
    "secret": "1000000001"
  }
},
{
  "model": "modules.widgetchoicetranslation",
  "pk": 1,
  "fields": {
    "created": "2020-04-23T18:08:11.322Z",
    "modified": "2020-04-23T18:08:11.322Z",
    "widget_choice": 1,
    "caption": "Caption for widgetchoice with value '1'",
    "language": "en"
  }
},
{
  "model": "modules.widgetchoicetranslation",
  "pk": 2,
  "fields": {
    "created": "2020-04-23T18:08:11.330Z",
    "modified": "2020-04-23T18:08:11.330Z",
    "widget_choice": 2,
    "caption": "Caption for widgetchoice with value '2'",
    "language": "en"
  }
},
{
  "model": "modules.widgetchoicetranslation",
  "pk": 3,
  "fields": {
    "created": "2020-04-23T18:08:11.338Z",
    "modified": "2020-04-23T18:08:11.338Z",
    "widget_choice": 3,
    "caption": "Caption for widgetchoice with value '1'",
    "language": "en"
  }
},
{
  "model": "modules.widgetchoicetranslation",
  "pk": 4,
  "fields": {
    "created": "2020-04-23T18:08:11.345Z",
    "modified": "2020-04-23T18:08:11.345Z",
    "widget_choice": 4,
    "caption": "Caption for widgetchoice with value '2'",
    "language": "en"
  }
},
{
  "model": "modules.widgetchoice",
  "pk": 1,
  "fields": {
    "created": "2020-04-23T18:08:11.269Z",
    "modified": "2020-04-23T18:08:11.269Z",
    "widget": 5,
    "value": "1",
    "order": 0
  }
},
{
  "model": "modules.widgetchoice",
  "pk": 2,
  "fields": {
    "created": "2020-04-23T18:08:11.278Z",
    "modified": "2020-04-23T18:08:11.278Z",
    "widget": 5,
    "value": "2",
    "order": 1
  }
},
{
  "model": "modules.widgetchoice",
  "pk": 3,
  "fields": {
    "created": "2020-04-23T18:08:11.290Z",
    "modified": "2020-04-23T18:08:11.290Z",
    "widget": 6,
    "value": "1",
    "order": 0
  }
},
{
  "model": "modules.widgetchoice",
  "pk": 4,
  "fields": {
    "created": "2020-04-23T18:08:11.298Z",
    "modified": "2020-04-23T18:08:11.298Z",
    "widget": 6,
    "value": "2",
    "order": 1
  }
},
{
  "model": "modules.moduledefinitionwidget",
  "pk": 5,
  "fields": {
    "created": "2020-04-23T18:08:11.211Z",
    "modified": "2020-04-23T18:08:11.265Z",
    "name": "LabInputTwo",
    "comment": "Input for testing render through lab",
    "module_definition": 222,
    "form_field": null,
    "required_widget": false,
    "initial_value": "1",
    "random_mode": "asc",
    "widget": 220,
    "variable_definition": 1
  }
},
{
  "model": "modules.moduledefinitionwidget",
  "pk": 6,
  "fields": {
    "created": "2020-04-23T18:08:11.222Z",
    "modified": "2020-04-23T18:08:11.286Z",
    "name": "LabInputOne",
    "comment": "Input for testing render through lab",
    "module_definition": 222,
    "form_field": null,
    "required_widget": false,
    "initial_value": "1",
    "random_mode": "asc",
    "widget": 220,
    "variable_definition": 1
  }
},
{
  "model": "modules.moduledefinition",
  "pk": 222,
  "fields": {
    "primary_frontend": 3,
    "primary_language": "en",
    "default_template": 217,
    "default_theme": 8,
    "start_era": 3,
    "start_stage": 2,
    "warden_stage": null,
    "mxgraph_xml": null,
    "min_team_size": 2,
    "max_team_size": 5,
    "version": 5,
    "keywords": []
  }
},
{
  "model": "modules.moduledefinition",
  "pk": 223,
  "fields": {
    "primary_frontend": 3,
    "primary_language": "en",
    "default_template": 217,
    "default_theme": 8,
    "start_era": null,
    "start_stage": null,
    "warden_stage": null,
    "mxgraph_xml": null,
    "min_team_size": 2,
    "max_team_size": 5,
    "version": 1,
    "keywords": []
  }
},
{
  "model": "stages.stagetemplateblocktranslation",
  "pk": 1,
  "fields": {
    "created": "2020-04-23T18:08:11.373Z",
    "modified": "2020-04-23T18:08:11.373Z",
    "stage_template_block": 1,
    "language": "en",
    "content": "Translation for StageTemplateBlock",
    "frontend": 3
  }
},
{
  "model": "stages.stagetemplateblocktranslation",
  "pk": 2,
  "fields": {
    "created": "2020-04-23T18:08:11.384Z",
    "modified": "2020-04-23T18:08:11.384Z",
    "stage_template_block": 2,
    "language": "en",
    "content": "Translation for StageTemplateBlock",
    "frontend": 3
  }
},
{
  "model": "stages.stagetemplateblock",
  "pk": 1,
  "fields": {
    "created": "2020-04-23T18:08:11.357Z",
    "modified": "2020-04-23T18:08:11.357Z",
    "name": "Inputs",
    "comment": null,
    "stage_template": 1
  }
},
{
  "model": "stages.stagetemplateblock",
  "pk": 2,
  "fields": {
    "created": "2020-04-23T18:08:11.365Z",
    "modified": "2020-04-23T18:08:11.365Z",
    "name": "LabStageTemplateBlockOne",
    "comment": null,
    "stage_template": 1
  }
},
{
  "model": "stages.stagetemplate",
  "pk": 1,
  "fields": {
    "created": "2020-04-23T18:08:11.308Z",
    "modified": "2020-04-23T18:08:11.350Z",
    "stage_definition": 2,
    "template": 218,
    "theme": null
  }
},
{
  "model": "stages.stagedefinition",
  "pk": 2,
  "fields": {
    "created": "2020-04-23T18:08:11.232Z",
    "modified": "2020-04-23T18:08:11.304Z",
    "name": "Stage0",
    "comment": "GGKccQhOZtKJIdeqYgDSrYUxSEgjzElQfjchGuvLfSRIaLStQwBogQQyhWIPNtonDzyPsEJQLEYFNlGLWqOOPKYMYXcjlKkBNlgh",
    "module_definition": 222,
    "breadcrumb_type": "all",
    "end_stage": false,
    "pre_action": null,
    "redirect_on_submit": true
  }
},
{
  "model": "stint_specifications.stintspecification",
  "pk": 3,
  "fields": {
    "created": "2020-04-23T18:08:11.189Z",
    "modified": "2020-04-23T18:08:11.255Z",
    "name": "stint-specification-0",
    "comment": "ABoTrNXFKhimcVAuvNZGSvCqvMtIxiiPUwSvhmwXmqQzGObvxTXZMSykLZPwsCvQfjZObfklgkMOtbRXEQgFcPzOfwDkmlSOAFwD",
    "stint_definition": 221,
    "where_to_run": "market",
    "vendor": null,
    "team_size": 10,
    "min_team_size": 4,
    "max_team_size": 15,
    "max_num_humans": null,
    "min_earnings": null,
    "max_earnings": null,
    "backup_stint_specification": null,
    "late_arrival": false,
    "opt_in_code": null,
    "immediate_payment_method": null,
    "dataset": null
  }
},
{
  "model": "stints.stintdefinition",
  "pk": 221,
  "fields": {
    "cover_image": null,
    "keywords": []
  }
},
{
  "model": "stints.stintdefinitionmoduledefinition",
  "pk": 4,
  "fields": {
    "created": "2020-04-23T18:08:11.179Z",
    "modified": "2020-04-23T18:08:11.179Z",
    "stint_definition": 221,
    "module_definition": 223,
    "order": 0
  }
},
{
  "model": "syncs.era",
  "pk": 3,
  "fields": {
    "created": "2020-04-23T18:08:11.203Z",
    "modified": "2020-04-23T18:08:11.262Z",
    "slug": "ModuleDefinition0start-bdifjSAD",
    "name": "ModuleDefinition0-start",
    "comment": "Initial era for ModuleDefinition0",
    "module_definition": 222,
    "action": null,
    "is_team": false
  }
},
{
  "model": "templates.templatewidget",
  "pk": 1,
  "fields": {
    "created": "2020-04-23T18:00:50.412Z",
    "modified": "2020-04-23T18:00:50.412Z",
    "name": "Container",
    "comment": null,
    "template": 151,
    "widget": 91
  }
},
{
  "model": "templates.templatewidget",
  "pk": 2,
  "fields": {
    "created": "2020-04-23T18:00:50.419Z",
    "modified": "2020-04-23T18:00:50.419Z",
    "name": "Box",
    "comment": null,
    "template": 151,
    "widget": 49
  }
},
{
  "model": "templates.templatewidget",
  "pk": 3,
  "fields": {
    "created": "2020-04-23T18:00:50.428Z",
    "modified": "2020-04-23T18:00:50.428Z",
    "name": "Typography",
    "comment": null,
    "template": 151,
    "widget": 62
  }
},
{
  "model": "templates.templatewidget",
  "pk": 4,
  "fields": {
    "created": "2020-04-23T18:00:50.436Z",
    "modified": "2020-04-23T18:00:50.436Z",
    "name": "Paper",
    "comment": null,
    "template": 151,
    "widget": 54
  }
},
{
  "model": "templates.templatewidget",
  "pk": 5,
  "fields": {
    "created": "2020-04-23T18:00:50.443Z",
    "modified": "2020-04-23T18:00:50.443Z",
    "name": "Grid",
    "comment": null,
    "template": 151,
    "widget": 35
  }
},
{
  "model": "templates.templatewidget",
  "pk": 6,
  "fields": {
    "created": "2020-04-23T18:00:50.451Z",
    "modified": "2020-04-23T18:00:50.451Z",
    "name": "Button",
    "comment": null,
    "template": 151,
    "widget": 109
  }
},
{
  "model": "templates.templatewidget",
  "pk": 7,
  "fields": {
    "created": "2020-04-23T18:00:50.458Z",
    "modified": "2020-04-23T18:00:50.458Z",
    "name": "CssBaseline",
    "comment": null,
    "template": 151,
    "widget": 74
  }
},
{
  "model": "templates.templatewidget",
  "pk": 8,
  "fields": {
    "created": "2020-04-23T18:00:50.466Z",
    "modified": "2020-04-23T18:00:50.466Z",
    "name": "Toolbar",
    "comment": null,
    "template": 151,
    "widget": 125
  }
},
{
  "model": "templates.templatewidget",
  "pk": 9,
  "fields": {
    "created": "2020-04-23T18:00:50.474Z",
    "modified": "2020-04-23T18:00:50.474Z",
    "name": "AppBar",
    "comment": null,
    "template": 151,
    "widget": 37
  }
},
{
  "model": "templates.templateblocktranslation",
  "pk": 1,
  "fields": {
    "created": "2020-04-23T18:00:46.731Z",
    "modified": "2020-04-23T18:00:46.731Z",
    "template_block": 1,
    "language": "en",
    "content": "<Content/>",
    "frontend": 3
  }
},
{
  "model": "templates.templateblocktranslation",
  "pk": 2,
  "fields": {
    "created": "2020-04-23T18:00:46.759Z",
    "modified": "2020-04-23T18:00:46.759Z",
    "template_block": 2,
    "language": "en",
    "content": "<Content/>",
    "frontend": 3
  }
},
{
  "model": "templates.templateblocktranslation",
  "pk": 3,
  "fields": {
    "created": "2020-04-23T18:00:46.786Z",
    "modified": "2020-04-23T18:00:46.786Z",
    "template_block": 3,
    "language": "en",
    "content": "<Content/>",
    "frontend": 2
  }
},
{
  "model": "templates.templateblocktranslation",
  "pk": 4,
  "fields": {
    "created": "2020-04-23T18:00:46.832Z",
    "modified": "2020-04-23T18:00:46.832Z",
    "template_block": 4,
    "language": "en",
    "content": "<Content/>",
    "frontend": 3
  }
},
{
  "model": "templates.templateblocktranslation",
  "pk": 5,
  "fields": {
    "created": "2020-04-23T18:00:46.858Z",
    "modified": "2020-04-23T18:00:46.858Z",
    "template_block": 5,
    "language": "en",
    "content": "<Content/><Widget.NextButton/>",
    "frontend": 1
  }
},
{
  "model": "templates.templateblocktranslation",
  "pk": 6,
  "fields": {
    "created": "2020-04-23T18:00:46.886Z",
    "modified": "2020-04-23T18:00:46.886Z",
    "template_block": 6,
    "language": "en",
    "content": "<Content/>",
    "frontend": 3
  }
},
{
  "model": "templates.templateblocktranslation",
  "pk": 7,
  "fields": {
    "created": "2020-04-23T18:00:50.489Z",
    "modified": "2020-04-23T18:00:50.489Z",
    "template_block": 7,
    "language": "ru",
    "content": "<style dangerouslySetInnerHTML={{__html: `\n      h1 { font-size: 2em; }\n      p { color: red; font-size: 1.5em; }\n      #body { width: 90%; height: 100%; margin: auto; background: white; padding-left: 125px; padding-top: 10px; padding-right: 125px; box-sizing: border-box;}\n      #canvas { background: silver; width: 100%; height: 100%; box-sizing: border-box;}\n    `}} />\n<div id=\"canvas\">\n<div id=\"body\">\n<Header/>\n<Content/>\n<Footer/>\n</div>\n</div>",
    "frontend": 3
  }
},
{
  "model": "templates.templateblocktranslation",
  "pk": 8,
  "fields": {
    "created": "2020-04-23T18:00:50.497Z",
    "modified": "2020-04-23T18:00:50.497Z",
    "template_block": 7,
    "language": "ab",
    "content": "<CssBaseline /> \n<AppBar position=\"absolute\" color=\"default\">\n\t<Toolbar>\n\t\t<Typography variant=\"h6\" color=\"inherit\" noWrap>\n\t\t\tThe PennSoNG LENNS project\n\t\t</Typography>\n\t</Toolbar>\n</AppBar>\n<Container maxWidth=\"md\">\n\t<Box mt={10} maxHeight={758} >\n\t\t<Paper >\n\t\t\t<Box p={5} minHeight={600} >\n\t\t\t\t<Header/>\n\t\t\t\t<Box pt={3} >\n\t\t\t\t\t<Content/>\n\t\t\t\t</Box >\n\t\t\t</Box >\n\t\t</Paper>\n\t</Box>\n\t<Box p={5} >\n\t\t<Footer />\n\t</Box >\n\t<Grid container justify=\"center\">\n\t\t<img alt=\"PennSoNG\" src=\"https://cpb-us-w2.wpmucdn.com/web.sas.upenn.edu/dist/3/28/files/2017/12/PENNSoNG-logo-horiz-13icmng-632x134.png\" height={50} width=\"auto\" />\n\t</Grid >\n</Container>",
    "frontend": 3
  }
},
{
  "model": "templates.templateblocktranslation",
  "pk": 9,
  "fields": {
    "created": "2020-04-23T18:00:50.506Z",
    "modified": "2020-04-23T18:00:50.506Z",
    "template_block": 7,
    "language": "en",
    "content": "<CssBaseline /> \n<AppBar position=\"absolute\" color=\"default\">\n\t<Toolbar>\n\t\t<Typography variant=\"h6\" color=\"inherit\" noWrap>\n\t\t\tThe PennSoNG LENNS project\n\t\t</Typography>\n\t</Toolbar>\n</AppBar>\n<Container maxWidth=\"lg\">\n\t<Box mt={10} >\n\t\t<Paper >\n\t\t\t<Box p={5} minHeight={600} >\n\t\t\t\t<Typography variant='h2' align='center'><Header/></Typography><br/><Typography variant='h5' align='center'><Subheader/></Typography>\n\t\t\t\t<Box pt={3} >\n\t\t\t\t\t<Content/>\n\t\t\t\t</Box >\n\t\t\t</Box >\n\t\t</Paper>\n\t</Box>\n\t<Box p={5} >\n\t\t<Footer />\n\t</Box >\n\t<Grid container justify=\"center\">\n\t\t<img alt=\"PennSoNG\" src=\"https://cpb-us-w2.wpmucdn.com/web.sas.upenn.edu/dist/3/28/files/2017/12/PENNSoNG-logo-horiz-13icmng-632x134.png\" height={50} width=\"auto\" />\n\t</Grid >\n</Container>",
    "frontend": 1
  }
},
{
  "model": "templates.templateblocktranslation",
  "pk": 26,
  "fields": {
    "created": "2020-04-23T18:08:11.002Z",
    "modified": "2020-04-23T18:08:11.002Z",
    "template_block": 24,
    "language": "en",
    "content": "<Title/><Content/><Footer/><Inputs/>",
    "frontend": 3
  }
},
{
  "model": "templates.templateblocktranslation",
  "pk": 27,
  "fields": {
    "created": "2020-04-23T18:08:11.045Z",
    "modified": "2020-04-23T18:08:11.045Z",
    "template_block": 25,
    "language": "en",
    "content": "Body: <ul><li>Fun</li><li>Drums</li><li>Plums</li></ul>",
    "frontend": 3
  }
},
{
  "model": "templates.templateblocktranslation",
  "pk": 28,
  "fields": {
    "created": "2020-04-23T18:08:11.054Z",
    "modified": "2020-04-23T18:08:11.054Z",
    "template_block": 26,
    "language": "en",
    "content": "<div>Content: We've got</div>",
    "frontend": 3
  }
},
{
  "model": "templates.templateblocktranslation",
  "pk": 29,
  "fields": {
    "created": "2020-04-23T18:08:11.062Z",
    "modified": "2020-04-23T18:08:11.062Z",
    "template_block": 27,
    "language": "en",
    "content": "<div>Title: Welcome to the Experiment</div>",
    "frontend": 3
  }
},
{
  "model": "templates.templateblock",
  "pk": 1,
  "fields": {
    "created": "2020-04-23T18:00:46.709Z",
    "modified": "2020-04-23T18:00:46.709Z",
    "template": 1,
    "name": "Root"
  }
},
{
  "model": "templates.templateblock",
  "pk": 2,
  "fields": {
    "created": "2020-04-23T18:00:46.751Z",
    "modified": "2020-04-23T18:00:46.751Z",
    "template": 2,
    "name": "Root"
  }
},
{
  "model": "templates.templateblock",
  "pk": 3,
  "fields": {
    "created": "2020-04-23T18:00:46.778Z",
    "modified": "2020-04-23T18:00:46.778Z",
    "template": 3,
    "name": "Root"
  }
},
{
  "model": "templates.templateblock",
  "pk": 4,
  "fields": {
    "created": "2020-04-23T18:00:46.824Z",
    "modified": "2020-04-23T18:00:46.824Z",
    "template": 5,
    "name": "Root"
  }
},
{
  "model": "templates.templateblock",
  "pk": 5,
  "fields": {
    "created": "2020-04-23T18:00:46.850Z",
    "modified": "2020-04-23T18:00:46.850Z",
    "template": 6,
    "name": "Root"
  }
},
{
  "model": "templates.templateblock",
  "pk": 6,
  "fields": {
    "created": "2020-04-23T18:00:46.878Z",
    "modified": "2020-04-23T18:00:46.878Z",
    "template": 7,
    "name": "Root"
  }
},
{
  "model": "templates.templateblock",
  "pk": 7,
  "fields": {
    "created": "2020-04-23T18:00:50.481Z",
    "modified": "2020-04-23T18:00:50.481Z",
    "template": 151,
    "name": "Root"
  }
},
{
  "model": "templates.templateblock",
  "pk": 24,
  "fields": {
    "created": "2020-04-23T18:08:10.980Z",
    "modified": "2020-04-23T18:08:10.980Z",
    "template": 217,
    "name": "Root"
  }
},
{
  "model": "templates.templateblock",
  "pk": 25,
  "fields": {
    "created": "2020-04-23T18:08:11.022Z",
    "modified": "2020-04-23T18:08:11.022Z",
    "template": 218,
    "name": "Footer"
  }
},
{
  "model": "templates.templateblock",
  "pk": 26,
  "fields": {
    "created": "2020-04-23T18:08:11.029Z",
    "modified": "2020-04-23T18:08:11.029Z",
    "template": 218,
    "name": "Content"
  }
},
{
  "model": "templates.templateblock",
  "pk": 27,
  "fields": {
    "created": "2020-04-23T18:08:11.037Z",
    "modified": "2020-04-23T18:08:11.037Z",
    "template": 218,
    "name": "Title"
  }
},
{
  "model": "templates.template",
  "pk": 1,
  "fields": {
    "parental_template": null,
    "frontend": 1,
    "primary_language": "en",
    "keywords": []
  }
},
{
  "model": "templates.template",
  "pk": 2,
  "fields": {
    "parental_template": null,
    "frontend": 2,
    "primary_language": "en",
    "keywords": []
  }
},
{
  "model": "templates.template",
  "pk": 3,
  "fields": {
    "parental_template": null,
    "frontend": 3,
    "primary_language": "en",
    "keywords": []
  }
},
{
  "model": "templates.template",
  "pk": 5,
  "fields": {
    "parental_template": null,
    "frontend": 3,
    "primary_language": "en",
    "keywords": []
  }
},
{
  "model": "templates.template",
  "pk": 6,
  "fields": {
    "parental_template": null,
    "frontend": 1,
    "primary_language": "en",
    "keywords": []
  }
},
{
  "model": "templates.template",
  "pk": 7,
  "fields": {
    "parental_template": null,
    "frontend": 2,
    "primary_language": "en",
    "keywords": []
  }
},
{
  "model": "templates.template",
  "pk": 151,
  "fields": {
    "parental_template": null,
    "frontend": 1,
    "primary_language": "en",
    "keywords": []
  }
},
{
  "model": "templates.template",
  "pk": 217,
  "fields": {
    "parental_template": null,
    "frontend": 17,
    "primary_language": "en",
    "keywords": []
  }
},
{
  "model": "templates.template",
  "pk": 218,
  "fields": {
    "parental_template": 217,
    "frontend": 17,
    "primary_language": "en",
    "keywords": []
  }
},
{
  "model": "themes.theme",
  "pk": 8,
  "fields": {
    "logo": null,
    "legal_text": null,
    "keywords": []
  }
},
{
  "model": "themes.theme",
  "pk": 219,
  "fields": {
    "logo": null,
    "legal_text": null,
    "keywords": []
  }
},
{
  "model": "variables.variabledefinition",
  "pk": 1,
  "fields": {
    "created": "2020-04-23T18:08:11.241Z",
    "modified": "2020-04-23T18:08:11.318Z",
    "slug": "labvardef1-ThsGOzQl",
    "name": "lab_vardef_1",
    "comment": "VarDef for testing render through lab",
    "module_definition": 222,
    "scope": "('hand, Hand-wide')",
    "data_type": "str",
    "validator": null,
    "default_value": "5",
    "specifiable": false,
    "is_payoff": false,
    "is_output_data": false,
    "monitored": false
  }
},
{
  "model": "widgets.widgetstate",
  "pk": 1,
  "fields": {
    "created": "2020-04-23T18:00:48.264Z",
    "modified": "2020-04-23T18:00:48.264Z",
    "name": "result",
    "comment": null,
    "widget": 66,
    "default_value": null,
    "from_prop": false
  }
},
{
  "model": "widgets.widgetstate",
  "pk": 2,
  "fields": {
    "created": "2020-04-23T18:00:50.116Z",
    "modified": "2020-04-23T18:00:50.116Z",
    "name": "value",
    "comment": null,
    "widget": 139,
    "default_value": null,
    "from_prop": false
  }
},
{
  "model": "widgets.widgetstate",
  "pk": 3,
  "fields": {
    "created": "2020-04-23T18:00:50.901Z",
    "modified": "2020-04-23T18:00:50.901Z",
    "name": "autoDisable",
    "comment": null,
    "widget": 160,
    "default_value": "False",
    "from_prop": false
  }
},
{
  "model": "widgets.widgetstate",
  "pk": 4,
  "fields": {
    "created": "2020-04-23T18:00:51.420Z",
    "modified": "2020-04-23T18:00:51.420Z",
    "name": "value",
    "comment": null,
    "widget": 168,
    "default_value": null,
    "from_prop": false
  }
},
{
  "model": "widgets.widgetstate",
  "pk": 5,
  "fields": {
    "created": "2020-04-23T18:00:51.502Z",
    "modified": "2020-04-23T18:00:51.502Z",
    "name": "useLocation",
    "comment": null,
    "widget": 170,
    "default_value": null,
    "from_prop": false
  }
},
{
  "model": "widgets.widgetstate",
  "pk": 6,
  "fields": {
    "created": "2020-04-23T18:00:51.566Z",
    "modified": "2020-04-23T18:00:51.566Z",
    "name": "close",
    "comment": null,
    "widget": 171,
    "default_value": null,
    "from_prop": false
  }
},
{
  "model": "widgets.widgetstate",
  "pk": 7,
  "fields": {
    "created": "2020-04-23T18:00:51.683Z",
    "modified": "2020-04-23T18:00:51.683Z",
    "name": "stateValue",
    "comment": null,
    "widget": 172,
    "default_value": null,
    "from_prop": false
  }
},
{
  "model": "widgets.widgetevent",
  "pk": 1,
  "fields": {
    "created": "2020-04-23T18:00:47.321Z",
    "modified": "2020-04-23T18:00:47.321Z",
    "name": "",
    "event_type": "onChange",
    "widget": 26
  }
},
{
  "model": "widgets.widgetevent",
  "pk": 2,
  "fields": {
    "created": "2020-04-23T18:00:47.328Z",
    "modified": "2020-04-23T18:00:47.328Z",
    "name": "",
    "event_type": "onFocus",
    "widget": 26
  }
},
{
  "model": "widgets.widgetevent",
  "pk": 3,
  "fields": {
    "created": "2020-04-23T18:00:47.335Z",
    "modified": "2020-04-23T18:00:47.335Z",
    "name": "",
    "event_type": "onBlur",
    "widget": 26
  }
},
{
  "model": "widgets.widgetevent",
  "pk": 4,
  "fields": {
    "created": "2020-04-23T18:00:48.258Z",
    "modified": "2020-04-23T18:00:48.258Z",
    "name": "",
    "event_type": "onScan",
    "widget": 66
  }
},
{
  "model": "widgets.widgetevent",
  "pk": 5,
  "fields": {
    "created": "2020-04-23T18:00:48.871Z",
    "modified": "2020-04-23T18:00:48.871Z",
    "name": "",
    "event_type": "onReply",
    "widget": 92
  }
},
{
  "model": "widgets.widgetevent",
  "pk": 6,
  "fields": {
    "created": "2020-04-23T18:00:49.280Z",
    "modified": "2020-04-23T18:00:49.280Z",
    "name": "",
    "event_type": "onClick",
    "widget": 109
  }
},
{
  "model": "widgets.widgetevent",
  "pk": 7,
  "fields": {
    "created": "2020-04-23T18:00:50.075Z",
    "modified": "2020-04-23T18:00:50.075Z",
    "name": "",
    "event_type": "onChange",
    "widget": 139
  }
},
{
  "model": "widgets.widgetevent",
  "pk": 8,
  "fields": {
    "created": "2020-04-23T18:00:50.144Z",
    "modified": "2020-04-23T18:00:50.144Z",
    "name": "",
    "event_type": "onClick",
    "widget": 140
  }
},
{
  "model": "widgets.widgetevent",
  "pk": 9,
  "fields": {
    "created": "2020-04-23T18:00:50.150Z",
    "modified": "2020-04-23T18:00:50.150Z",
    "name": "",
    "event_type": "onChange",
    "widget": 140
  }
},
{
  "model": "widgets.widgetevent",
  "pk": 10,
  "fields": {
    "created": "2020-04-23T18:00:50.156Z",
    "modified": "2020-04-23T18:00:50.156Z",
    "name": "",
    "event_type": "onBlur",
    "widget": 140
  }
},
{
  "model": "widgets.widgetevent",
  "pk": 11,
  "fields": {
    "created": "2020-04-23T18:00:50.583Z",
    "modified": "2020-04-23T18:00:50.583Z",
    "name": "",
    "event_type": "onBlur",
    "widget": 153
  }
},
{
  "model": "widgets.widgetevent",
  "pk": 12,
  "fields": {
    "created": "2020-04-23T18:00:50.590Z",
    "modified": "2020-04-23T18:00:50.590Z",
    "name": "",
    "event_type": "onChange",
    "widget": 153
  }
},
{
  "model": "widgets.widgetevent",
  "pk": 13,
  "fields": {
    "created": "2020-04-23T18:00:50.682Z",
    "modified": "2020-04-23T18:00:50.682Z",
    "name": "",
    "event_type": "onScan",
    "widget": 155
  }
},
{
  "model": "widgets.widgetevent",
  "pk": 14,
  "fields": {
    "created": "2020-04-23T18:00:50.759Z",
    "modified": "2020-04-23T18:00:50.759Z",
    "name": "",
    "event_type": "onClick",
    "widget": 157
  }
},
{
  "model": "widgets.widgetevent",
  "pk": 15,
  "fields": {
    "created": "2020-04-23T18:00:50.838Z",
    "modified": "2020-04-23T18:00:50.838Z",
    "name": "",
    "event_type": "onChange",
    "widget": 159
  }
},
{
  "model": "widgets.widgetevent",
  "pk": 16,
  "fields": {
    "created": "2020-04-23T18:00:50.879Z",
    "modified": "2020-04-23T18:00:50.879Z",
    "name": "",
    "event_type": "onClick",
    "widget": 160
  }
},
{
  "model": "widgets.widgetevent",
  "pk": 17,
  "fields": {
    "created": "2020-04-23T18:00:50.949Z",
    "modified": "2020-04-23T18:00:50.949Z",
    "name": "",
    "event_type": "onChange",
    "widget": 161
  }
},
{
  "model": "widgets.widgetevent",
  "pk": 18,
  "fields": {
    "created": "2020-04-23T18:00:51.036Z",
    "modified": "2020-04-23T18:00:51.036Z",
    "name": "",
    "event_type": "onKeyDown",
    "widget": 162
  }
},
{
  "model": "widgets.widgetevent",
  "pk": 19,
  "fields": {
    "created": "2020-04-23T18:00:51.042Z",
    "modified": "2020-04-23T18:00:51.042Z",
    "name": "",
    "event_type": "onBlur",
    "widget": 162
  }
},
{
  "model": "widgets.widgetevent",
  "pk": 20,
  "fields": {
    "created": "2020-04-23T18:00:51.049Z",
    "modified": "2020-04-23T18:00:51.049Z",
    "name": "",
    "event_type": "onChange",
    "widget": 162
  }
},
{
  "model": "widgets.widgetevent",
  "pk": 21,
  "fields": {
    "created": "2020-04-23T18:00:51.055Z",
    "modified": "2020-04-23T18:00:51.055Z",
    "name": "",
    "event_type": "onFocus",
    "widget": 162
  }
},
{
  "model": "widgets.widgetevent",
  "pk": 22,
  "fields": {
    "created": "2020-04-23T18:00:51.220Z",
    "modified": "2020-04-23T18:00:51.220Z",
    "name": "",
    "event_type": "onChange",
    "widget": 165
  }
},
{
  "model": "widgets.widgetevent",
  "pk": 23,
  "fields": {
    "created": "2020-04-23T18:00:51.227Z",
    "modified": "2020-04-23T18:00:51.227Z",
    "name": "",
    "event_type": "onBlur",
    "widget": 165
  }
},
{
  "model": "widgets.widgetevent",
  "pk": 24,
  "fields": {
    "created": "2020-04-23T18:00:51.233Z",
    "modified": "2020-04-23T18:00:51.233Z",
    "name": "",
    "event_type": "onKeyDown",
    "widget": 165
  }
},
{
  "model": "widgets.widgetevent",
  "pk": 25,
  "fields": {
    "created": "2020-04-23T18:00:51.385Z",
    "modified": "2020-04-23T18:00:51.385Z",
    "name": "",
    "event_type": "onFocus",
    "widget": 168
  }
},
{
  "model": "widgets.widgetevent",
  "pk": 26,
  "fields": {
    "created": "2020-04-23T18:00:51.392Z",
    "modified": "2020-04-23T18:00:51.392Z",
    "name": "",
    "event_type": "onBlur",
    "widget": 168
  }
},
{
  "model": "widgets.widgetevent",
  "pk": 27,
  "fields": {
    "created": "2020-04-23T18:00:51.398Z",
    "modified": "2020-04-23T18:00:51.398Z",
    "name": "",
    "event_type": "onChange",
    "widget": 168
  }
},
{
  "model": "widgets.widgetevent",
  "pk": 28,
  "fields": {
    "created": "2020-04-23T18:00:51.496Z",
    "modified": "2020-04-23T18:00:51.496Z",
    "name": "button",
    "event_type": "onClick",
    "widget": 170
  }
},
{
  "model": "widgets.widgetevent",
  "pk": 29,
  "fields": {
    "created": "2020-04-23T18:00:51.629Z",
    "modified": "2020-04-23T18:00:51.629Z",
    "name": "",
    "event_type": "onClick",
    "widget": 172
  }
},
{
  "model": "widgets.widgetevent",
  "pk": 30,
  "fields": {
    "created": "2020-04-23T18:00:51.635Z",
    "modified": "2020-04-23T18:00:51.635Z",
    "name": "",
    "event_type": "onChange",
    "widget": 172
  }
},
{
  "model": "widgets.widgetevent",
  "pk": 31,
  "fields": {
    "created": "2020-04-23T18:00:51.725Z",
    "modified": "2020-04-23T18:00:51.725Z",
    "name": "",
    "event_type": "onClick",
    "widget": 173
  }
},
{
  "model": "widgets.widgetevent",
  "pk": 32,
  "fields": {
    "created": "2020-04-23T18:00:51.767Z",
    "modified": "2020-04-23T18:00:51.767Z",
    "name": "",
    "event_type": "onFocus",
    "widget": 174
  }
},
{
  "model": "widgets.widgetevent",
  "pk": 33,
  "fields": {
    "created": "2020-04-23T18:00:51.773Z",
    "modified": "2020-04-23T18:00:51.773Z",
    "name": "",
    "event_type": "onChange",
    "widget": 174
  }
},
{
  "model": "widgets.widgetevent",
  "pk": 34,
  "fields": {
    "created": "2020-04-23T18:00:51.816Z",
    "modified": "2020-04-23T18:00:51.816Z",
    "name": "",
    "event_type": "onClick",
    "widget": 175
  }
},
{
  "model": "widgets.widgetevent",
  "pk": 35,
  "fields": {
    "created": "2020-04-23T18:00:51.871Z",
    "modified": "2020-04-23T18:00:51.871Z",
    "name": "",
    "event_type": "onChange",
    "widget": 176
  }
},
{
  "model": "widgets.widgeteventstep",
  "pk": 1,
  "fields": {
    "created": "2020-04-23T18:00:48.269Z",
    "modified": "2020-04-23T18:00:48.269Z",
    "widget_event": 4,
    "code": "if (data) {\n  setResult({\n    result: data\n  })\n}",
    "event_action_type": "run_code",
    "order": 0
  }
},
{
  "model": "widgets.widgeteventstep",
  "pk": 2,
  "fields": {
    "created": "2020-04-23T18:00:48.877Z",
    "modified": "2020-04-23T18:00:48.877Z",
    "widget_event": 5,
    "code": null,
    "event_action_type": "submit",
    "order": 0
  }
},
{
  "model": "widgets.widgeteventstep",
  "pk": 3,
  "fields": {
    "created": "2020-04-23T18:00:50.776Z",
    "modified": "2020-04-23T18:00:50.776Z",
    "widget_event": 14,
    "code": "closeDialog(true)",
    "event_action_type": "run_code",
    "order": 0
  }
},
{
  "model": "widgets.widgeteventstep",
  "pk": 4,
  "fields": {
    "created": "2020-04-23T18:00:50.844Z",
    "modified": "2020-04-23T18:00:50.844Z",
    "widget_event": 15,
    "code": "parent.setState({value: args[0]})",
    "event_action_type": "run_code",
    "order": 0
  }
},
{
  "model": "widgets.widgeteventstep",
  "pk": 5,
  "fields": {
    "created": "2020-04-23T18:00:50.906Z",
    "modified": "2020-04-23T18:00:50.906Z",
    "widget_event": 16,
    "code": "setAutoDisable(true);",
    "event_action_type": "run_code",
    "order": 0
  }
},
{
  "model": "widgets.widgeteventstep",
  "pk": 6,
  "fields": {
    "created": "2020-04-23T18:00:51.076Z",
    "modified": "2020-04-23T18:00:51.076Z",
    "widget_event": 18,
    "code": "const key_val = event.which;\n    if ((key_val < 48 || key_val > 57) && (!([8, 9, 13, 37, 38, 39, 40, 46].includes(key_val)))){\n      event.preventDefault();\n    }",
    "event_action_type": "run_code",
    "order": 0
  }
},
{
  "model": "widgets.widgeteventstep",
  "pk": 7,
  "fields": {
    "created": "2020-04-23T18:00:51.507Z",
    "modified": "2020-04-23T18:00:51.507Z",
    "widget_event": 28,
    "code": "if (useLocation){\n  setUseLocation(false);\n}\nelse {\n  setUseLocation(true);\n}",
    "event_action_type": "run_code",
    "order": 0
  }
},
{
  "model": "widgets.widgeteventstep",
  "pk": 8,
  "fields": {
    "created": "2020-04-23T18:00:51.688Z",
    "modified": "2020-04-23T18:00:51.688Z",
    "widget_event": 29,
    "code": "if (event.target.value != null){\n  setStateValue(event.target.value);}",
    "event_action_type": "run_code",
    "order": 0
  }
},
{
  "model": "widgets.widgeteventstep",
  "pk": 9,
  "fields": {
    "created": "2020-04-23T18:00:51.731Z",
    "modified": "2020-04-23T18:00:51.731Z",
    "widget_event": 31,
    "code": null,
    "event_action_type": "submit",
    "order": 0
  }
},
{
  "model": "widgets.widgeteventstep",
  "pk": 10,
  "fields": {
    "created": "2020-04-23T18:00:51.828Z",
    "modified": "2020-04-23T18:00:51.828Z",
    "widget_event": 34,
    "code": null,
    "event_action_type": "back",
    "order": 0
  }
},
{
  "model": "widgets.widgetprop",
  "pk": 1,
  "fields": {
    "created": "2020-04-23T18:00:49.286Z",
    "modified": "2020-04-23T18:00:49.286Z",
    "name": "id",
    "comment": null,
    "widget": 109,
    "default_value": "mui-button",
    "preview_value": null
  }
},
{
  "model": "widgets.widgetprop",
  "pk": 2,
  "fields": {
    "created": "2020-04-23T18:00:49.983Z",
    "modified": "2020-04-23T18:00:49.983Z",
    "name": "id",
    "comment": null,
    "widget": 137,
    "default_value": "submit-button",
    "preview_value": null
  }
},
{
  "model": "widgets.widgetprop",
  "pk": 3,
  "fields": {
    "created": "2020-04-23T18:00:49.988Z",
    "modified": "2020-04-23T18:00:49.988Z",
    "name": "color",
    "comment": null,
    "widget": 137,
    "default_value": "primary",
    "preview_value": null
  }
},
{
  "model": "widgets.widgetprop",
  "pk": 4,
  "fields": {
    "created": "2020-04-23T18:00:49.993Z",
    "modified": "2020-04-23T18:00:49.993Z",
    "name": "variant",
    "comment": null,
    "widget": 137,
    "default_value": "contained",
    "preview_value": null
  }
},
{
  "model": "widgets.widgetprop",
  "pk": 5,
  "fields": {
    "created": "2020-04-23T18:00:50.081Z",
    "modified": "2020-04-23T18:00:50.081Z",
    "name": "label",
    "comment": null,
    "widget": 139,
    "default_value": null,
    "preview_value": null
  }
},
{
  "model": "widgets.widgetprop",
  "pk": 6,
  "fields": {
    "created": "2020-04-23T18:00:50.086Z",
    "modified": "2020-04-23T18:00:50.086Z",
    "name": "row",
    "comment": null,
    "widget": 139,
    "default_value": null,
    "preview_value": null
  }
},
{
  "model": "widgets.widgetprop",
  "pk": 7,
  "fields": {
    "created": "2020-04-23T18:00:50.091Z",
    "modified": "2020-04-23T18:00:50.091Z",
    "name": "defaultValue",
    "comment": null,
    "widget": 139,
    "default_value": null,
    "preview_value": null
  }
},
{
  "model": "widgets.widgetprop",
  "pk": 8,
  "fields": {
    "created": "2020-04-23T18:00:50.096Z",
    "modified": "2020-04-23T18:00:50.096Z",
    "name": "disabled",
    "comment": null,
    "widget": 139,
    "default_value": null,
    "preview_value": null
  }
},
{
  "model": "widgets.widgetprop",
  "pk": 9,
  "fields": {
    "created": "2020-04-23T18:00:50.101Z",
    "modified": "2020-04-23T18:00:50.101Z",
    "name": "id",
    "comment": null,
    "widget": 139,
    "default_value": null,
    "preview_value": null
  }
},
{
  "model": "widgets.widgetprop",
  "pk": 10,
  "fields": {
    "created": "2020-04-23T18:00:50.106Z",
    "modified": "2020-04-23T18:00:50.106Z",
    "name": "name",
    "comment": null,
    "widget": 139,
    "default_value": null,
    "preview_value": null
  }
},
{
  "model": "widgets.widgetprop",
  "pk": 11,
  "fields": {
    "created": "2020-04-23T18:00:50.111Z",
    "modified": "2020-04-23T18:00:50.111Z",
    "name": "gqlId",
    "comment": null,
    "widget": 139,
    "default_value": null,
    "preview_value": null
  }
},
{
  "model": "widgets.widgetprop",
  "pk": 12,
  "fields": {
    "created": "2020-04-23T18:00:50.162Z",
    "modified": "2020-04-23T18:00:50.162Z",
    "name": "value",
    "comment": null,
    "widget": 140,
    "default_value": null,
    "preview_value": null
  }
},
{
  "model": "widgets.widgetprop",
  "pk": 13,
  "fields": {
    "created": "2020-04-23T18:00:50.596Z",
    "modified": "2020-04-23T18:00:50.596Z",
    "name": "label",
    "comment": null,
    "widget": 153,
    "default_value": null,
    "preview_value": null
  }
},
{
  "model": "widgets.widgetprop",
  "pk": 14,
  "fields": {
    "created": "2020-04-23T18:00:50.601Z",
    "modified": "2020-04-23T18:00:50.601Z",
    "name": "defaultValue",
    "comment": null,
    "widget": 153,
    "default_value": null,
    "preview_value": null
  }
},
{
  "model": "widgets.widgetprop",
  "pk": 15,
  "fields": {
    "created": "2020-04-23T18:00:50.688Z",
    "modified": "2020-04-23T18:00:50.688Z",
    "name": "helperText",
    "comment": null,
    "widget": 155,
    "default_value": null,
    "preview_value": null
  }
},
{
  "model": "widgets.widgetprop",
  "pk": 16,
  "fields": {
    "created": "2020-04-23T18:00:50.693Z",
    "modified": "2020-04-23T18:00:50.693Z",
    "name": "OptionalInput",
    "comment": null,
    "widget": 155,
    "default_value": null,
    "preview_value": null
  }
},
{
  "model": "widgets.widgetprop",
  "pk": 17,
  "fields": {
    "created": "2020-04-23T18:00:50.698Z",
    "modified": "2020-04-23T18:00:50.698Z",
    "name": "defaultValue",
    "comment": null,
    "widget": 155,
    "default_value": null,
    "preview_value": null
  }
},
{
  "model": "widgets.widgetprop",
  "pk": 18,
  "fields": {
    "created": "2020-04-23T18:00:50.766Z",
    "modified": "2020-04-23T18:00:50.766Z",
    "name": "closeDialog",
    "comment": null,
    "widget": 157,
    "default_value": null,
    "preview_value": null
  }
},
{
  "model": "widgets.widgetprop",
  "pk": 19,
  "fields": {
    "created": "2020-04-23T18:00:50.771Z",
    "modified": "2020-04-23T18:00:50.771Z",
    "name": "fullWidth",
    "comment": null,
    "widget": 157,
    "default_value": null,
    "preview_value": null
  }
},
{
  "model": "widgets.widgetprop",
  "pk": 20,
  "fields": {
    "created": "2020-04-23T18:00:50.886Z",
    "modified": "2020-04-23T18:00:50.886Z",
    "name": "disabled",
    "comment": null,
    "widget": 160,
    "default_value": null,
    "preview_value": null
  }
},
{
  "model": "widgets.widgetprop",
  "pk": 21,
  "fields": {
    "created": "2020-04-23T18:00:50.891Z",
    "modified": "2020-04-23T18:00:50.891Z",
    "name": "variant",
    "comment": null,
    "widget": 160,
    "default_value": null,
    "preview_value": null
  }
},
{
  "model": "widgets.widgetprop",
  "pk": 22,
  "fields": {
    "created": "2020-04-23T18:00:50.896Z",
    "modified": "2020-04-23T18:00:50.896Z",
    "name": "color",
    "comment": null,
    "widget": 160,
    "default_value": null,
    "preview_value": null
  }
},
{
  "model": "widgets.widgetprop",
  "pk": 23,
  "fields": {
    "created": "2020-04-23T18:00:50.956Z",
    "modified": "2020-04-23T18:00:50.956Z",
    "name": "label",
    "comment": null,
    "widget": 161,
    "default_value": null,
    "preview_value": null
  }
},
{
  "model": "widgets.widgetprop",
  "pk": 24,
  "fields": {
    "created": "2020-04-23T18:00:50.961Z",
    "modified": "2020-04-23T18:00:50.961Z",
    "name": "value",
    "comment": null,
    "widget": 161,
    "default_value": null,
    "preview_value": null
  }
},
{
  "model": "widgets.widgetprop",
  "pk": 25,
  "fields": {
    "created": "2020-04-23T18:00:50.966Z",
    "modified": "2020-04-23T18:00:50.966Z",
    "name": "disabled",
    "comment": null,
    "widget": 161,
    "default_value": null,
    "preview_value": null
  }
},
{
  "model": "widgets.widgetprop",
  "pk": 26,
  "fields": {
    "created": "2020-04-23T18:00:50.972Z",
    "modified": "2020-04-23T18:00:50.972Z",
    "name": "id",
    "comment": null,
    "widget": 161,
    "default_value": null,
    "preview_value": null
  }
},
{
  "model": "widgets.widgetprop",
  "pk": 27,
  "fields": {
    "created": "2020-04-23T18:00:50.977Z",
    "modified": "2020-04-23T18:00:50.977Z",
    "name": "helperText",
    "comment": null,
    "widget": 161,
    "default_value": null,
    "preview_value": null
  }
},
{
  "model": "widgets.widgetprop",
  "pk": 28,
  "fields": {
    "created": "2020-04-23T18:00:50.982Z",
    "modified": "2020-04-23T18:00:50.982Z",
    "name": "gqlId",
    "comment": null,
    "widget": 161,
    "default_value": null,
    "preview_value": null
  }
},
{
  "model": "widgets.widgetprop",
  "pk": 29,
  "fields": {
    "created": "2020-04-23T18:00:50.987Z",
    "modified": "2020-04-23T18:00:50.987Z",
    "name": "name",
    "comment": null,
    "widget": 161,
    "default_value": null,
    "preview_value": null
  }
},
{
  "model": "widgets.widgetprop",
  "pk": 30,
  "fields": {
    "created": "2020-04-23T18:00:51.061Z",
    "modified": "2020-04-23T18:00:51.061Z",
    "name": "label",
    "comment": null,
    "widget": 162,
    "default_value": null,
    "preview_value": null
  }
},
{
  "model": "widgets.widgetprop",
  "pk": 31,
  "fields": {
    "created": "2020-04-23T18:00:51.066Z",
    "modified": "2020-04-23T18:00:51.066Z",
    "name": "defaultValue",
    "comment": null,
    "widget": 162,
    "default_value": null,
    "preview_value": null
  }
},
{
  "model": "widgets.widgetprop",
  "pk": 32,
  "fields": {
    "created": "2020-04-23T18:00:51.071Z",
    "modified": "2020-04-23T18:00:51.071Z",
    "name": "error",
    "comment": null,
    "widget": 162,
    "default_value": null,
    "preview_value": null
  }
},
{
  "model": "widgets.widgetprop",
  "pk": 33,
  "fields": {
    "created": "2020-04-23T18:00:51.149Z",
    "modified": "2020-04-23T18:00:51.149Z",
    "name": "imageUrl",
    "comment": null,
    "widget": 164,
    "default_value": null,
    "preview_value": null
  }
},
{
  "model": "widgets.widgetprop",
  "pk": 34,
  "fields": {
    "created": "2020-04-23T18:00:51.154Z",
    "modified": "2020-04-23T18:00:51.154Z",
    "name": "imageWidth",
    "comment": null,
    "widget": 164,
    "default_value": 200,
    "preview_value": null
  }
},
{
  "model": "widgets.widgetprop",
  "pk": 35,
  "fields": {
    "created": "2020-04-23T18:00:51.159Z",
    "modified": "2020-04-23T18:00:51.159Z",
    "name": "imageHeight",
    "comment": null,
    "widget": 164,
    "default_value": 250,
    "preview_value": null
  }
},
{
  "model": "widgets.widgetprop",
  "pk": 36,
  "fields": {
    "created": "2020-04-23T18:00:51.164Z",
    "modified": "2020-04-23T18:00:51.164Z",
    "name": "label",
    "comment": null,
    "widget": 164,
    "default_value": null,
    "preview_value": null
  }
},
{
  "model": "widgets.widgetprop",
  "pk": 37,
  "fields": {
    "created": "2020-04-23T18:00:51.169Z",
    "modified": "2020-04-23T18:00:51.169Z",
    "name": "defaultValue",
    "comment": null,
    "widget": 164,
    "default_value": null,
    "preview_value": null
  }
},
{
  "model": "widgets.widgetprop",
  "pk": 38,
  "fields": {
    "created": "2020-04-23T18:00:51.174Z",
    "modified": "2020-04-23T18:00:51.174Z",
    "name": "disabled",
    "comment": null,
    "widget": 164,
    "default_value": null,
    "preview_value": null
  }
},
{
  "model": "widgets.widgetprop",
  "pk": 39,
  "fields": {
    "created": "2020-04-23T18:00:51.179Z",
    "modified": "2020-04-23T18:00:51.179Z",
    "name": "id",
    "comment": null,
    "widget": 164,
    "default_value": null,
    "preview_value": null
  }
},
{
  "model": "widgets.widgetprop",
  "pk": 40,
  "fields": {
    "created": "2020-04-23T18:00:51.184Z",
    "modified": "2020-04-23T18:00:51.184Z",
    "name": "helperText",
    "comment": null,
    "widget": 164,
    "default_value": null,
    "preview_value": null
  }
},
{
  "model": "widgets.widgetprop",
  "pk": 41,
  "fields": {
    "created": "2020-04-23T18:00:51.239Z",
    "modified": "2020-04-23T18:00:51.239Z",
    "name": "defaultValue",
    "comment": null,
    "widget": 165,
    "default_value": null,
    "preview_value": null
  }
},
{
  "model": "widgets.widgetprop",
  "pk": 42,
  "fields": {
    "created": "2020-04-23T18:00:51.345Z",
    "modified": "2020-04-23T18:00:51.345Z",
    "name": "isGeolocationAvailable",
    "comment": null,
    "widget": 167,
    "default_value": null,
    "preview_value": null
  }
},
{
  "model": "widgets.widgetprop",
  "pk": 43,
  "fields": {
    "created": "2020-04-23T18:00:51.350Z",
    "modified": "2020-04-23T18:00:51.350Z",
    "name": "coords",
    "comment": null,
    "widget": 167,
    "default_value": null,
    "preview_value": null
  }
},
{
  "model": "widgets.widgetprop",
  "pk": 44,
  "fields": {
    "created": "2020-04-23T18:00:51.404Z",
    "modified": "2020-04-23T18:00:51.404Z",
    "name": "defaultValue",
    "comment": null,
    "widget": 168,
    "default_value": null,
    "preview_value": null
  }
},
{
  "model": "widgets.widgetprop",
  "pk": 45,
  "fields": {
    "created": "2020-04-23T18:00:51.409Z",
    "modified": "2020-04-23T18:00:51.409Z",
    "name": "maxValue",
    "comment": null,
    "widget": 168,
    "default_value": null,
    "preview_value": null
  }
},
{
  "model": "widgets.widgetprop",
  "pk": 46,
  "fields": {
    "created": "2020-04-23T18:00:51.414Z",
    "modified": "2020-04-23T18:00:51.414Z",
    "name": "minValue",
    "comment": null,
    "widget": 168,
    "default_value": null,
    "preview_value": null
  }
},
{
  "model": "widgets.widgetprop",
  "pk": 47,
  "fields": {
    "created": "2020-04-23T18:00:51.556Z",
    "modified": "2020-04-23T18:00:51.556Z",
    "name": "open",
    "comment": null,
    "widget": 171,
    "default_value": null,
    "preview_value": null
  }
},
{
  "model": "widgets.widgetprop",
  "pk": 48,
  "fields": {
    "created": "2020-04-23T18:00:51.561Z",
    "modified": "2020-04-23T18:00:51.561Z",
    "name": "closeWidget",
    "comment": null,
    "widget": 171,
    "default_value": null,
    "preview_value": null
  }
},
{
  "model": "widgets.widgetprop",
  "pk": 49,
  "fields": {
    "created": "2020-04-23T18:00:51.642Z",
    "modified": "2020-04-23T18:00:51.642Z",
    "name": "label",
    "comment": null,
    "widget": 172,
    "default_value": null,
    "preview_value": null
  }
},
{
  "model": "widgets.widgetprop",
  "pk": 50,
  "fields": {
    "created": "2020-04-23T18:00:51.647Z",
    "modified": "2020-04-23T18:00:51.647Z",
    "name": "defaultValue",
    "comment": null,
    "widget": 172,
    "default_value": null,
    "preview_value": null
  }
},
{
  "model": "widgets.widgetprop",
  "pk": 51,
  "fields": {
    "created": "2020-04-23T18:00:51.652Z",
    "modified": "2020-04-23T18:00:51.652Z",
    "name": "disabled",
    "comment": null,
    "widget": 172,
    "default_value": null,
    "preview_value": null
  }
},
{
  "model": "widgets.widgetprop",
  "pk": 52,
  "fields": {
    "created": "2020-04-23T18:00:51.657Z",
    "modified": "2020-04-23T18:00:51.657Z",
    "name": "labelWidth",
    "comment": null,
    "widget": 172,
    "default_value": null,
    "preview_value": null
  }
},
{
  "model": "widgets.widgetprop",
  "pk": 53,
  "fields": {
    "created": "2020-04-23T18:00:51.662Z",
    "modified": "2020-04-23T18:00:51.662Z",
    "name": "id",
    "comment": null,
    "widget": 172,
    "default_value": null,
    "preview_value": null
  }
},
{
  "model": "widgets.widgetprop",
  "pk": 54,
  "fields": {
    "created": "2020-04-23T18:00:51.667Z",
    "modified": "2020-04-23T18:00:51.667Z",
    "name": "labelId",
    "comment": null,
    "widget": 172,
    "default_value": null,
    "preview_value": null
  }
},
{
  "model": "widgets.widgetprop",
  "pk": 55,
  "fields": {
    "created": "2020-04-23T18:00:51.673Z",
    "modified": "2020-04-23T18:00:51.673Z",
    "name": "helperText",
    "comment": null,
    "widget": 172,
    "default_value": null,
    "preview_value": null
  }
},
{
  "model": "widgets.widgetprop",
  "pk": 56,
  "fields": {
    "created": "2020-04-23T18:00:51.678Z",
    "modified": "2020-04-23T18:00:51.678Z",
    "name": "name",
    "comment": null,
    "widget": 172,
    "default_value": null,
    "preview_value": null
  }
},
{
  "model": "widgets.widgetprop",
  "pk": 57,
  "fields": {
    "created": "2020-04-23T18:00:51.780Z",
    "modified": "2020-04-23T18:00:51.780Z",
    "name": "defaultValue",
    "comment": null,
    "widget": 174,
    "default_value": null,
    "preview_value": null
  }
},
{
  "model": "widgets.widgetprop",
  "pk": 58,
  "fields": {
    "created": "2020-04-23T18:00:51.823Z",
    "modified": "2020-04-23T18:00:51.823Z",
    "name": "id",
    "comment": null,
    "widget": 175,
    "default_value": "back-button",
    "preview_value": null
  }
},
{
  "model": "widgets.widgetprop",
  "pk": 59,
  "fields": {
    "created": "2020-04-23T18:00:51.877Z",
    "modified": "2020-04-23T18:00:51.877Z",
    "name": "labelId",
    "comment": null,
    "widget": 176,
    "default_value": null,
    "preview_value": null
  }
},
{
  "model": "widgets.widgetprop",
  "pk": 60,
  "fields": {
    "created": "2020-04-23T18:00:51.883Z",
    "modified": "2020-04-23T18:00:51.883Z",
    "name": "label",
    "comment": null,
    "widget": 176,
    "default_value": null,
    "preview_value": null
  }
},
{
  "model": "widgets.widgetprop",
  "pk": 61,
  "fields": {
    "created": "2020-04-23T18:00:51.888Z",
    "modified": "2020-04-23T18:00:51.888Z",
    "name": "name",
    "comment": null,
    "widget": 176,
    "default_value": null,
    "preview_value": null
  }
},
{
  "model": "widgets.widgetprop",
  "pk": 62,
  "fields": {
    "created": "2020-04-23T18:00:51.893Z",
    "modified": "2020-04-23T18:00:51.893Z",
    "name": "value",
    "comment": null,
    "widget": 176,
    "default_value": null,
    "preview_value": null
  }
},
{
  "model": "widgets.widgetprop",
  "pk": 63,
  "fields": {
    "created": "2020-04-23T18:00:51.898Z",
    "modified": "2020-04-23T18:00:51.898Z",
    "name": "disabled",
    "comment": null,
    "widget": 176,
    "default_value": null,
    "preview_value": null
  }
},
{
  "model": "widgets.widgetprop",
  "pk": 64,
  "fields": {
    "created": "2020-04-23T18:00:51.903Z",
    "modified": "2020-04-23T18:00:51.903Z",
    "name": "id",
    "comment": null,
    "widget": 176,
    "default_value": null,
    "preview_value": null
  }
},
{
  "model": "widgets.widgetprop",
  "pk": 65,
  "fields": {
    "created": "2020-04-23T18:00:51.907Z",
    "modified": "2020-04-23T18:00:51.907Z",
    "name": "helperText",
    "comment": null,
    "widget": 176,
    "default_value": null,
    "preview_value": null
  }
},
{
  "model": "widgets.widgetprop",
  "pk": 66,
  "fields": {
    "created": "2020-04-23T18:00:51.912Z",
    "modified": "2020-04-23T18:00:51.912Z",
    "name": "gqlId",
    "comment": null,
    "widget": 176,
    "default_value": null,
    "preview_value": null
  }
},
{
  "model": "widgets.widget",
  "pk": 9,
  "fields": {
    "code": null,
    "is_multiple_choice": false,
    "primary_language": "en",
    "address": "@material-ui/core/Grow",
    "external": true,
    "frontend": 1,
    "namespace": "mui",
    "value_parameter": "event.target.value",
    "parameters": [
      "event"
    ],
    "save_null": true,
    "keywords": [],
    "related_widgets": []
  }
},
{
  "model": "widgets.widget",
  "pk": 10,
  "fields": {
    "code": null,
    "is_multiple_choice": false,
    "primary_language": "en",
    "address": "@material-ui/core/ListItemText",
    "external": true,
    "frontend": 1,
    "namespace": "mui",
    "value_parameter": "event.target.value",
    "parameters": [
      "event"
    ],
    "save_null": true,
    "keywords": [],
    "related_widgets": []
  }
},
{
  "model": "widgets.widget",
  "pk": 11,
  "fields": {
    "code": null,
    "is_multiple_choice": false,
    "primary_language": "en",
    "address": "@material-ui/core/ListSubheader",
    "external": true,
    "frontend": 1,
    "namespace": "mui",
    "value_parameter": "event.target.value",
    "parameters": [
      "event"
    ],
    "save_null": true,
    "keywords": [],
    "related_widgets": []
  }
},
{
  "model": "widgets.widget",
  "pk": 12,
  "fields": {
    "code": null,
    "is_multiple_choice": false,
    "primary_language": "en",
    "address": "@material-ui/core/ExpansionPanel",
    "external": true,
    "frontend": 1,
    "namespace": "mui",
    "value_parameter": "event.target.value",
    "parameters": [
      "event"
    ],
    "save_null": true,
    "keywords": [],
    "related_widgets": []
  }
},
{
  "model": "widgets.widget",
  "pk": 13,
  "fields": {
    "code": null,
    "is_multiple_choice": false,
    "primary_language": "en",
    "address": "@material-ui/core/Tooltip",
    "external": true,
    "frontend": 1,
    "namespace": "mui",
    "value_parameter": "event.target.value",
    "parameters": [
      "event"
    ],
    "save_null": true,
    "keywords": [],
    "related_widgets": []
  }
},
{
  "model": "widgets.widget",
  "pk": 16,
  "fields": {
    "code": null,
    "is_multiple_choice": false,
    "primary_language": "en",
    "address": "@material-ui/core/Chip",
    "external": true,
    "frontend": 1,
    "namespace": "mui",
    "value_parameter": "event.target.value",
    "parameters": [
      "event"
    ],
    "save_null": true,
    "keywords": [],
    "related_widgets": []
  }
},
{
  "model": "widgets.widget",
  "pk": 17,
  "fields": {
    "code": null,
    "is_multiple_choice": false,
    "primary_language": "en",
    "address": "@material-ui/core/Icon",
    "external": true,
    "frontend": 1,
    "namespace": "mui",
    "value_parameter": "event.target.value",
    "parameters": [
      "event"
    ],
    "save_null": true,
    "keywords": [],
    "related_widgets": []
  }
},
{
  "model": "widgets.widget",
  "pk": 18,
  "fields": {
    "code": null,
    "is_multiple_choice": false,
    "primary_language": "en",
    "address": "@material-ui/core/ClickAwayListener",
    "external": true,
    "frontend": 1,
    "namespace": "mui",
    "value_parameter": "event.target.value",
    "parameters": [
      "event"
    ],
    "save_null": true,
    "keywords": [],
    "related_widgets": []
  }
},
{
  "model": "widgets.widget",
  "pk": 19,
  "fields": {
    "code": null,
    "is_multiple_choice": false,
    "primary_language": "en",
    "address": "@material-ui/core/DialogContent",
    "external": true,
    "frontend": 1,
    "namespace": "mui",
    "value_parameter": "event.target.value",
    "parameters": [
      "event"
    ],
    "save_null": true,
    "keywords": [],
    "related_widgets": []
  }
},
{
  "model": "widgets.widget",
  "pk": 21,
  "fields": {
    "code": null,
    "is_multiple_choice": false,
    "primary_language": "en",
    "address": "@material-ui/core/CardContent",
    "external": true,
    "frontend": 1,
    "namespace": "mui",
    "value_parameter": "event.target.value",
    "parameters": [
      "event"
    ],
    "save_null": true,
    "keywords": [],
    "related_widgets": []
  }
},
{
  "model": "widgets.widget",
  "pk": 22,
  "fields": {
    "code": null,
    "is_multiple_choice": false,
    "primary_language": "en",
    "address": "@material-ui/core/Link",
    "external": true,
    "frontend": 1,
    "namespace": "mui",
    "value_parameter": "event.target.value",
    "parameters": [
      "event"
    ],
    "save_null": true,
    "keywords": [],
    "related_widgets": []
  }
},
{
  "model": "widgets.widget",
  "pk": 23,
  "fields": {
    "code": null,
    "is_multiple_choice": false,
    "primary_language": "en",
    "address": "@material-ui/core/Fab",
    "external": true,
    "frontend": 1,
    "namespace": "mui",
    "value_parameter": "event.target.value",
    "parameters": [
      "event"
    ],
    "save_null": true,
    "keywords": [],
    "related_widgets": []
  }
},
{
  "model": "widgets.widget",
  "pk": 24,
  "fields": {
    "code": null,
    "is_multiple_choice": false,
    "primary_language": "en",
    "address": "@material-ui/core/Step",
    "external": true,
    "frontend": 1,
    "namespace": "mui",
    "value_parameter": "event.target.value",
    "parameters": [
      "event"
    ],
    "save_null": true,
    "keywords": [],
    "related_widgets": []
  }
},
{
  "model": "widgets.widget",
  "pk": 25,
  "fields": {
    "code": null,
    "is_multiple_choice": false,
    "primary_language": "en",
    "address": "@material-ui/core/Table",
    "external": true,
    "frontend": 1,
    "namespace": "mui",
    "value_parameter": "event.target.value",
    "parameters": [
      "event"
    ],
    "save_null": true,
    "keywords": [],
    "related_widgets": []
  }
},
{
  "model": "widgets.widget",
  "pk": 26,
  "fields": {
    "code": null,
    "is_multiple_choice": false,
    "primary_language": "en",
    "address": "@material-ui/core/TextField",
    "external": true,
    "frontend": 1,
    "namespace": "mui",
    "value_parameter": "event.target.value",
    "parameters": [
      "event"
    ],
    "save_null": true,
    "keywords": [],
    "related_widgets": []
  }
},
{
  "model": "widgets.widget",
  "pk": 27,
  "fields": {
    "code": null,
    "is_multiple_choice": false,
    "primary_language": "en",
    "address": "@material-ui/core/RadioGroup",
    "external": true,
    "frontend": 1,
    "namespace": "mui",
    "value_parameter": "event.target.value",
    "parameters": [
      "event"
    ],
    "save_null": true,
    "keywords": [],
    "related_widgets": []
  }
},
{
  "model": "widgets.widget",
  "pk": 28,
  "fields": {
    "code": null,
    "is_multiple_choice": false,
    "primary_language": "en",
    "address": "react-qr-reader",
    "external": true,
    "frontend": 1,
    "namespace": "react-qr-reader",
    "value_parameter": "data",
    "parameters": [
      "data"
    ],
    "save_null": true,
    "keywords": [],
    "related_widgets": []
  }
},
{
  "model": "widgets.widget",
  "pk": 29,
  "fields": {
    "code": null,
    "is_multiple_choice": false,
    "primary_language": "en",
    "address": "@material-ui/core/GridListTile",
    "external": true,
    "frontend": 1,
    "namespace": "mui",
    "value_parameter": "event.target.value",
    "parameters": [
      "event"
    ],
    "save_null": true,
    "keywords": [],
    "related_widgets": []
  }
},
{
  "model": "widgets.widget",
  "pk": 30,
  "fields": {
    "code": null,
    "is_multiple_choice": false,
    "primary_language": "en",
    "address": "@material-ui/core/Backdrop",
    "external": true,
    "frontend": 1,
    "namespace": "mui",
    "value_parameter": "event.target.value",
    "parameters": [
      "event"
    ],
    "save_null": true,
    "keywords": [],
    "related_widgets": []
  }
},
{
  "model": "widgets.widget",
  "pk": 31,
  "fields": {
    "code": null,
    "is_multiple_choice": false,
    "primary_language": "en",
    "address": "@material-ui/core/Badge",
    "external": true,
    "frontend": 1,
    "namespace": "mui",
    "value_parameter": "event.target.value",
    "parameters": [
      "event"
    ],
    "save_null": true,
    "keywords": [],
    "related_widgets": []
  }
},
{
  "model": "widgets.widget",
  "pk": 32,
  "fields": {
    "code": "String('Reply with a number to send your response. \\n')",
    "is_multiple_choice": false,
    "primary_language": "en",
    "address": null,
    "external": false,
    "frontend": 3,
    "namespace": "Widget",
    "value_parameter": "event.target.value",
    "parameters": [
      "event"
    ],
    "save_null": true,
    "keywords": [],
    "related_widgets": []
  }
},
{
  "model": "widgets.widget",
  "pk": 33,
  "fields": {
    "code": null,
    "is_multiple_choice": false,
    "primary_language": "en",
    "address": "@material-ui/core/StepIcon",
    "external": true,
    "frontend": 1,
    "namespace": "mui",
    "value_parameter": "event.target.value",
    "parameters": [
      "event"
    ],
    "save_null": true,
    "keywords": [],
    "related_widgets": []
  }
},
{
  "model": "widgets.widget",
  "pk": 35,
  "fields": {
    "code": null,
    "is_multiple_choice": false,
    "primary_language": "en",
    "address": "@material-ui/core/Grid",
    "external": true,
    "frontend": 1,
    "namespace": "mui",
    "value_parameter": "event.target.value",
    "parameters": [
      "event"
    ],
    "save_null": true,
    "keywords": [],
    "related_widgets": []
  }
},
{
  "model": "widgets.widget",
  "pk": 36,
  "fields": {
    "code": null,
    "is_multiple_choice": false,
    "primary_language": "en",
    "address": "@material-ui/core/Zoom",
    "external": true,
    "frontend": 1,
    "namespace": "mui",
    "value_parameter": "event.target.value",
    "parameters": [
      "event"
    ],
    "save_null": true,
    "keywords": [],
    "related_widgets": []
  }
},
{
  "model": "widgets.widget",
  "pk": 37,
  "fields": {
    "code": null,
    "is_multiple_choice": false,
    "primary_language": "en",
    "address": "@material-ui/core/AppBar",
    "external": true,
    "frontend": 1,
    "namespace": "mui",
    "value_parameter": "event.target.value",
    "parameters": [
      "event"
    ],
    "save_null": true,
    "keywords": [],
    "related_widgets": []
  }
},
{
  "model": "widgets.widget",
  "pk": 38,
  "fields": {
    "code": null,
    "is_multiple_choice": false,
    "primary_language": "en",
    "address": "@material-ui/core/CardActions",
    "external": true,
    "frontend": 1,
    "namespace": "mui",
    "value_parameter": "event.target.value",
    "parameters": [
      "event"
    ],
    "save_null": true,
    "keywords": [],
    "related_widgets": []
  }
},
{
  "model": "widgets.widget",
  "pk": 40,
  "fields": {
    "code": null,
    "is_multiple_choice": false,
    "primary_language": "en",
    "address": "@material-ui/core/InputLabel",
    "external": true,
    "frontend": 1,
    "namespace": "mui",
    "value_parameter": "event.target.value",
    "parameters": [
      "event"
    ],
    "save_null": true,
    "keywords": [],
    "related_widgets": []
  }
},
{
  "model": "widgets.widget",
  "pk": 41,
  "fields": {
    "code": null,
    "is_multiple_choice": false,
    "primary_language": "en",
    "address": "@material-ui/core/TableBody",
    "external": true,
    "frontend": 1,
    "namespace": "mui",
    "value_parameter": "event.target.value",
    "parameters": [
      "event"
    ],
    "save_null": true,
    "keywords": [],
    "related_widgets": []
  }
},
{
  "model": "widgets.widget",
  "pk": 45,
  "fields": {
    "code": null,
    "is_multiple_choice": false,
    "primary_language": "en",
    "address": "@material-ui/core/CardHeader",
    "external": true,
    "frontend": 1,
    "namespace": "mui",
    "value_parameter": "event.target.value",
    "parameters": [
      "event"
    ],
    "save_null": true,
    "keywords": [],
    "related_widgets": []
  }
},
{
  "model": "widgets.widget",
  "pk": 46,
  "fields": {
    "code": null,
    "is_multiple_choice": false,
    "primary_language": "en",
    "address": "@material-ui/core/TableFooter",
    "external": true,
    "frontend": 1,
    "namespace": "mui",
    "value_parameter": "event.target.value",
    "parameters": [
      "event"
    ],
    "save_null": true,
    "keywords": [],
    "related_widgets": []
  }
},
{
  "model": "widgets.widget",
  "pk": 47,
  "fields": {
    "code": null,
    "is_multiple_choice": false,
    "primary_language": "en",
    "address": "@material-ui/core/StepButton",
    "external": true,
    "frontend": 1,
    "namespace": "mui",
    "value_parameter": "event.target.value",
    "parameters": [
      "event"
    ],
    "save_null": true,
    "keywords": [],
    "related_widgets": []
  }
},
{
  "model": "widgets.widget",
  "pk": 48,
  "fields": {
    "code": null,
    "is_multiple_choice": false,
    "primary_language": "en",
    "address": "@material-ui/core/SwipeableDrawer",
    "external": true,
    "frontend": 1,
    "namespace": "mui",
    "value_parameter": "event.target.value",
    "parameters": [
      "event"
    ],
    "save_null": true,
    "keywords": [],
    "related_widgets": []
  }
},
{
  "model": "widgets.widget",
  "pk": 49,
  "fields": {
    "code": null,
    "is_multiple_choice": false,
    "primary_language": "en",
    "address": "@material-ui/core/Box",
    "external": true,
    "frontend": 1,
    "namespace": "mui",
    "value_parameter": "event.target.value",
    "parameters": [
      "event"
    ],
    "save_null": true,
    "keywords": [],
    "related_widgets": []
  }
},
{
  "model": "widgets.widget",
  "pk": 51,
  "fields": {
    "code": null,
    "is_multiple_choice": false,
    "primary_language": "en",
    "address": "@material-ui/core/StepContent",
    "external": true,
    "frontend": 1,
    "namespace": "mui",
    "value_parameter": "event.target.value",
    "parameters": [
      "event"
    ],
    "save_null": true,
    "keywords": [],
    "related_widgets": []
  }
},
{
  "model": "widgets.widget",
  "pk": 52,
  "fields": {
    "code": null,
    "is_multiple_choice": false,
    "primary_language": "en",
    "address": "@material-ui/core/Menu",
    "external": true,
    "frontend": 1,
    "namespace": "mui",
    "value_parameter": "event.target.value",
    "parameters": [
      "event"
    ],
    "save_null": true,
    "keywords": [],
    "related_widgets": []
  }
},
{
  "model": "widgets.widget",
  "pk": 54,
  "fields": {
    "code": null,
    "is_multiple_choice": false,
    "primary_language": "en",
    "address": "@material-ui/core/Paper",
    "external": true,
    "frontend": 1,
    "namespace": "mui",
    "value_parameter": "event.target.value",
    "parameters": [
      "event"
    ],
    "save_null": true,
    "keywords": [],
    "related_widgets": []
  }
},
{
  "model": "widgets.widget",
  "pk": 55,
  "fields": {
    "code": null,
    "is_multiple_choice": false,
    "primary_language": "en",
    "address": "@material-ui/core/DialogActions",
    "external": true,
    "frontend": 1,
    "namespace": "mui",
    "value_parameter": "event.target.value",
    "parameters": [
      "event"
    ],
    "save_null": true,
    "keywords": [],
    "related_widgets": []
  }
},
{
  "model": "widgets.widget",
  "pk": 56,
  "fields": {
    "code": null,
    "is_multiple_choice": false,
    "primary_language": "en",
    "address": "@material-ui/core/GridListTileBar",
    "external": true,
    "frontend": 1,
    "namespace": "mui",
    "value_parameter": "event.target.value",
    "parameters": [
      "event"
    ],
    "save_null": true,
    "keywords": [],
    "related_widgets": []
  }
},
{
  "model": "widgets.widget",
  "pk": 57,
  "fields": {
    "code": null,
    "is_multiple_choice": false,
    "primary_language": "en",
    "address": "@material-ui/core/styles/MuiThemeProvider",
    "external": true,
    "frontend": 1,
    "namespace": "mui",
    "value_parameter": "event.target.value",
    "parameters": [
      "event"
    ],
    "save_null": true,
    "keywords": [],
    "related_widgets": []
  }
},
{
  "model": "widgets.widget",
  "pk": 58,
  "fields": {
    "code": "var output='Reply with one of the following to send your response: \\n'; for (i=0; i<choices.length; i++){output = output + choices[i]['value'] + ' for ' + choices[i]['caption'] + '\\n'} output",
    "is_multiple_choice": false,
    "primary_language": "en",
    "address": null,
    "external": false,
    "frontend": 3,
    "namespace": "Widget",
    "value_parameter": "event.target.value",
    "parameters": [
      "event"
    ],
    "save_null": true,
    "keywords": [],
    "related_widgets": []
  }
},
{
  "model": "widgets.widget",
  "pk": 59,
  "fields": {
    "code": null,
    "is_multiple_choice": false,
    "primary_language": "en",
    "address": "@material-ui/core/TableHead",
    "external": true,
    "frontend": 1,
    "namespace": "mui",
    "value_parameter": "event.target.value",
    "parameters": [
      "event"
    ],
    "save_null": true,
    "keywords": [],
    "related_widgets": []
  }
},
{
  "model": "widgets.widget",
  "pk": 60,
  "fields": {
    "code": null,
    "is_multiple_choice": false,
    "primary_language": "en",
    "address": "@material-ui/core/Switch",
    "external": true,
    "frontend": 1,
    "namespace": "mui",
    "value_parameter": "event.target.value",
    "parameters": [
      "event"
    ],
    "save_null": true,
    "keywords": [],
    "related_widgets": []
  }
},
{
  "model": "widgets.widget",
  "pk": 61,
  "fields": {
    "code": null,
    "is_multiple_choice": false,
    "primary_language": "en",
    "address": "@material-ui/core/ListItem",
    "external": true,
    "frontend": 1,
    "namespace": "mui",
    "value_parameter": "event.target.value",
    "parameters": [
      "event"
    ],
    "save_null": true,
    "keywords": [],
    "related_widgets": []
  }
},
{
  "model": "widgets.widget",
  "pk": 62,
  "fields": {
    "code": null,
    "is_multiple_choice": false,
    "primary_language": "en",
    "address": "@material-ui/core/Typography",
    "external": true,
    "frontend": 1,
    "namespace": "mui",
    "value_parameter": "event.target.value",
    "parameters": [
      "event"
    ],
    "save_null": true,
    "keywords": [],
    "related_widgets": []
  }
},
{
  "model": "widgets.widget",
  "pk": 63,
  "fields": {
    "code": null,
    "is_multiple_choice": false,
    "primary_language": "en",
    "address": "@material-ui/core/FormControlLabel",
    "external": true,
    "frontend": 1,
    "namespace": "mui",
    "value_parameter": "event.target.value",
    "parameters": [
      "event"
    ],
    "save_null": true,
    "keywords": [],
    "related_widgets": []
  }
},
{
  "model": "widgets.widget",
  "pk": 64,
  "fields": {
    "code": null,
    "is_multiple_choice": false,
    "primary_language": "en",
    "address": "@material-ui/core/Select",
    "external": true,
    "frontend": 1,
    "namespace": "mui",
    "value_parameter": "event.target.value",
    "parameters": [
      "event"
    ],
    "save_null": true,
    "keywords": [],
    "related_widgets": []
  }
},
{
  "model": "widgets.widget",
  "pk": 65,
  "fields": {
    "code": null,
    "is_multiple_choice": false,
    "primary_language": "en",
    "address": "@material-ui/core/Blog",
    "external": true,
    "frontend": 1,
    "namespace": "mui",
    "value_parameter": "event.target.value",
    "parameters": [
      "event"
    ],
    "save_null": true,
    "keywords": [],
    "related_widgets": []
  }
},
{
  "model": "widgets.widget",
  "pk": 66,
  "fields": {
    "code": "<QrReader\n  style={{ maxWidth: \"300\", width: \"100%\" }}\n  onScan={handleScan}\n  onError={(err) => {console.error(err)}}\n/>",
    "is_multiple_choice": false,
    "primary_language": "en",
    "address": null,
    "external": false,
    "frontend": 1,
    "namespace": "Widget",
    "value_parameter": "data",
    "parameters": [
      "data"
    ],
    "save_null": false,
    "keywords": [],
    "related_widgets": []
  }
},
{
  "model": "widgets.widget",
  "pk": 67,
  "fields": {
    "code": null,
    "is_multiple_choice": false,
    "primary_language": "en",
    "address": "@material-ui/core/InputBase",
    "external": true,
    "frontend": 1,
    "namespace": "mui",
    "value_parameter": "event.target.value",
    "parameters": [
      "event"
    ],
    "save_null": true,
    "keywords": [],
    "related_widgets": []
  }
},
{
  "model": "widgets.widget",
  "pk": 68,
  "fields": {
    "code": null,
    "is_multiple_choice": false,
    "primary_language": "en",
    "address": "@material-ui/core/ExpansionPanelSummary",
    "external": true,
    "frontend": 1,
    "namespace": "mui",
    "value_parameter": "event.target.value",
    "parameters": [
      "event"
    ],
    "save_null": true,
    "keywords": [],
    "related_widgets": []
  }
},
{
  "model": "widgets.widget",
  "pk": 69,
  "fields": {
    "code": null,
    "is_multiple_choice": false,
    "primary_language": "en",
    "address": "@material-ui/core/TableSortLabel",
    "external": true,
    "frontend": 1,
    "namespace": "mui",
    "value_parameter": "event.target.value",
    "parameters": [
      "event"
    ],
    "save_null": true,
    "keywords": [],
    "related_widgets": []
  }
},
{
  "model": "widgets.widget",
  "pk": 70,
  "fields": {
    "code": null,
    "is_multiple_choice": false,
    "primary_language": "en",
    "address": "@material-ui/core/MenuList",
    "external": true,
    "frontend": 1,
    "namespace": "mui",
    "value_parameter": "event.target.value",
    "parameters": [
      "event"
    ],
    "save_null": true,
    "keywords": [],
    "related_widgets": []
  }
},
{
  "model": "widgets.widget",
  "pk": 71,
  "fields": {
    "code": null,
    "is_multiple_choice": false,
    "primary_language": "en",
    "address": "@material-ui/core/ListItemSecondaryAction",
    "external": true,
    "frontend": 1,
    "namespace": "mui",
    "value_parameter": "event.target.value",
    "parameters": [
      "event"
    ],
    "save_null": true,
    "keywords": [],
    "related_widgets": []
  }
},
{
  "model": "widgets.widget",
  "pk": 73,
  "fields": {
    "code": null,
    "is_multiple_choice": false,
    "primary_language": "en",
    "address": "@material-ui/core/BottomNavigationAction",
    "external": true,
    "frontend": 1,
    "namespace": "mui",
    "value_parameter": "event.target.value",
    "parameters": [
      "event"
    ],
    "save_null": true,
    "keywords": [],
    "related_widgets": []
  }
},
{
  "model": "widgets.widget",
  "pk": 74,
  "fields": {
    "code": null,
    "is_multiple_choice": false,
    "primary_language": "en",
    "address": "@material-ui/core/CssBaseline",
    "external": true,
    "frontend": 1,
    "namespace": "mui",
    "value_parameter": "event.target.value",
    "parameters": [
      "event"
    ],
    "save_null": true,
    "keywords": [],
    "related_widgets": []
  }
},
{
  "model": "widgets.widget",
  "pk": 75,
  "fields": {
    "code": null,
    "is_multiple_choice": false,
    "primary_language": "en",
    "address": "@material-ui/core/Modal",
    "external": true,
    "frontend": 1,
    "namespace": "mui",
    "value_parameter": "event.target.value",
    "parameters": [
      "event"
    ],
    "save_null": true,
    "keywords": [],
    "related_widgets": []
  }
},
{
  "model": "widgets.widget",
  "pk": 76,
  "fields": {
    "code": null,
    "is_multiple_choice": false,
    "primary_language": "en",
    "address": "@material-ui/core/SvgIcon",
    "external": true,
    "frontend": 1,
    "namespace": "mui",
    "value_parameter": "event.target.value",
    "parameters": [
      "event"
    ],
    "save_null": true,
    "keywords": [],
    "related_widgets": []
  }
},
{
  "model": "widgets.widget",
  "pk": 77,
  "fields": {
    "code": null,
    "is_multiple_choice": false,
    "primary_language": "en",
    "address": "@material-ui/core/Collapse",
    "external": true,
    "frontend": 1,
    "namespace": "mui",
    "value_parameter": "event.target.value",
    "parameters": [
      "event"
    ],
    "save_null": true,
    "keywords": [],
    "related_widgets": []
  }
},
{
  "model": "widgets.widget",
  "pk": 79,
  "fields": {
    "code": null,
    "is_multiple_choice": false,
    "primary_language": "en",
    "address": "@material-ui/core/TablePagination",
    "external": true,
    "frontend": 1,
    "namespace": "mui",
    "value_parameter": "event.target.value",
    "parameters": [
      "event"
    ],
    "save_null": true,
    "keywords": [],
    "related_widgets": []
  }
},
{
  "model": "widgets.widget",
  "pk": 80,
  "fields": {
    "code": "<div>This is an empty widget</div>",
    "is_multiple_choice": false,
    "primary_language": "en",
    "address": null,
    "external": false,
    "frontend": 1,
    "namespace": "Widget",
    "value_parameter": "event.target.value",
    "parameters": [
      "event"
    ],
    "save_null": true,
    "keywords": [],
    "related_widgets": []
  }
},
{
  "model": "widgets.widget",
  "pk": 81,
  "fields": {
    "code": null,
    "is_multiple_choice": false,
    "primary_language": "en",
    "address": "@material-ui/core/StepLabel",
    "external": true,
    "frontend": 1,
    "namespace": "mui",
    "value_parameter": "event.target.value",
    "parameters": [
      "event"
    ],
    "save_null": true,
    "keywords": [],
    "related_widgets": []
  }
},
{
  "model": "widgets.widget",
  "pk": 82,
  "fields": {
    "code": null,
    "is_multiple_choice": false,
    "primary_language": "en",
    "address": "@material-ui/core/ButtonBase",
    "external": true,
    "frontend": 1,
    "namespace": "mui",
    "value_parameter": "event.target.value",
    "parameters": [
      "event"
    ],
    "save_null": true,
    "keywords": [],
    "related_widgets": []
  }
},
{
  "model": "widgets.widget",
  "pk": 83,
  "fields": {
    "code": "var output='Reply with one of the following to send your response: \\n'; for (i=0; i<choices.length; i++){output = output + choices[i]['value'] + '\\n'} output",
    "is_multiple_choice": false,
    "primary_language": "en",
    "address": null,
    "external": false,
    "frontend": 3,
    "namespace": "Widget",
    "value_parameter": "event.target.value",
    "parameters": [
      "event"
    ],
    "save_null": true,
    "keywords": [],
    "related_widgets": []
  }
},
{
  "model": "widgets.widget",
  "pk": 84,
  "fields": {
    "code": null,
    "is_multiple_choice": false,
    "primary_language": "en",
    "address": "@material-ui/core/IconButton",
    "external": true,
    "frontend": 1,
    "namespace": "mui",
    "value_parameter": "event.target.value",
    "parameters": [
      "event"
    ],
    "save_null": true,
    "keywords": [],
    "related_widgets": []
  }
},
{
  "model": "widgets.widget",
  "pk": 85,
  "fields": {
    "code": null,
    "is_multiple_choice": false,
    "primary_language": "en",
    "address": "@material-ui/core/InputAdornment",
    "external": true,
    "frontend": 1,
    "namespace": "mui",
    "value_parameter": "event.target.value",
    "parameters": [
      "event"
    ],
    "save_null": true,
    "keywords": [],
    "related_widgets": []
  }
},
{
  "model": "widgets.widget",
  "pk": 86,
  "fields": {
    "code": null,
    "is_multiple_choice": false,
    "primary_language": "en",
    "address": "@material-ui/core/Popover",
    "external": true,
    "frontend": 1,
    "namespace": "mui",
    "value_parameter": "event.target.value",
    "parameters": [
      "event"
    ],
    "save_null": true,
    "keywords": [],
    "related_widgets": []
  }
},
{
  "model": "widgets.widget",
  "pk": 88,
  "fields": {
    "code": null,
    "is_multiple_choice": false,
    "primary_language": "en",
    "address": "@material-ui/core/Dialog",
    "external": true,
    "frontend": 1,
    "namespace": "mui",
    "value_parameter": "event.target.value",
    "parameters": [
      "event"
    ],
    "save_null": true,
    "keywords": [],
    "related_widgets": []
  }
},
{
  "model": "widgets.widget",
  "pk": 89,
  "fields": {
    "code": null,
    "is_multiple_choice": false,
    "primary_language": "en",
    "address": "@material-ui/core/Hidden",
    "external": true,
    "frontend": 1,
    "namespace": "mui",
    "value_parameter": "event.target.value",
    "parameters": [
      "event"
    ],
    "save_null": true,
    "keywords": [],
    "related_widgets": []
  }
},
{
  "model": "widgets.widget",
  "pk": 90,
  "fields": {
    "code": null,
    "is_multiple_choice": false,
    "primary_language": "en",
    "address": "@material-ui/core/FormControl",
    "external": true,
    "frontend": 1,
    "namespace": "mui",
    "value_parameter": "event.target.value",
    "parameters": [
      "event"
    ],
    "save_null": true,
    "keywords": [],
    "related_widgets": []
  }
},
{
  "model": "widgets.widget",
  "pk": 91,
  "fields": {
    "code": null,
    "is_multiple_choice": false,
    "primary_language": "en",
    "address": "@material-ui/core/Container",
    "external": true,
    "frontend": 1,
    "namespace": "mui",
    "value_parameter": "event.target.value",
    "parameters": [
      "event"
    ],
    "save_null": true,
    "keywords": [],
    "related_widgets": []
  }
},
{
  "model": "widgets.widget",
  "pk": 92,
  "fields": {
    "code": "''",
    "is_multiple_choice": false,
    "primary_language": "en",
    "address": null,
    "external": false,
    "frontend": 3,
    "namespace": "Widget",
    "value_parameter": "event.target.value",
    "parameters": [
      "event"
    ],
    "save_null": true,
    "keywords": [],
    "related_widgets": []
  }
},
{
  "model": "widgets.widget",
  "pk": 94,
  "fields": {
    "code": null,
    "is_multiple_choice": false,
    "primary_language": "en",
    "address": "@material-ui/core/List",
    "external": true,
    "frontend": 1,
    "namespace": "mui",
    "value_parameter": "event.target.value",
    "parameters": [
      "event"
    ],
    "save_null": true,
    "keywords": [],
    "related_widgets": []
  }
},
{
  "model": "widgets.widget",
  "pk": 95,
  "fields": {
    "code": null,
    "is_multiple_choice": false,
    "primary_language": "en",
    "address": "@material-ui/core/ExpansionPanelDetails",
    "external": true,
    "frontend": 1,
    "namespace": "mui",
    "value_parameter": "event.target.value",
    "parameters": [
      "event"
    ],
    "save_null": true,
    "keywords": [],
    "related_widgets": []
  }
},
{
  "model": "widgets.widget",
  "pk": 96,
  "fields": {
    "code": null,
    "is_multiple_choice": false,
    "primary_language": "en",
    "address": "@material-ui/core/BottomNavigation",
    "external": true,
    "frontend": 1,
    "namespace": "mui",
    "value_parameter": "event.target.value",
    "parameters": [
      "event"
    ],
    "save_null": true,
    "keywords": [],
    "related_widgets": []
  }
},
{
  "model": "widgets.widget",
  "pk": 97,
  "fields": {
    "code": null,
    "is_multiple_choice": false,
    "primary_language": "en",
    "address": "@material-ui/core/StepConnector",
    "external": true,
    "frontend": 1,
    "namespace": "mui",
    "value_parameter": "event.target.value",
    "parameters": [
      "event"
    ],
    "save_null": true,
    "keywords": [],
    "related_widgets": []
  }
},
{
  "model": "widgets.widget",
  "pk": 98,
  "fields": {
    "code": null,
    "is_multiple_choice": false,
    "primary_language": "en",
    "address": "@material-ui/core/TableRow",
    "external": true,
    "frontend": 1,
    "namespace": "mui",
    "value_parameter": "event.target.value",
    "parameters": [
      "event"
    ],
    "save_null": true,
    "keywords": [],
    "related_widgets": []
  }
},
{
  "model": "widgets.widget",
  "pk": 99,
  "fields": {
    "code": null,
    "is_multiple_choice": false,
    "primary_language": "en",
    "address": "@material-ui/core/Card",
    "external": true,
    "frontend": 1,
    "namespace": "mui",
    "value_parameter": "event.target.value",
    "parameters": [
      "event"
    ],
    "save_null": true,
    "keywords": [],
    "related_widgets": []
  }
},
{
  "model": "widgets.widget",
  "pk": 100,
  "fields": {
    "code": null,
    "is_multiple_choice": false,
    "primary_language": "en",
    "address": "@material-ui/core/CardMedia",
    "external": true,
    "frontend": 1,
    "namespace": "mui",
    "value_parameter": "event.target.value",
    "parameters": [
      "event"
    ],
    "save_null": true,
    "keywords": [],
    "related_widgets": []
  }
},
{
  "model": "widgets.widget",
  "pk": 102,
  "fields": {
    "code": null,
    "is_multiple_choice": false,
    "primary_language": "en",
    "address": "@material-ui/core/MobileStepper",
    "external": true,
    "frontend": 1,
    "namespace": "mui",
    "value_parameter": "event.target.value",
    "parameters": [
      "event"
    ],
    "save_null": true,
    "keywords": [],
    "related_widgets": []
  }
},
{
  "model": "widgets.widget",
  "pk": 103,
  "fields": {
    "code": null,
    "is_multiple_choice": false,
    "primary_language": "en",
    "address": "@material-ui/core/Radio",
    "external": true,
    "frontend": 1,
    "namespace": "mui",
    "value_parameter": "event.target.value",
    "parameters": [
      "event"
    ],
    "save_null": true,
    "keywords": [],
    "related_widgets": []
  }
},
{
  "model": "widgets.widget",
  "pk": 104,
  "fields": {
    "code": "String('Reply to send your response. \\n')",
    "is_multiple_choice": false,
    "primary_language": "en",
    "address": null,
    "external": false,
    "frontend": 3,
    "namespace": "Widget",
    "value_parameter": "event.target.value",
    "parameters": [
      "event"
    ],
    "save_null": true,
    "keywords": [],
    "related_widgets": []
  }
},
{
  "model": "widgets.widget",
  "pk": 105,
  "fields": {
    "code": null,
    "is_multiple_choice": false,
    "primary_language": "en",
    "address": "@material-ui/core/ListItemIcon",
    "external": true,
    "frontend": 1,
    "namespace": "mui",
    "value_parameter": "event.target.value",
    "parameters": [
      "event"
    ],
    "save_null": true,
    "keywords": [],
    "related_widgets": []
  }
},
{
  "model": "widgets.widget",
  "pk": 106,
  "fields": {
    "code": null,
    "is_multiple_choice": false,
    "primary_language": "en",
    "address": "@material-ui/core/Divider",
    "external": true,
    "frontend": 1,
    "namespace": "mui",
    "value_parameter": "event.target.value",
    "parameters": [
      "event"
    ],
    "save_null": true,
    "keywords": [],
    "related_widgets": []
  }
},
{
  "model": "widgets.widget",
  "pk": 107,
  "fields": {
    "code": null,
    "is_multiple_choice": false,
    "primary_language": "en",
    "address": "@material-ui/core/MenuItem",
    "external": true,
    "frontend": 1,
    "namespace": "mui",
    "value_parameter": "event.target.value",
    "parameters": [
      "event"
    ],
    "save_null": true,
    "keywords": [],
    "related_widgets": []
  }
},
{
  "model": "widgets.widget",
  "pk": 108,
  "fields": {
    "code": null,
    "is_multiple_choice": false,
    "primary_language": "en",
    "address": "@material-ui/core/CircularProgress",
    "external": true,
    "frontend": 1,
    "namespace": "mui",
    "value_parameter": "event.target.value",
    "parameters": [
      "event"
    ],
    "save_null": true,
    "keywords": [],
    "related_widgets": []
  }
},
{
  "model": "widgets.widget",
  "pk": 109,
  "fields": {
    "code": null,
    "is_multiple_choice": false,
    "primary_language": "en",
    "address": "@material-ui/core/Button",
    "external": true,
    "frontend": 1,
    "namespace": "mui",
    "value_parameter": "event.target.value",
    "parameters": [
      "event"
    ],
    "save_null": true,
    "keywords": [],
    "related_widgets": []
  }
},
{
  "model": "widgets.widget",
  "pk": 110,
  "fields": {
    "code": null,
    "is_multiple_choice": false,
    "primary_language": "en",
    "address": "@material-ui/core/ExpansionPanelActions",
    "external": true,
    "frontend": 1,
    "namespace": "mui",
    "value_parameter": "event.target.value",
    "parameters": [
      "event"
    ],
    "save_null": true,
    "keywords": [],
    "related_widgets": []
  }
},
{
  "model": "widgets.widget",
  "pk": 111,
  "fields": {
    "code": "String('')",
    "is_multiple_choice": false,
    "primary_language": "en",
    "address": null,
    "external": false,
    "frontend": 3,
    "namespace": "Widget",
    "value_parameter": "event.target.value",
    "parameters": [
      "event"
    ],
    "save_null": true,
    "keywords": [],
    "related_widgets": []
  }
},
{
  "model": "widgets.widget",
  "pk": 112,
  "fields": {
    "code": null,
    "is_multiple_choice": false,
    "primary_language": "en",
    "address": "@material-ui/core/FormGroup",
    "external": true,
    "frontend": 1,
    "namespace": "mui",
    "value_parameter": "event.target.value",
    "parameters": [
      "event"
    ],
    "save_null": true,
    "keywords": [],
    "related_widgets": []
  }
},
{
  "model": "widgets.widget",
  "pk": 114,
  "fields": {
    "code": null,
    "is_multiple_choice": false,
    "primary_language": "en",
    "address": "@material-ui/core/ButtonBase/TouchRipple",
    "external": true,
    "frontend": 1,
    "namespace": "mui",
    "value_parameter": "event.target.value",
    "parameters": [
      "event"
    ],
    "save_null": true,
    "keywords": [],
    "related_widgets": []
  }
},
{
  "model": "widgets.widget",
  "pk": 115,
  "fields": {
    "code": null,
    "is_multiple_choice": false,
    "primary_language": "en",
    "address": "@material-ui/core/CardActionArea",
    "external": true,
    "frontend": 1,
    "namespace": "mui",
    "value_parameter": "event.target.value",
    "parameters": [
      "event"
    ],
    "save_null": true,
    "keywords": [],
    "related_widgets": []
  }
},
{
  "model": "widgets.widget",
  "pk": 116,
  "fields": {
    "code": "String('Reply with text to send your response. \\n')",
    "is_multiple_choice": false,
    "primary_language": "en",
    "address": null,
    "external": false,
    "frontend": 3,
    "namespace": "Widget",
    "value_parameter": "event.target.value",
    "parameters": [
      "event"
    ],
    "save_null": true,
    "keywords": [],
    "related_widgets": []
  }
},
{
  "model": "widgets.widget",
  "pk": 117,
  "fields": {
    "code": null,
    "is_multiple_choice": false,
    "primary_language": "en",
    "address": "@material-ui/core/Portal",
    "external": true,
    "frontend": 1,
    "namespace": "mui",
    "value_parameter": "event.target.value",
    "parameters": [
      "event"
    ],
    "save_null": true,
    "keywords": [],
    "related_widgets": []
  }
},
{
  "model": "widgets.widget",
  "pk": 118,
  "fields": {
    "code": null,
    "is_multiple_choice": false,
    "primary_language": "en",
    "address": "@material-ui/core/DialogTitle",
    "external": true,
    "frontend": 1,
    "namespace": "mui",
    "value_parameter": "event.target.value",
    "parameters": [
      "event"
    ],
    "save_null": true,
    "keywords": [],
    "related_widgets": []
  }
},
{
  "model": "widgets.widget",
  "pk": 119,
  "fields": {
    "code": null,
    "is_multiple_choice": false,
    "primary_language": "en",
    "address": "@material-ui/core/OutlinedInput",
    "external": true,
    "frontend": 1,
    "namespace": "mui",
    "value_parameter": "event.target.value",
    "parameters": [
      "event"
    ],
    "save_null": true,
    "keywords": [],
    "related_widgets": []
  }
},
{
  "model": "widgets.widget",
  "pk": 120,
  "fields": {
    "code": null,
    "is_multiple_choice": false,
    "primary_language": "en",
    "address": "@material-ui/core/LinearProgress",
    "external": true,
    "frontend": 1,
    "namespace": "mui",
    "value_parameter": "event.target.value",
    "parameters": [
      "event"
    ],
    "save_null": true,
    "keywords": [],
    "related_widgets": []
  }
},
{
  "model": "widgets.widget",
  "pk": 121,
  "fields": {
    "code": null,
    "is_multiple_choice": false,
    "primary_language": "en",
    "address": "@material-ui/core/Stepper",
    "external": true,
    "frontend": 1,
    "namespace": "mui",
    "value_parameter": "event.target.value",
    "parameters": [
      "event"
    ],
    "save_null": true,
    "keywords": [],
    "related_widgets": []
  }
},
{
  "model": "widgets.widget",
  "pk": 122,
  "fields": {
    "code": null,
    "is_multiple_choice": false,
    "primary_language": "en",
    "address": "@material-ui/core/FilledInput",
    "external": true,
    "frontend": 1,
    "namespace": "mui",
    "value_parameter": "event.target.value",
    "parameters": [
      "event"
    ],
    "save_null": true,
    "keywords": [],
    "related_widgets": []
  }
},
{
  "model": "widgets.widget",
  "pk": 125,
  "fields": {
    "code": null,
    "is_multiple_choice": false,
    "primary_language": "en",
    "address": "@material-ui/core/Toolbar",
    "external": true,
    "frontend": 1,
    "namespace": "mui",
    "value_parameter": "event.target.value",
    "parameters": [
      "event"
    ],
    "save_null": true,
    "keywords": [],
    "related_widgets": []
  }
},
{
  "model": "widgets.widget",
  "pk": 126,
  "fields": {
    "code": null,
    "is_multiple_choice": false,
    "primary_language": "en",
    "address": "@material-ui/core/RootRef",
    "external": true,
    "frontend": 1,
    "namespace": "mui",
    "value_parameter": "event.target.value",
    "parameters": [
      "event"
    ],
    "save_null": true,
    "keywords": [],
    "related_widgets": []
  }
},
{
  "model": "widgets.widget",
  "pk": 127,
  "fields": {
    "code": null,
    "is_multiple_choice": false,
    "primary_language": "en",
    "address": "@material-ui/core/DialogContentText",
    "external": true,
    "frontend": 1,
    "namespace": "mui",
    "value_parameter": "event.target.value",
    "parameters": [
      "event"
    ],
    "save_null": true,
    "keywords": [],
    "related_widgets": []
  }
},
{
  "model": "widgets.widget",
  "pk": 128,
  "fields": {
    "code": null,
    "is_multiple_choice": false,
    "primary_language": "en",
    "address": "@material-ui/core/GridList",
    "external": true,
    "frontend": 1,
    "namespace": "mui",
    "value_parameter": "event.target.value",
    "parameters": [
      "event"
    ],
    "save_null": true,
    "keywords": [],
    "related_widgets": []
  }
},
{
  "model": "widgets.widget",
  "pk": 129,
  "fields": {
    "code": null,
    "is_multiple_choice": false,
    "primary_language": "en",
    "address": "@material-ui/core/Slider",
    "external": true,
    "frontend": 1,
    "namespace": "mui",
    "value_parameter": "event.target.value",
    "parameters": [
      "event"
    ],
    "save_null": true,
    "keywords": [],
    "related_widgets": []
  }
},
{
  "model": "widgets.widget",
  "pk": 130,
  "fields": {
    "code": null,
    "is_multiple_choice": false,
    "primary_language": "en",
    "address": "@material-ui/core/Avatar",
    "external": true,
    "frontend": 1,
    "namespace": "mui",
    "value_parameter": "event.target.value",
    "parameters": [
      "event"
    ],
    "save_null": true,
    "keywords": [],
    "related_widgets": []
  }
},
{
  "model": "widgets.widget",
  "pk": 131,
  "fields": {
    "code": null,
    "is_multiple_choice": false,
    "primary_language": "en",
    "address": "@material-ui/core/Tab",
    "external": true,
    "frontend": 1,
    "namespace": "mui",
    "value_parameter": "event.target.value",
    "parameters": [
      "event"
    ],
    "save_null": true,
    "keywords": [],
    "related_widgets": []
  }
},
{
  "model": "widgets.widget",
  "pk": 133,
  "fields": {
    "code": null,
    "is_multiple_choice": false,
    "primary_language": "en",
    "address": "@material-ui/core/Snackbar",
    "external": true,
    "frontend": 1,
    "namespace": "mui",
    "value_parameter": "event.target.value",
    "parameters": [
      "event"
    ],
    "save_null": true,
    "keywords": [],
    "related_widgets": []
  }
},
{
  "model": "widgets.widget",
  "pk": 134,
  "fields": {
    "code": null,
    "is_multiple_choice": false,
    "primary_language": "en",
    "address": "@material-ui/core/SnackbarContent",
    "external": true,
    "frontend": 1,
    "namespace": "mui",
    "value_parameter": "event.target.value",
    "parameters": [
      "event"
    ],
    "save_null": true,
    "keywords": [],
    "related_widgets": []
  }
},
{
  "model": "widgets.widget",
  "pk": 135,
  "fields": {
    "code": null,
    "is_multiple_choice": false,
    "primary_language": "en",
    "address": "@material-ui/core/Tabs",
    "external": true,
    "frontend": 1,
    "namespace": "mui",
    "value_parameter": "event.target.value",
    "parameters": [
      "event"
    ],
    "save_null": true,
    "keywords": [],
    "related_widgets": []
  }
},
{
  "model": "widgets.widget",
  "pk": 136,
  "fields": {
    "code": null,
    "is_multiple_choice": false,
    "primary_language": "en",
    "address": "@material-ui/core/ListItemAvatar",
    "external": true,
    "frontend": 1,
    "namespace": "mui",
    "value_parameter": "event.target.value",
    "parameters": [
      "event"
    ],
    "save_null": true,
    "keywords": [],
    "related_widgets": []
  }
},
{
  "model": "widgets.widget",
  "pk": 137,
  "fields": {
    "code": "<Button id={id} color={color} variant={variant} type=\"submit\">{children || \"Save & Continue\"}</Button>",
    "is_multiple_choice": false,
    "primary_language": "en",
    "address": null,
    "external": false,
    "frontend": 1,
    "namespace": "Widget",
    "value_parameter": "event.target.value",
    "parameters": [
      "event"
    ],
    "save_null": true,
    "keywords": [],
    "related_widgets": []
  }
},
{
  "model": "widgets.widget",
  "pk": 139,
  "fields": {
    "code": "{choices ? <FormControl component=\"fieldset\">\n    <RadioGroup\n   \n        row={row}\n       onChange={handleChange}       \n       id={id}\n>\n        {choices.map((choice, index) => \n            <FormControlLabel\n                key={index}\n                control={\n                    <Radio\n     name={name}  id={gqlId + '-radio' + String(index)}\n                       name={name}\n                       value={choice.value}\n                        checked={\n                            (value == null) ? \n                                (defaultValue != null) ?\n                                    defaultValue == choice.value :\n                                false :\n                              value == choice.value }\n                              onClick = {(e) => {setValue(e.target.value)}}\n                        disabled={disabled} /> }\n                label=<span className=\"widget-choice\">{choice.caption}</span>\n            />)}\n    </RadioGroup>\n  </FormControl> : <div>Warning: RadioButtons widget needs choices</div>}",
    "is_multiple_choice": false,
    "primary_language": "en",
    "address": null,
    "external": false,
    "frontend": 1,
    "namespace": "Widget",
    "value_parameter": "event.target.value",
    "parameters": [
      "event"
    ],
    "save_null": true,
    "keywords": [],
    "related_widgets": []
  }
},
{
  "model": "widgets.widget",
  "pk": 140,
  "fields": {
    "code": null,
    "is_multiple_choice": false,
    "primary_language": "en",
    "address": "@material-ui/core/Input",
    "external": true,
    "frontend": 1,
    "namespace": "mui",
    "value_parameter": "event.target.value",
    "parameters": [
      "event"
    ],
    "save_null": true,
    "keywords": [],
    "related_widgets": []
  }
},
{
  "model": "widgets.widget",
  "pk": 141,
  "fields": {
    "code": null,
    "is_multiple_choice": false,
    "primary_language": "en",
    "address": "@material-ui/core/Checkbox",
    "external": true,
    "frontend": 1,
    "namespace": "mui",
    "value_parameter": "event.target.value",
    "parameters": [
      "event"
    ],
    "save_null": true,
    "keywords": [],
    "related_widgets": []
  }
},
{
  "model": "widgets.widget",
  "pk": 142,
  "fields": {
    "code": null,
    "is_multiple_choice": false,
    "primary_language": "en",
    "address": "@material-ui/core/TableCell",
    "external": true,
    "frontend": 1,
    "namespace": "mui",
    "value_parameter": "event.target.value",
    "parameters": [
      "event"
    ],
    "save_null": true,
    "keywords": [],
    "related_widgets": []
  }
},
{
  "model": "widgets.widget",
  "pk": 143,
  "fields": {
    "code": null,
    "is_multiple_choice": false,
    "primary_language": "en",
    "address": "@material-ui/core/Drawer",
    "external": true,
    "frontend": 1,
    "namespace": "mui",
    "value_parameter": "event.target.value",
    "parameters": [
      "event"
    ],
    "save_null": true,
    "keywords": [],
    "related_widgets": []
  }
},
{
  "model": "widgets.widget",
  "pk": 144,
  "fields": {
    "code": null,
    "is_multiple_choice": false,
    "primary_language": "en",
    "address": "@material-ui/core/NoSsr",
    "external": true,
    "frontend": 1,
    "namespace": "mui",
    "value_parameter": "event.target.value",
    "parameters": [
      "event"
    ],
    "save_null": true,
    "keywords": [],
    "related_widgets": []
  }
},
{
  "model": "widgets.widget",
  "pk": 145,
  "fields": {
    "code": null,
    "is_multiple_choice": false,
    "primary_language": "en",
    "address": "@material-ui/core/Slide",
    "external": true,
    "frontend": 1,
    "namespace": "mui",
    "value_parameter": "event.target.value",
    "parameters": [
      "event"
    ],
    "save_null": true,
    "keywords": [],
    "related_widgets": []
  }
},
{
  "model": "widgets.widget",
  "pk": 146,
  "fields": {
    "code": null,
    "is_multiple_choice": false,
    "primary_language": "en",
    "address": "@material-ui/core/FormLabel",
    "external": true,
    "frontend": 1,
    "namespace": "mui",
    "value_parameter": "event.target.value",
    "parameters": [
      "event"
    ],
    "save_null": true,
    "keywords": [],
    "related_widgets": []
  }
},
{
  "model": "widgets.widget",
  "pk": 147,
  "fields": {
    "code": null,
    "is_multiple_choice": false,
    "primary_language": "en",
    "address": "@material-ui/core/NativeSelect",
    "external": true,
    "frontend": 1,
    "namespace": "mui",
    "value_parameter": "event.target.value",
    "parameters": [
      "event"
    ],
    "save_null": true,
    "keywords": [],
    "related_widgets": []
  }
},
{
  "model": "widgets.widget",
  "pk": 148,
  "fields": {
    "code": null,
    "is_multiple_choice": false,
    "primary_language": "en",
    "address": "@material-ui/core/Fade",
    "external": true,
    "frontend": 1,
    "namespace": "mui",
    "value_parameter": "event.target.value",
    "parameters": [
      "event"
    ],
    "save_null": true,
    "keywords": [],
    "related_widgets": []
  }
},
{
  "model": "widgets.widget",
  "pk": 149,
  "fields": {
    "code": null,
    "is_multiple_choice": false,
    "primary_language": "en",
    "address": "@material-ui/core/FormHelperText",
    "external": true,
    "frontend": 1,
    "namespace": "mui",
    "value_parameter": "event.target.value",
    "parameters": [
      "event"
    ],
    "save_null": true,
    "keywords": [],
    "related_widgets": []
  }
},
{
  "model": "widgets.widget",
  "pk": 150,
  "fields": {
    "code": null,
    "is_multiple_choice": false,
    "primary_language": "en",
    "address": "@material-ui/core/Popper",
    "external": true,
    "frontend": 1,
    "namespace": "mui",
    "value_parameter": "event.target.value",
    "parameters": [
      "event"
    ],
    "save_null": true,
    "keywords": [],
    "related_widgets": []
  }
},
{
  "model": "widgets.widget",
  "pk": 153,
  "fields": {
    "code": "<Box py={2}>\n<TextField variant='outlined' fullWidth multiline rows={3} rowsMax={6} label={label} defaultValue={defaultValue} onChange={handleChange} onBlur={handleBlur}/>\n</Box>",
    "is_multiple_choice": false,
    "primary_language": "en",
    "address": null,
    "external": false,
    "frontend": 1,
    "namespace": "Widget",
    "value_parameter": "event.target.value",
    "parameters": [
      "event"
    ],
    "save_null": true,
    "keywords": [],
    "related_widgets": []
  }
},
{
  "model": "widgets.widget",
  "pk": 155,
  "fields": {
    "code": "<Container maxWidth=\"lg\">\n  <Box mx=\"auto\" width=\"50%\">\n    <Typography>\n      {helperText}\n    </Typography>\n    <QR maxWidth=\"4000\" width=\"100%\" onScan={handleScan} />\n    {OptionalInput ? <OptionalInput defaultValue={defaultValue} /> : \"\" }\n  </Box>\n</Container>",
    "is_multiple_choice": false,
    "primary_language": "en",
    "address": null,
    "external": false,
    "frontend": 1,
    "namespace": "Widget",
    "value_parameter": "data",
    "parameters": [
      "data"
    ],
    "save_null": false,
    "keywords": [],
    "related_widgets": []
  }
},
{
  "model": "widgets.widget",
  "pk": 157,
  "fields": {
    "code": "<Button className=\"close-dialog\" color='primary' variant='contained' onClick={handleClick} fullWidth={fullWidth} >{children != null ? children : \"Continue\"}</Button>",
    "is_multiple_choice": false,
    "primary_language": "en",
    "address": null,
    "external": false,
    "frontend": 1,
    "namespace": "Widget",
    "value_parameter": "event.target.value",
    "parameters": [
      "event"
    ],
    "save_null": true,
    "keywords": [],
    "related_widgets": []
  }
},
{
  "model": "widgets.widget",
  "pk": 159,
  "fields": {
    "code": "<Slider {...props}/>",
    "is_multiple_choice": false,
    "primary_language": "en",
    "address": null,
    "external": false,
    "frontend": 1,
    "namespace": "Widget",
    "value_parameter": "value",
    "parameters": [
      "event",
      "value"
    ],
    "save_null": true,
    "keywords": [],
    "related_widgets": []
  }
},
{
  "model": "widgets.widget",
  "pk": 160,
  "fields": {
    "code": "<Button disabled={autoDisable || disabled} onClick={handleClick} variant={variant || \"contained\"} color={color}>{autoDisable ? \"Loading\" : children}\n</Button>",
    "is_multiple_choice": false,
    "primary_language": "en",
    "address": null,
    "external": false,
    "frontend": 1,
    "namespace": "Widget",
    "value_parameter": "event.target.value",
    "parameters": [
      "event"
    ],
    "save_null": true,
    "keywords": [],
    "related_widgets": []
  }
},
{
  "model": "widgets.widget",
  "pk": 161,
  "fields": {
    "code": "{choices ? \n  <React.Fragment>\n    <Typography>{helperText}</Typography>\n    <RadioButtons\n      \n      name={name}\n      row={true}\n      onChange={handleChange}\n      id={id}\n      choices={JSON.stringify(choices)}\n      defaultValue={value}\n      gqlId={gqlId}\n      />\n  </React.Fragment> :\n  <div>Warning: RadioButtons widget needs choices</div>\n}",
    "is_multiple_choice": false,
    "primary_language": "en",
    "address": null,
    "external": false,
    "frontend": 1,
    "namespace": "Widget",
    "value_parameter": "event.target.value",
    "parameters": [
      "event"
    ],
    "save_null": true,
    "keywords": [],
    "related_widgets": []
  }
},
{
  "model": "widgets.widget",
  "pk": 162,
  "fields": {
    "code": "<TextField label={label} defaultValue={defaultValue} onChange={handleChange} onFocus={handleFocus} onBlur={handleBlur} type=\"number\" error={error}/>",
    "is_multiple_choice": false,
    "primary_language": "en",
    "address": null,
    "external": false,
    "frontend": 1,
    "namespace": "Widget",
    "value_parameter": "event.target.value",
    "parameters": [
      "event"
    ],
    "save_null": true,
    "keywords": [],
    "related_widgets": []
  }
},
{
  "model": "widgets.widget",
  "pk": 163,
  "fields": {
    "code": "<MenuItem innerRef={ref} {...props} />",
    "is_multiple_choice": false,
    "primary_language": "en",
    "address": null,
    "external": false,
    "frontend": 1,
    "namespace": "Widget",
    "value_parameter": "event.target.value",
    "parameters": [
      "event"
    ],
    "save_null": true,
    "keywords": [],
    "related_widgets": []
  }
},
{
  "model": "widgets.widget",
  "pk": 164,
  "fields": {
    "code": "<Grid container>\n  <Grid item xs={12} md={6}>\n    <FormHorizontalRadioButtons helperText={helperText} name={name} id={id} choices={JSON.stringify(choices)} />\n  </Grid>\n  <Grid item xs={12} md={6}>\n    <img src={imageUrl} height={imageHeight} width={imageWidth} />\n  </Grid>\n</Grid>",
    "is_multiple_choice": false,
    "primary_language": "en",
    "address": null,
    "external": false,
    "frontend": 1,
    "namespace": "Widget",
    "value_parameter": "event.target.value",
    "parameters": [
      "event"
    ],
    "save_null": true,
    "keywords": [],
    "related_widgets": []
  }
},
{
  "model": "widgets.widget",
  "pk": 165,
  "fields": {
    "code": "<Input defaultValue={defaultValue} onChange={handleChange} onBlur={handleBlur} onKeyDown={handleKeyDown} />",
    "is_multiple_choice": false,
    "primary_language": "en",
    "address": null,
    "external": false,
    "frontend": 1,
    "namespace": "Widget",
    "value_parameter": "event.target.value",
    "parameters": [
      "event"
    ],
    "save_null": true,
    "keywords": [],
    "related_widgets": []
  }
},
{
  "model": "widgets.widget",
  "pk": 166,
  "fields": {
    "code": "{choices ? choices.map((choice, index) => <React.Fragment key={index}><Button id={'button-' + index}>{choice.caption || choice.value}</Button><Divider /></React.Fragment>) : 'WebMultipleChoiceWidget needs choices in order to render.'}",
    "is_multiple_choice": false,
    "primary_language": "en",
    "address": null,
    "external": false,
    "frontend": 1,
    "namespace": "Widget",
    "value_parameter": "event.target.value",
    "parameters": [
      "event"
    ],
    "save_null": true,
    "keywords": [],
    "related_widgets": []
  }
},
{
  "model": "widgets.widget",
  "pk": 167,
  "fields": {
    "code": "{(!isGeolocationAvailable) ?\n<Typography variant=\"body1\">Your browser does not support Geolocation</Typography> : coords ? \n<Table >\n    <TableHead>\n        <TableRow>\n            <TableCell align=\"left\"><b>Name</b></TableCell>\n            <TableCell align=\"left\"><b>Value</b></TableCell>\n        </TableRow>\n    </TableHead>\n    <TableBody>\n        <TableRow>\n            <TableCell align=\"left\">Latitude</TableCell>\n            <TableCell align=\"left\">{coords.latitude}</TableCell>\n        </TableRow>\n        <TableRow>\n            <TableCell align=\"left\">Longitude</TableCell>\n            <TableCell align=\"left\">{coords.longitude}</TableCell>\n        </TableRow>\n        <TableRow>\n            <TableCell align=\"left\">Altitude</TableCell>\n            <TableCell align=\"left\">{coords.altitude ? coords.altitude : \"N/A\"}</TableCell>\n        </TableRow>\n        <TableRow>\n            <TableCell align=\"left\">Heading</TableCell>\n            <TableCell align=\"left\">{coords.heading ? coords.heading : \"N/A\"}</TableCell>\n        </TableRow>\n        <TableRow>\n            <TableCell align=\"left\">Speed</TableCell>\n            <TableCell align=\"left\">{coords.speed ? coords.speed : \"N/A\"}</TableCell>\n        </TableRow>\n    </TableBody>\n</Table> :\n<Typography variant='body1'>{location.protocol == 'https' ? \"Getting the location data&hellip;\" : \"GPS tracking can only be used on  secured connections\"} </Typography> }",
    "is_multiple_choice": false,
    "primary_language": "en",
    "address": null,
    "external": false,
    "frontend": 1,
    "namespace": "Widget",
    "value_parameter": "event.target.value",
    "parameters": [
      "event"
    ],
    "save_null": true,
    "keywords": [],
    "related_widgets": []
  }
},
{
  "model": "widgets.widget",
  "pk": 168,
  "fields": {
    "code": "<WebIntWidget defaultValue={defaultValue} onChange={handleChange} onBlur={handleBlur} onFocus={handleFocus} />",
    "is_multiple_choice": false,
    "primary_language": "en",
    "address": null,
    "external": false,
    "frontend": 1,
    "namespace": "Widget",
    "value_parameter": "event.target.value",
    "parameters": [
      "event"
    ],
    "save_null": true,
    "keywords": [],
    "related_widgets": []
  }
},
{
  "model": "widgets.widget",
  "pk": 170,
  "fields": {
    "code": "{useLocation ? (() => {const RenderGeolocation = geolocated({watchPosition: true})(BaseGeolocation); return <RenderGeolocation /> })(): <span className=\"geolocation-helper-text\">Please click the button below to allow tracking</span>}\n<br/><br/>\n<Button className=\"geolocation-tracking-toggle\" variant=\"contained\" color=\"primary\" onClick={handleButtonClick}>{useLocation ? \"Stop Tracking\" : \"Allow Tracking\"}</Button>",
    "is_multiple_choice": false,
    "primary_language": "en",
    "address": null,
    "external": false,
    "frontend": 1,
    "namespace": "Widget",
    "value_parameter": "event.target.value",
    "parameters": [
      "event"
    ],
    "save_null": true,
    "keywords": [],
    "related_widgets": []
  }
},
{
  "model": "widgets.widget",
  "pk": 171,
  "fields": {
    "code": "<Dialog open={close ? false : open}>\n{children||null}\n{\n    (() => {\n        if (closeWidget){\n            const CloseWidget = closeWidget;\n            return <CloseWidget\n                        closeDialog={() => {setClose(true)}}\n                    />\n        }\n        else {\n            return <DialogCloser closeDialog={() => {setClose(true)}}\n            />\n        }\n    })()\n}\n<br/>\n</Dialog>",
    "is_multiple_choice": false,
    "primary_language": "en",
    "address": null,
    "external": false,
    "frontend": 1,
    "namespace": "Widget",
    "value_parameter": "event.target.value",
    "parameters": [
      "event"
    ],
    "save_null": true,
    "keywords": [],
    "related_widgets": []
  }
},
{
  "model": "widgets.widget",
  "pk": 172,
  "fields": {
    "code": "{choices ?\n<FormControl>\n  <InputLabel id={labelId}>{label}</InputLabel>\n  <Select \n    displayEmpty\n    value= {\n    stateValue == null ? \n        defaultValue != null  ?\n        defaultValue :\n        \"\":\n    stateValue} \n    disabled={disabled}\n    labelWidth={labelWidth}\n    id={id}\n    labelId={labelId}\n    onChange={handleChange}\n    onClick={handleClick}\n    name={name}\n  \n  >\n    <CustomMenuItem value=\"\">\n      <em>Click to Select</em>\n    </CustomMenuItem>\n    {choices.map((choice, index) => <CustomMenuItem className=\"dropdown-choice\" key={index} value={choice.value} id={index} > \n      {choice.caption}\n    </CustomMenuItem>)}\n  </Select>\n  <FormHelperText>{helperText}</FormHelperText>\n</FormControl>:  <div>Warning: Dropdown widget needs choices</div>}",
    "is_multiple_choice": false,
    "primary_language": "en",
    "address": null,
    "external": false,
    "frontend": 1,
    "namespace": "Widget",
    "value_parameter": "event.target.value",
    "parameters": [
      "event"
    ],
    "save_null": true,
    "keywords": [],
    "related_widgets": []
  }
},
{
  "model": "widgets.widget",
  "pk": 173,
  "fields": {
    "code": "<Button variant=\"contained\" id={props.id} color={props.color || 'primary'} disabled={props.disabled} {...props} onClick={ handleClick }>{props.children || \"Next\"}</Button>",
    "is_multiple_choice": false,
    "primary_language": "en",
    "address": null,
    "external": false,
    "frontend": 1,
    "namespace": "Widget",
    "value_parameter": "event.target.value",
    "parameters": [
      "event"
    ],
    "save_null": true,
    "keywords": [],
    "related_widgets": []
  }
},
{
  "model": "widgets.widget",
  "pk": 174,
  "fields": {
    "code": "<Input {...props} />",
    "is_multiple_choice": false,
    "primary_language": "en",
    "address": null,
    "external": false,
    "frontend": 1,
    "namespace": "Widget",
    "value_parameter": "event.target.value",
    "parameters": [
      "event"
    ],
    "save_null": true,
    "keywords": [],
    "related_widgets": []
  }
},
{
  "model": "widgets.widget",
  "pk": 175,
  "fields": {
    "code": "<Button id={id} variant=\"contained\" color={props.color || \"secondary\"} disabled={props.disabled} onClick={handleClick}>{children || \"Back\"}</Button>",
    "is_multiple_choice": false,
    "primary_language": "en",
    "address": null,
    "external": false,
    "frontend": 1,
    "namespace": "Widget",
    "value_parameter": "event.target.value",
    "parameters": [
      "event"
    ],
    "save_null": true,
    "keywords": [],
    "related_widgets": []
  }
},
{
  "model": "widgets.widget",
  "pk": 176,
  "fields": {
    "code": "{choices ? \n  <React.Fragment>\n    <Typography>{helperText}</Typography>\n    <Dropdown\n      \n      name={name}\n      id={id}\n      choices={JSON.stringify(choices)}\n      defaultValue={value}\n      disabled={disabled}\n      onChange={handleChange}\n      gqlId={gqlId}\n      />\n  </React.Fragment> :\n  <div>Warning: RadioButtons widget needs choices</div>\n}",
    "is_multiple_choice": false,
    "primary_language": "en",
    "address": null,
    "external": false,
    "frontend": 1,
    "namespace": "Widget",
    "value_parameter": "event.target.value",
    "parameters": [
      "event"
    ],
    "save_null": true,
    "keywords": [],
    "related_widgets": []
  }
},
{
  "model": "widgets.widget",
  "pk": 220,
  "fields": {
    "code": "var output = ''; for (i=0; i<choices.length; i++){output = output + choices[i]['caption'] + '\\n'}output",
    "is_multiple_choice": false,
    "primary_language": "en",
    "address": null,
    "external": false,
    "frontend": 3,
    "namespace": "Widget",
    "value_parameter": "event.target.value",
    "parameters": [
      "event"
    ],
    "save_null": true,
    "keywords": [],
    "related_widgets": []
  }
},
{
  "model": "widgets.widgetconnection",
  "pk": 1,
  "fields": {
    "created": "2020-04-23T18:00:48.250Z",
    "modified": "2020-04-23T18:00:48.250Z",
    "name": "QrReader",
    "comment": null,
    "originator": 66,
    "target": 28
  }
},
{
  "model": "widgets.widgetconnection",
  "pk": 9,
  "fields": {
    "created": "2020-04-23T18:00:49.977Z",
    "modified": "2020-04-23T18:00:49.977Z",
    "name": "Button",
    "comment": null,
    "originator": 137,
    "target": 109
  }
},
{
  "model": "widgets.widgetconnection",
  "pk": 10,
  "fields": {
    "created": "2020-04-23T18:00:50.049Z",
    "modified": "2020-04-23T18:00:50.049Z",
    "name": "Radio",
    "comment": null,
    "originator": 139,
    "target": 103
  }
},
{
  "model": "widgets.widgetconnection",
  "pk": 11,
  "fields": {
    "created": "2020-04-23T18:00:50.056Z",
    "modified": "2020-04-23T18:00:50.056Z",
    "name": "FormControlLabel",
    "comment": null,
    "originator": 139,
    "target": 63
  }
},
{
  "model": "widgets.widgetconnection",
  "pk": 12,
  "fields": {
    "created": "2020-04-23T18:00:50.062Z",
    "modified": "2020-04-23T18:00:50.062Z",
    "name": "RadioGroup",
    "comment": null,
    "originator": 139,
    "target": 27
  }
},
{
  "model": "widgets.widgetconnection",
  "pk": 13,
  "fields": {
    "created": "2020-04-23T18:00:50.068Z",
    "modified": "2020-04-23T18:00:50.068Z",
    "name": "FormControl",
    "comment": null,
    "originator": 139,
    "target": 90
  }
},
{
  "model": "widgets.widgetconnection",
  "pk": 15,
  "fields": {
    "created": "2020-04-23T18:00:50.570Z",
    "modified": "2020-04-23T18:00:50.570Z",
    "name": "Box",
    "comment": null,
    "originator": 153,
    "target": 49
  }
},
{
  "model": "widgets.widgetconnection",
  "pk": 16,
  "fields": {
    "created": "2020-04-23T18:00:50.577Z",
    "modified": "2020-04-23T18:00:50.577Z",
    "name": "TextField",
    "comment": null,
    "originator": 153,
    "target": 26
  }
},
{
  "model": "widgets.widgetconnection",
  "pk": 17,
  "fields": {
    "created": "2020-04-23T18:00:50.656Z",
    "modified": "2020-04-23T18:00:50.656Z",
    "name": "QR",
    "comment": null,
    "originator": 155,
    "target": 66
  }
},
{
  "model": "widgets.widgetconnection",
  "pk": 18,
  "fields": {
    "created": "2020-04-23T18:00:50.663Z",
    "modified": "2020-04-23T18:00:50.663Z",
    "name": "Box",
    "comment": null,
    "originator": 155,
    "target": 49
  }
},
{
  "model": "widgets.widgetconnection",
  "pk": 19,
  "fields": {
    "created": "2020-04-23T18:00:50.669Z",
    "modified": "2020-04-23T18:00:50.669Z",
    "name": "Container",
    "comment": null,
    "originator": 155,
    "target": 91
  }
},
{
  "model": "widgets.widgetconnection",
  "pk": 20,
  "fields": {
    "created": "2020-04-23T18:00:50.675Z",
    "modified": "2020-04-23T18:00:50.675Z",
    "name": "Typography",
    "comment": null,
    "originator": 155,
    "target": 62
  }
},
{
  "model": "widgets.widgetconnection",
  "pk": 21,
  "fields": {
    "created": "2020-04-23T18:00:50.753Z",
    "modified": "2020-04-23T18:00:50.753Z",
    "name": "Button",
    "comment": null,
    "originator": 157,
    "target": 109
  }
},
{
  "model": "widgets.widgetconnection",
  "pk": 22,
  "fields": {
    "created": "2020-04-23T18:00:50.831Z",
    "modified": "2020-04-23T18:00:50.831Z",
    "name": "Slider",
    "comment": null,
    "originator": 159,
    "target": 129
  }
},
{
  "model": "widgets.widgetconnection",
  "pk": 23,
  "fields": {
    "created": "2020-04-23T18:00:50.873Z",
    "modified": "2020-04-23T18:00:50.873Z",
    "name": "Button",
    "comment": null,
    "originator": 160,
    "target": 109
  }
},
{
  "model": "widgets.widgetconnection",
  "pk": 24,
  "fields": {
    "created": "2020-04-23T18:00:50.936Z",
    "modified": "2020-04-23T18:00:50.936Z",
    "name": "Typography",
    "comment": null,
    "originator": 161,
    "target": 62
  }
},
{
  "model": "widgets.widgetconnection",
  "pk": 25,
  "fields": {
    "created": "2020-04-23T18:00:50.943Z",
    "modified": "2020-04-23T18:00:50.943Z",
    "name": "RadioButtons",
    "comment": null,
    "originator": 161,
    "target": 139
  }
},
{
  "model": "widgets.widgetconnection",
  "pk": 26,
  "fields": {
    "created": "2020-04-23T18:00:51.017Z",
    "modified": "2020-04-23T18:00:51.017Z",
    "name": "TextField",
    "comment": null,
    "originator": 162,
    "target": 26
  }
},
{
  "model": "widgets.widgetconnection",
  "pk": 27,
  "fields": {
    "created": "2020-04-23T18:00:51.023Z",
    "modified": "2020-04-23T18:00:51.023Z",
    "name": "FormControl",
    "comment": null,
    "originator": 162,
    "target": 90
  }
},
{
  "model": "widgets.widgetconnection",
  "pk": 28,
  "fields": {
    "created": "2020-04-23T18:00:51.030Z",
    "modified": "2020-04-23T18:00:51.030Z",
    "name": "FormControlLabel",
    "comment": null,
    "originator": 162,
    "target": 63
  }
},
{
  "model": "widgets.widgetconnection",
  "pk": 29,
  "fields": {
    "created": "2020-04-23T18:00:51.106Z",
    "modified": "2020-04-23T18:00:51.106Z",
    "name": "MenuItem",
    "comment": null,
    "originator": 163,
    "target": 107
  }
},
{
  "model": "widgets.widgetconnection",
  "pk": 30,
  "fields": {
    "created": "2020-04-23T18:00:51.136Z",
    "modified": "2020-04-23T18:00:51.136Z",
    "name": "FormHorizontalRadioButtons",
    "comment": null,
    "originator": 164,
    "target": 161
  }
},
{
  "model": "widgets.widgetconnection",
  "pk": 31,
  "fields": {
    "created": "2020-04-23T18:00:51.143Z",
    "modified": "2020-04-23T18:00:51.143Z",
    "name": "Grid",
    "comment": null,
    "originator": 164,
    "target": 35
  }
},
{
  "model": "widgets.widgetconnection",
  "pk": 32,
  "fields": {
    "created": "2020-04-23T18:00:51.214Z",
    "modified": "2020-04-23T18:00:51.214Z",
    "name": "Input",
    "comment": null,
    "originator": 165,
    "target": 140
  }
},
{
  "model": "widgets.widgetconnection",
  "pk": 33,
  "fields": {
    "created": "2020-04-23T18:00:51.268Z",
    "modified": "2020-04-23T18:00:51.268Z",
    "name": "Divider",
    "comment": null,
    "originator": 166,
    "target": 106
  }
},
{
  "model": "widgets.widgetconnection",
  "pk": 34,
  "fields": {
    "created": "2020-04-23T18:00:51.276Z",
    "modified": "2020-04-23T18:00:51.276Z",
    "name": "Button",
    "comment": null,
    "originator": 166,
    "target": 109
  }
},
{
  "model": "widgets.widgetconnection",
  "pk": 35,
  "fields": {
    "created": "2020-04-23T18:00:51.307Z",
    "modified": "2020-04-23T18:00:51.307Z",
    "name": "Typography",
    "comment": null,
    "originator": 167,
    "target": 62
  }
},
{
  "model": "widgets.widgetconnection",
  "pk": 36,
  "fields": {
    "created": "2020-04-23T18:00:51.313Z",
    "modified": "2020-04-23T18:00:51.313Z",
    "name": "TableBody",
    "comment": null,
    "originator": 167,
    "target": 41
  }
},
{
  "model": "widgets.widgetconnection",
  "pk": 37,
  "fields": {
    "created": "2020-04-23T18:00:51.320Z",
    "modified": "2020-04-23T18:00:51.320Z",
    "name": "TableRow",
    "comment": null,
    "originator": 167,
    "target": 98
  }
},
{
  "model": "widgets.widgetconnection",
  "pk": 38,
  "fields": {
    "created": "2020-04-23T18:00:51.326Z",
    "modified": "2020-04-23T18:00:51.326Z",
    "name": "TableHead",
    "comment": null,
    "originator": 167,
    "target": 59
  }
},
{
  "model": "widgets.widgetconnection",
  "pk": 39,
  "fields": {
    "created": "2020-04-23T18:00:51.333Z",
    "modified": "2020-04-23T18:00:51.333Z",
    "name": "TableCell",
    "comment": null,
    "originator": 167,
    "target": 142
  }
},
{
  "model": "widgets.widgetconnection",
  "pk": 40,
  "fields": {
    "created": "2020-04-23T18:00:51.339Z",
    "modified": "2020-04-23T18:00:51.339Z",
    "name": "Table",
    "comment": null,
    "originator": 167,
    "target": 25
  }
},
{
  "model": "widgets.widgetconnection",
  "pk": 41,
  "fields": {
    "created": "2020-04-23T18:00:51.379Z",
    "modified": "2020-04-23T18:00:51.379Z",
    "name": "WebIntWidget",
    "comment": null,
    "originator": 168,
    "target": 162
  }
},
{
  "model": "widgets.widgetconnection",
  "pk": 43,
  "fields": {
    "created": "2020-04-23T18:00:51.483Z",
    "modified": "2020-04-23T18:00:51.483Z",
    "name": "Button",
    "comment": null,
    "originator": 170,
    "target": 109
  }
},
{
  "model": "widgets.widgetconnection",
  "pk": 44,
  "fields": {
    "created": "2020-04-23T18:00:51.490Z",
    "modified": "2020-04-23T18:00:51.490Z",
    "name": "BaseGeolocation",
    "comment": null,
    "originator": 170,
    "target": 167
  }
},
{
  "model": "widgets.widgetconnection",
  "pk": 45,
  "fields": {
    "created": "2020-04-23T18:00:51.536Z",
    "modified": "2020-04-23T18:00:51.536Z",
    "name": "DialogCloser",
    "comment": null,
    "originator": 171,
    "target": 157
  }
},
{
  "model": "widgets.widgetconnection",
  "pk": 46,
  "fields": {
    "created": "2020-04-23T18:00:51.543Z",
    "modified": "2020-04-23T18:00:51.543Z",
    "name": "Button",
    "comment": null,
    "originator": 171,
    "target": 109
  }
},
{
  "model": "widgets.widgetconnection",
  "pk": 47,
  "fields": {
    "created": "2020-04-23T18:00:51.550Z",
    "modified": "2020-04-23T18:00:51.550Z",
    "name": "Dialog",
    "comment": null,
    "originator": 171,
    "target": 88
  }
},
{
  "model": "widgets.widgetconnection",
  "pk": 48,
  "fields": {
    "created": "2020-04-23T18:00:51.596Z",
    "modified": "2020-04-23T18:00:51.596Z",
    "name": "InputLabel",
    "comment": null,
    "originator": 172,
    "target": 40
  }
},
{
  "model": "widgets.widgetconnection",
  "pk": 49,
  "fields": {
    "created": "2020-04-23T18:00:51.603Z",
    "modified": "2020-04-23T18:00:51.603Z",
    "name": "CustomMenuItem",
    "comment": null,
    "originator": 172,
    "target": 163
  }
},
{
  "model": "widgets.widgetconnection",
  "pk": 50,
  "fields": {
    "created": "2020-04-23T18:00:51.610Z",
    "modified": "2020-04-23T18:00:51.610Z",
    "name": "FormHelperText",
    "comment": null,
    "originator": 172,
    "target": 149
  }
},
{
  "model": "widgets.widgetconnection",
  "pk": 51,
  "fields": {
    "created": "2020-04-23T18:00:51.617Z",
    "modified": "2020-04-23T18:00:51.617Z",
    "name": "Select",
    "comment": null,
    "originator": 172,
    "target": 64
  }
},
{
  "model": "widgets.widgetconnection",
  "pk": 52,
  "fields": {
    "created": "2020-04-23T18:00:51.623Z",
    "modified": "2020-04-23T18:00:51.623Z",
    "name": "FormControl",
    "comment": null,
    "originator": 172,
    "target": 90
  }
},
{
  "model": "widgets.widgetconnection",
  "pk": 53,
  "fields": {
    "created": "2020-04-23T18:00:51.718Z",
    "modified": "2020-04-23T18:00:51.718Z",
    "name": "Button",
    "comment": null,
    "originator": 173,
    "target": 160
  }
},
{
  "model": "widgets.widgetconnection",
  "pk": 54,
  "fields": {
    "created": "2020-04-23T18:00:51.761Z",
    "modified": "2020-04-23T18:00:51.761Z",
    "name": "Input",
    "comment": null,
    "originator": 174,
    "target": 165
  }
},
{
  "model": "widgets.widgetconnection",
  "pk": 55,
  "fields": {
    "created": "2020-04-23T18:00:51.810Z",
    "modified": "2020-04-23T18:00:51.810Z",
    "name": "Button",
    "comment": null,
    "originator": 175,
    "target": 160
  }
},
{
  "model": "widgets.widgetconnection",
  "pk": 56,
  "fields": {
    "created": "2020-04-23T18:00:51.858Z",
    "modified": "2020-04-23T18:00:51.858Z",
    "name": "Typography",
    "comment": null,
    "originator": 176,
    "target": 62
  }
},
{
  "model": "widgets.widgetconnection",
  "pk": 57,
  "fields": {
    "created": "2020-04-23T18:00:51.865Z",
    "modified": "2020-04-23T18:00:51.865Z",
    "name": "Dropdown",
    "comment": null,
    "originator": 176,
    "target": 172
  }
}
]
