[
{
  "model": "actions.action",
  "pk": 10,
  "fields": {
    "created": "2020-04-23T16:56:27.271Z",
    "modified": "2020-04-23T16:56:27.271Z",
    "name": "test-sms-render-bossman-act",
    "comment": "Action used to answer the sms based cries of the broken",
    "module_definition": 213
  }
},
{
  "model": "actions.action",
  "pk": 11,
  "fields": {
    "created": "2020-04-23T16:56:27.277Z",
    "modified": "2020-04-23T16:56:27.277Z",
    "name": "test-sms-render-vd-act",
    "comment": "Action used to go save user input to variable definition value",
    "module_definition": 213
  }
},
{
  "model": "actions.action",
  "pk": 12,
  "fields": {
    "created": "2020-04-23T16:56:27.285Z",
    "modified": "2020-04-23T16:56:27.285Z",
    "name": "test-sms-render-stage-act",
    "comment": "Action used to go to next stage in test-render-sms",
    "module_definition": 213
  }
},
{
  "model": "actions.actionstep",
  "pk": 1,
  "fields": {
    "created": "2020-04-23T16:56:27.437Z",
    "modified": "2020-04-23T16:56:27.562Z",
    "action": 11,
    "order": 1,
    "condition": 7,
    "invert_condition": false,
    "for_each": "current_hand_only",
    "action_type": "set_variable",
    "variable_definition": 2,
    "value": "'You answered ' + rendersmsinputtwo + '. However, the correct answer is that pineapples absolutely belong on pizza.'",
    "code": null,
    "era": null,
    "log_message": null,
    "subaction": null,
    "to_save": []
  }
},
{
  "model": "base.eryfile",
  "pk": 1,
  "fields": {
    "created": "2020-04-23T16:54:03.828Z",
    "modified": "2020-04-23T16:54:03.838Z",
    "slug": "template0-hrIpecpF",
    "comment": "Default root for rendering command's output",
    "state": "prealpha",
    "name": "default-web-command-template",
    "published": true,
    "keywords": []
  }
},
{
  "model": "base.eryfile",
  "pk": 2,
  "fields": {
    "created": "2020-04-23T16:54:03.876Z",
    "modified": "2020-04-23T16:54:03.882Z",
    "slug": "template0-hrIpecpE",
    "comment": "Default root for rendering command's output",
    "state": "prealpha",
    "name": "default-email-command-template",
    "published": true,
    "keywords": []
  }
},
{
  "model": "base.eryfile",
  "pk": 3,
  "fields": {
    "created": "2020-04-23T16:54:03.905Z",
    "modified": "2020-04-23T16:54:03.911Z",
    "slug": "Root-egEAZdKg",
    "comment": "Default email template for stages.",
    "state": "prealpha",
    "name": "Root",
    "published": true,
    "keywords": []
  }
},
{
  "model": "base.eryfile",
  "pk": 5,
  "fields": {
    "created": "2020-04-23T16:54:03.953Z",
    "modified": "2020-04-23T16:54:03.959Z",
    "slug": "template0-hrIpecpX",
    "comment": "Default root for rendering command's output",
    "state": "prealpha",
    "name": "default-sms-command-template",
    "published": true,
    "keywords": []
  }
},
{
  "model": "base.eryfile",
  "pk": 6,
  "fields": {
    "created": "2020-04-23T16:54:03.983Z",
    "modified": "2020-04-23T16:54:03.989Z",
    "slug": "Root-egEABsKg",
    "comment": "Default web template for stages.",
    "state": "prealpha",
    "name": "Root",
    "published": true,
    "keywords": []
  }
},
{
  "model": "base.eryfile",
  "pk": 7,
  "fields": {
    "created": "2020-04-23T16:54:04.012Z",
    "modified": "2020-04-23T16:54:04.019Z",
    "slug": "Root-ezEAGdkx",
    "comment": "Default sms template for stages.",
    "state": "prealpha",
    "name": "Root",
    "published": true,
    "keywords": []
  }
},
{
  "model": "base.eryfile",
  "pk": 8,
  "fields": {
    "created": "2020-04-23T16:54:04.043Z",
    "modified": "2020-04-23T16:54:04.047Z",
    "slug": "DefaultTheme-GGGlqICG",
    "comment": null,
    "state": "prealpha",
    "name": "Default Theme",
    "published": true,
    "keywords": []
  }
},
{
  "model": "base.eryfile",
  "pk": 9,
  "fields": {
    "created": "2020-04-23T16:54:04.067Z",
    "modified": "2020-04-23T16:54:04.078Z",
    "slug": "Grow-DcxmVTfL",
    "comment": "Wrapper for Material Design Component",
    "state": "prealpha",
    "name": "Grow",
    "published": true,
    "keywords": []
  }
},
{
  "model": "base.eryfile",
  "pk": 10,
  "fields": {
    "created": "2020-04-23T16:54:04.093Z",
    "modified": "2020-04-23T16:54:04.102Z",
    "slug": "ListItemText-AdnWajKM",
    "comment": "Wrapper for Material Design Component",
    "state": "prealpha",
    "name": "ListItemText",
    "published": true,
    "keywords": []
  }
},
{
  "model": "base.eryfile",
  "pk": 11,
  "fields": {
    "created": "2020-04-23T16:54:04.116Z",
    "modified": "2020-04-23T16:54:04.125Z",
    "slug": "ListSubheader-oPcbZAGl",
    "comment": "Wrapper for Material Design Component",
    "state": "prealpha",
    "name": "ListSubheader",
    "published": true,
    "keywords": []
  }
},
{
  "model": "base.eryfile",
  "pk": 12,
  "fields": {
    "created": "2020-04-23T16:54:04.140Z",
    "modified": "2020-04-23T16:54:04.148Z",
    "slug": "ExpansionPanel-hOCfCpdb",
    "comment": "Wrapper for Material Design Component",
    "state": "prealpha",
    "name": "ExpansionPanel",
    "published": true,
    "keywords": []
  }
},
{
  "model": "base.eryfile",
  "pk": 13,
  "fields": {
    "created": "2020-04-23T16:54:04.162Z",
    "modified": "2020-04-23T16:54:04.171Z",
    "slug": "Tooltip-nonFsjnl",
    "comment": "Wrapper for Material Design Component",
    "state": "prealpha",
    "name": "Tooltip",
    "published": true,
    "keywords": []
  }
},
{
  "model": "base.eryfile",
  "pk": 16,
  "fields": {
    "created": "2020-04-23T16:54:04.239Z",
    "modified": "2020-04-23T16:54:04.248Z",
    "slug": "Chip-qLyMsUOI",
    "comment": "Wrapper for Material Design Component",
    "state": "prealpha",
    "name": "Chip",
    "published": true,
    "keywords": []
  }
},
{
  "model": "base.eryfile",
  "pk": 17,
  "fields": {
    "created": "2020-04-23T16:54:04.262Z",
    "modified": "2020-04-23T16:54:04.271Z",
    "slug": "Icon-LZXnJaRj",
    "comment": "Wrapper for Material Design Component",
    "state": "prealpha",
    "name": "Icon",
    "published": true,
    "keywords": []
  }
},
{
  "model": "base.eryfile",
  "pk": 18,
  "fields": {
    "created": "2020-04-23T16:54:04.285Z",
    "modified": "2020-04-23T16:54:04.293Z",
    "slug": "ClickAwayListener-LcSTpUDx",
    "comment": "Wrapper for Material Design Component",
    "state": "prealpha",
    "name": "ClickAwayListener",
    "published": true,
    "keywords": []
  }
},
{
  "model": "base.eryfile",
  "pk": 19,
  "fields": {
    "created": "2020-04-23T16:54:04.308Z",
    "modified": "2020-04-23T16:54:04.319Z",
    "slug": "DialogContent-qkjEChGn",
    "comment": "Wrapper for Material Design Component",
    "state": "prealpha",
    "name": "DialogContent",
    "published": true,
    "keywords": []
  }
},
{
  "model": "base.eryfile",
  "pk": 21,
  "fields": {
    "created": "2020-04-23T16:54:04.360Z",
    "modified": "2020-04-23T16:54:04.369Z",
    "slug": "CardContent-ElLzvPww",
    "comment": "Wrapper for Material Design Component",
    "state": "prealpha",
    "name": "CardContent",
    "published": true,
    "keywords": []
  }
},
{
  "model": "base.eryfile",
  "pk": 22,
  "fields": {
    "created": "2020-04-23T16:54:04.383Z",
    "modified": "2020-04-23T16:54:04.392Z",
    "slug": "Link-pdNuxcqb",
    "comment": "Wrapper for Material Design Component",
    "state": "prealpha",
    "name": "Link",
    "published": true,
    "keywords": []
  }
},
{
  "model": "base.eryfile",
  "pk": 23,
  "fields": {
    "created": "2020-04-23T16:54:04.406Z",
    "modified": "2020-04-23T16:54:04.415Z",
    "slug": "Fab-HIOjvACw",
    "comment": "Wrapper for Material Design Component",
    "state": "prealpha",
    "name": "Fab",
    "published": true,
    "keywords": []
  }
},
{
  "model": "base.eryfile",
  "pk": 24,
  "fields": {
    "created": "2020-04-23T16:54:04.429Z",
    "modified": "2020-04-23T16:54:04.438Z",
    "slug": "Step-mcLVFxju",
    "comment": "Wrapper for Material Design Component",
    "state": "prealpha",
    "name": "Step",
    "published": true,
    "keywords": []
  }
},
{
  "model": "base.eryfile",
  "pk": 25,
  "fields": {
    "created": "2020-04-23T16:54:04.452Z",
    "modified": "2020-04-23T16:54:04.460Z",
    "slug": "Table-PhfDJSvJ",
    "comment": "Wrapper for Material Design Component",
    "state": "prealpha",
    "name": "Table",
    "published": true,
    "keywords": []
  }
},
{
  "model": "base.eryfile",
  "pk": 26,
  "fields": {
    "created": "2020-04-23T16:54:04.475Z",
    "modified": "2020-04-23T16:54:04.484Z",
    "slug": "TextField-mKSlkfLR",
    "comment": "Wrapper for Material Design Component",
    "state": "prealpha",
    "name": "TextField",
    "published": true,
    "keywords": []
  }
},
{
  "model": "base.eryfile",
  "pk": 27,
  "fields": {
    "created": "2020-04-23T16:54:04.522Z",
    "modified": "2020-04-23T16:54:04.530Z",
    "slug": "RadioGroup-LbVMARYb",
    "comment": "Wrapper for Material Design Component",
    "state": "prealpha",
    "name": "RadioGroup",
    "published": true,
    "keywords": []
  }
},
{
  "model": "base.eryfile",
  "pk": 28,
  "fields": {
    "created": "2020-04-23T16:54:04.545Z",
    "modified": "2020-04-23T16:54:04.554Z",
    "slug": "QrReader-yqrIwFhz",
    "comment": null,
    "state": "prealpha",
    "name": "QrReader",
    "published": true,
    "keywords": []
  }
},
{
  "model": "base.eryfile",
  "pk": 29,
  "fields": {
    "created": "2020-04-23T16:54:04.568Z",
    "modified": "2020-04-23T16:54:04.576Z",
    "slug": "GridListTile-XCzjwKWB",
    "comment": "Wrapper for Material Design Component",
    "state": "prealpha",
    "name": "GridListTile",
    "published": true,
    "keywords": []
  }
},
{
  "model": "base.eryfile",
  "pk": 30,
  "fields": {
    "created": "2020-04-23T16:54:04.591Z",
    "modified": "2020-04-23T16:54:04.599Z",
    "slug": "Backdrop-sOOvSzQi",
    "comment": "Wrapper for Material Design Component",
    "state": "prealpha",
    "name": "Backdrop",
    "published": true,
    "keywords": []
  }
},
{
  "model": "base.eryfile",
  "pk": 31,
  "fields": {
    "created": "2020-04-23T16:54:04.613Z",
    "modified": "2020-04-23T16:54:04.622Z",
    "slug": "Badge-IlsCrLqZ",
    "comment": "Wrapper for Material Design Component",
    "state": "prealpha",
    "name": "Badge",
    "published": true,
    "keywords": []
  }
},
{
  "model": "base.eryfile",
  "pk": 32,
  "fields": {
    "created": "2020-04-23T16:54:04.638Z",
    "modified": "2020-04-23T16:54:04.646Z",
    "slug": "smsnumberwidget-ujIkXxBK",
    "comment": "Default widget for SMS Input which require int/float responses",
    "state": "prealpha",
    "name": "SMSNumberWidget",
    "published": false,
    "keywords": []
  }
},
{
  "model": "base.eryfile",
  "pk": 33,
  "fields": {
    "created": "2020-04-23T16:54:04.660Z",
    "modified": "2020-04-23T16:54:04.670Z",
    "slug": "StepIcon-nKErJcpe",
    "comment": "Wrapper for Material Design Component",
    "state": "prealpha",
    "name": "StepIcon",
    "published": true,
    "keywords": []
  }
},
{
  "model": "base.eryfile",
  "pk": 35,
  "fields": {
    "created": "2020-04-23T16:54:04.710Z",
    "modified": "2020-04-23T16:54:04.719Z",
    "slug": "Grid-boiBQcEE",
    "comment": "Wrapper for Material Design Component",
    "state": "prealpha",
    "name": "Grid",
    "published": true,
    "keywords": []
  }
},
{
  "model": "base.eryfile",
  "pk": 36,
  "fields": {
    "created": "2020-04-23T16:54:04.734Z",
    "modified": "2020-04-23T16:54:04.742Z",
    "slug": "Zoom-VmdsBHOS",
    "comment": "Wrapper for Material Design Component",
    "state": "prealpha",
    "name": "Zoom",
    "published": true,
    "keywords": []
  }
},
{
  "model": "base.eryfile",
  "pk": 37,
  "fields": {
    "created": "2020-04-23T16:54:04.756Z",
    "modified": "2020-04-23T16:54:04.765Z",
    "slug": "AppBar-YVrvDHnJ",
    "comment": "Wrapper for Material Design Component",
    "state": "prealpha",
    "name": "AppBar",
    "published": true,
    "keywords": []
  }
},
{
  "model": "base.eryfile",
  "pk": 38,
  "fields": {
    "created": "2020-04-23T16:54:04.780Z",
    "modified": "2020-04-23T16:54:04.789Z",
    "slug": "CardActions-mwbdinWu",
    "comment": "Wrapper for Material Design Component",
    "state": "prealpha",
    "name": "CardActions",
    "published": true,
    "keywords": []
  }
},
{
  "model": "base.eryfile",
  "pk": 40,
  "fields": {
    "created": "2020-04-23T16:54:04.831Z",
    "modified": "2020-04-23T16:54:04.840Z",
    "slug": "InputLabel-OCnQAsBk",
    "comment": "Wrapper for Material Design Component",
    "state": "prealpha",
    "name": "InputLabel",
    "published": true,
    "keywords": []
  }
},
{
  "model": "base.eryfile",
  "pk": 41,
  "fields": {
    "created": "2020-04-23T16:54:04.854Z",
    "modified": "2020-04-23T16:54:04.863Z",
    "slug": "TableBody-CuaPwPtW",
    "comment": "Wrapper for Material Design Component",
    "state": "prealpha",
    "name": "TableBody",
    "published": true,
    "keywords": []
  }
},
{
  "model": "base.eryfile",
  "pk": 45,
  "fields": {
    "created": "2020-04-23T16:54:04.955Z",
    "modified": "2020-04-23T16:54:04.964Z",
    "slug": "CardHeader-gqUEjNvA",
    "comment": "Wrapper for Material Design Component",
    "state": "prealpha",
    "name": "CardHeader",
    "published": true,
    "keywords": []
  }
},
{
  "model": "base.eryfile",
  "pk": 46,
  "fields": {
    "created": "2020-04-23T16:54:04.978Z",
    "modified": "2020-04-23T16:54:04.989Z",
    "slug": "TableFooter-eCKsTNmz",
    "comment": "Wrapper for Material Design Component",
    "state": "prealpha",
    "name": "TableFooter",
    "published": true,
    "keywords": []
  }
},
{
  "model": "base.eryfile",
  "pk": 47,
  "fields": {
    "created": "2020-04-23T16:54:05.004Z",
    "modified": "2020-04-23T16:54:05.013Z",
    "slug": "StepButton-jYYJMbsw",
    "comment": "Wrapper for Material Design Component",
    "state": "prealpha",
    "name": "StepButton",
    "published": true,
    "keywords": []
  }
},
{
  "model": "base.eryfile",
  "pk": 48,
  "fields": {
    "created": "2020-04-23T16:54:05.028Z",
    "modified": "2020-04-23T16:54:05.038Z",
    "slug": "SwipeableDrawer-PScUyGDx",
    "comment": "Wrapper for Material Design Component",
    "state": "prealpha",
    "name": "SwipeableDrawer",
    "published": true,
    "keywords": []
  }
},
{
  "model": "base.eryfile",
  "pk": 49,
  "fields": {
    "created": "2020-04-23T16:54:05.054Z",
    "modified": "2020-04-23T16:54:05.063Z",
    "slug": "Box-ewCfjnQt",
    "comment": "Wrapper for Material Design Component",
    "state": "prealpha",
    "name": "Box",
    "published": true,
    "keywords": []
  }
},
{
  "model": "base.eryfile",
  "pk": 51,
  "fields": {
    "created": "2020-04-23T16:54:05.104Z",
    "modified": "2020-04-23T16:54:05.113Z",
    "slug": "StepContent-VgEvFnqt",
    "comment": "Wrapper for Material Design Component",
    "state": "prealpha",
    "name": "StepContent",
    "published": true,
    "keywords": []
  }
},
{
  "model": "base.eryfile",
  "pk": 52,
  "fields": {
    "created": "2020-04-23T16:54:05.127Z",
    "modified": "2020-04-23T16:54:05.137Z",
    "slug": "Menu-LuVqQbNz",
    "comment": "Wrapper for Material Design Component",
    "state": "prealpha",
    "name": "Menu",
    "published": true,
    "keywords": []
  }
},
{
  "model": "base.eryfile",
  "pk": 54,
  "fields": {
    "created": "2020-04-23T16:54:05.178Z",
    "modified": "2020-04-23T16:54:05.187Z",
    "slug": "Paper-TThdEqct",
    "comment": "Wrapper for Material Design Component",
    "state": "prealpha",
    "name": "Paper",
    "published": true,
    "keywords": []
  }
},
{
  "model": "base.eryfile",
  "pk": 55,
  "fields": {
    "created": "2020-04-23T16:54:05.202Z",
    "modified": "2020-04-23T16:54:05.211Z",
    "slug": "DialogActions-TBvzferC",
    "comment": "Wrapper for Material Design Component",
    "state": "prealpha",
    "name": "DialogActions",
    "published": true,
    "keywords": []
  }
},
{
  "model": "base.eryfile",
  "pk": 56,
  "fields": {
    "created": "2020-04-23T16:54:05.226Z",
    "modified": "2020-04-23T16:54:05.236Z",
    "slug": "GridListTileBar-sIyjRzTB",
    "comment": "Wrapper for Material Design Component",
    "state": "prealpha",
    "name": "GridListTileBar",
    "published": true,
    "keywords": []
  }
},
{
  "model": "base.eryfile",
  "pk": 57,
  "fields": {
    "created": "2020-04-23T16:54:05.250Z",
    "modified": "2020-04-23T16:54:05.259Z",
    "slug": "MuiThemeProvider-OJqtnHjU",
    "comment": "Wrapper for Material Design Component",
    "state": "prealpha",
    "name": "MuiThemeProvider",
    "published": true,
    "keywords": []
  }
},
{
  "model": "base.eryfile",
  "pk": 58,
  "fields": {
    "created": "2020-04-23T16:54:05.273Z",
    "modified": "2020-04-23T16:54:05.282Z",
    "slug": "smsmultiplechoicecaptionvaluewidget-ujIkXxBK",
    "comment": "Displays value: caption pairs for SMS Inputs with multiple choice options",
    "state": "prealpha",
    "name": "SMSMultipleChoiceCaptionValueWidget",
    "published": false,
    "keywords": []
  }
},
{
  "model": "base.eryfile",
  "pk": 59,
  "fields": {
    "created": "2020-04-23T16:54:05.297Z",
    "modified": "2020-04-23T16:54:05.306Z",
    "slug": "TableHead-umcWgRvP",
    "comment": "Wrapper for Material Design Component",
    "state": "prealpha",
    "name": "TableHead",
    "published": true,
    "keywords": []
  }
},
{
  "model": "base.eryfile",
  "pk": 60,
  "fields": {
    "created": "2020-04-23T16:54:05.323Z",
    "modified": "2020-04-23T16:54:05.332Z",
    "slug": "Switch-QCCHPBVZ",
    "comment": "Wrapper for Material Design Component",
    "state": "prealpha",
    "name": "Switch",
    "published": true,
    "keywords": []
  }
},
{
  "model": "base.eryfile",
  "pk": 61,
  "fields": {
    "created": "2020-04-23T16:54:05.348Z",
    "modified": "2020-04-23T16:54:05.357Z",
    "slug": "ListItem-ONLpXGFe",
    "comment": "Wrapper for Material Design Component",
    "state": "prealpha",
    "name": "ListItem",
    "published": true,
    "keywords": []
  }
},
{
  "model": "base.eryfile",
  "pk": 62,
  "fields": {
    "created": "2020-04-23T16:54:05.372Z",
    "modified": "2020-04-23T16:54:05.381Z",
    "slug": "Typography-GoPCrlLg",
    "comment": "Wrapper for Material Design Component",
    "state": "prealpha",
    "name": "Typography",
    "published": true,
    "keywords": []
  }
},
{
  "model": "base.eryfile",
  "pk": 63,
  "fields": {
    "created": "2020-04-23T16:54:05.395Z",
    "modified": "2020-04-23T16:54:05.404Z",
    "slug": "FormControlLabel-yquWKGZO",
    "comment": "Wrapper for Material Design Component",
    "state": "prealpha",
    "name": "FormControlLabel",
    "published": true,
    "keywords": []
  }
},
{
  "model": "base.eryfile",
  "pk": 64,
  "fields": {
    "created": "2020-04-23T16:54:05.419Z",
    "modified": "2020-04-23T16:54:05.427Z",
    "slug": "Select-DPFMSlRt",
    "comment": "Wrapper for Material Design Component",
    "state": "prealpha",
    "name": "Select",
    "published": true,
    "keywords": []
  }
},
{
  "model": "base.eryfile",
  "pk": 65,
  "fields": {
    "created": "2020-04-23T16:54:05.441Z",
    "modified": "2020-04-23T16:54:05.449Z",
    "slug": "Blog-aSbRtAhu",
    "comment": "Wrapper for Material Design Component",
    "state": "prealpha",
    "name": "Blog",
    "published": true,
    "keywords": []
  }
},
{
  "model": "base.eryfile",
  "pk": 66,
  "fields": {
    "created": "2020-04-23T16:54:05.464Z",
    "modified": "2020-04-23T16:54:05.473Z",
    "slug": "QR-cpwpXWXg",
    "comment": null,
    "state": "prealpha",
    "name": "QR",
    "published": false,
    "keywords": []
  }
},
{
  "model": "base.eryfile",
  "pk": 67,
  "fields": {
    "created": "2020-04-23T16:54:05.515Z",
    "modified": "2020-04-23T16:54:05.525Z",
    "slug": "InputBase-sCinGjbZ",
    "comment": "Wrapper for Material Design Component",
    "state": "prealpha",
    "name": "InputBase",
    "published": true,
    "keywords": []
  }
},
{
  "model": "base.eryfile",
  "pk": 68,
  "fields": {
    "created": "2020-04-23T16:54:05.539Z",
    "modified": "2020-04-23T16:54:05.548Z",
    "slug": "ExpansionPanelSummary-tCCISDCU",
    "comment": "Wrapper for Material Design Component",
    "state": "prealpha",
    "name": "ExpansionPanelSummary",
    "published": true,
    "keywords": []
  }
},
{
  "model": "base.eryfile",
  "pk": 69,
  "fields": {
    "created": "2020-04-23T16:54:05.562Z",
    "modified": "2020-04-23T16:54:05.571Z",
    "slug": "TableSortLabel-EkcUaVip",
    "comment": "Wrapper for Material Design Component",
    "state": "prealpha",
    "name": "TableSortLabel",
    "published": true,
    "keywords": []
  }
},
{
  "model": "base.eryfile",
  "pk": 70,
  "fields": {
    "created": "2020-04-23T16:54:05.585Z",
    "modified": "2020-04-23T16:54:05.594Z",
    "slug": "MenuList-LqDlYeTA",
    "comment": "Wrapper for Material Design Component",
    "state": "prealpha",
    "name": "MenuList",
    "published": true,
    "keywords": []
  }
},
{
  "model": "base.eryfile",
  "pk": 71,
  "fields": {
    "created": "2020-04-23T16:54:05.608Z",
    "modified": "2020-04-23T16:54:05.617Z",
    "slug": "ListItemSecondaryAction-XhRCObsx",
    "comment": "Wrapper for Material Design Component",
    "state": "prealpha",
    "name": "ListItemSecondaryAction",
    "published": true,
    "keywords": []
  }
},
{
  "model": "base.eryfile",
  "pk": 73,
  "fields": {
    "created": "2020-04-23T16:54:05.665Z",
    "modified": "2020-04-23T16:54:05.675Z",
    "slug": "BottomNavigationAction-RhyvLsFh",
    "comment": "Wrapper for Material Design Component",
    "state": "prealpha",
    "name": "BottomNavigationAction",
    "published": true,
    "keywords": []
  }
},
{
  "model": "base.eryfile",
  "pk": 74,
  "fields": {
    "created": "2020-04-23T16:54:05.689Z",
    "modified": "2020-04-23T16:54:05.698Z",
    "slug": "CssBaseline-TarJZbne",
    "comment": "Wrapper for Material Design Component",
    "state": "prealpha",
    "name": "CssBaseline",
    "published": true,
    "keywords": []
  }
},
{
  "model": "base.eryfile",
  "pk": 75,
  "fields": {
    "created": "2020-04-23T16:54:05.712Z",
    "modified": "2020-04-23T16:54:05.722Z",
    "slug": "Modal-QXgyxNZL",
    "comment": "Wrapper for Material Design Component",
    "state": "prealpha",
    "name": "Modal",
    "published": true,
    "keywords": []
  }
},
{
  "model": "base.eryfile",
  "pk": 76,
  "fields": {
    "created": "2020-04-23T16:54:05.736Z",
    "modified": "2020-04-23T16:54:05.744Z",
    "slug": "SvgIcon-vBLDaeHn",
    "comment": "Wrapper for Material Design Component",
    "state": "prealpha",
    "name": "SvgIcon",
    "published": true,
    "keywords": []
  }
},
{
  "model": "base.eryfile",
  "pk": 77,
  "fields": {
    "created": "2020-04-23T16:54:05.760Z",
    "modified": "2020-04-23T16:54:05.769Z",
    "slug": "Collapse-fdWcualE",
    "comment": "Wrapper for Material Design Component",
    "state": "prealpha",
    "name": "Collapse",
    "published": true,
    "keywords": []
  }
},
{
  "model": "base.eryfile",
  "pk": 79,
  "fields": {
    "created": "2020-04-23T16:54:05.809Z",
    "modified": "2020-04-23T16:54:05.818Z",
    "slug": "TablePagination-yVLEOTUi",
    "comment": "Wrapper for Material Design Component",
    "state": "prealpha",
    "name": "TablePagination",
    "published": true,
    "keywords": []
  }
},
{
  "model": "base.eryfile",
  "pk": 80,
  "fields": {
    "created": "2020-04-23T16:54:05.832Z",
    "modified": "2020-04-23T16:54:05.841Z",
    "slug": "webemptywidget-uJIkXXbk",
    "comment": "Equivalent to null empty Widget.",
    "state": "prealpha",
    "name": "WebEmptyWidget",
    "published": false,
    "keywords": []
  }
},
{
  "model": "base.eryfile",
  "pk": 81,
  "fields": {
    "created": "2020-04-23T16:54:05.855Z",
    "modified": "2020-04-23T16:54:05.864Z",
    "slug": "StepLabel-CCzVGwGG",
    "comment": "Wrapper for Material Design Component",
    "state": "prealpha",
    "name": "StepLabel",
    "published": true,
    "keywords": []
  }
},
{
  "model": "base.eryfile",
  "pk": 82,
  "fields": {
    "created": "2020-04-23T16:54:05.878Z",
    "modified": "2020-04-23T16:54:05.888Z",
    "slug": "ButtonBase-VMCwQMSP",
    "comment": "Wrapper for Material Design Component",
    "state": "prealpha",
    "name": "ButtonBase",
    "published": true,
    "keywords": []
  }
},
{
  "model": "base.eryfile",
  "pk": 83,
  "fields": {
    "created": "2020-04-23T16:54:05.903Z",
    "modified": "2020-04-23T16:54:05.912Z",
    "slug": "smsmultiplechoicevaluewidget-ujIkXxBK",
    "comment": "Displays values for SMS Inputs with multiple choice options",
    "state": "prealpha",
    "name": "SMSMultipleChoiceValueWidget",
    "published": false,
    "keywords": []
  }
},
{
  "model": "base.eryfile",
  "pk": 84,
  "fields": {
    "created": "2020-04-23T16:54:05.926Z",
    "modified": "2020-04-23T16:54:05.936Z",
    "slug": "IconButton-IHsfeHzn",
    "comment": "Wrapper for Material Design Component",
    "state": "prealpha",
    "name": "IconButton",
    "published": true,
    "keywords": []
  }
},
{
  "model": "base.eryfile",
  "pk": 85,
  "fields": {
    "created": "2020-04-23T16:54:05.950Z",
    "modified": "2020-04-23T16:54:05.959Z",
    "slug": "InputAdornment-JgamHseZ",
    "comment": "Wrapper for Material Design Component",
    "state": "prealpha",
    "name": "InputAdornment",
    "published": true,
    "keywords": []
  }
},
{
  "model": "base.eryfile",
  "pk": 86,
  "fields": {
    "created": "2020-04-23T16:54:05.974Z",
    "modified": "2020-04-23T16:54:05.983Z",
    "slug": "Popover-wuyrZrMA",
    "comment": "Wrapper for Material Design Component",
    "state": "prealpha",
    "name": "Popover",
    "published": true,
    "keywords": []
  }
},
{
  "model": "base.eryfile",
  "pk": 88,
  "fields": {
    "created": "2020-04-23T16:54:06.025Z",
    "modified": "2020-04-23T16:54:06.035Z",
    "slug": "Dialog-AYKChlIC",
    "comment": "Wrapper for Material Design Component",
    "state": "prealpha",
    "name": "Dialog",
    "published": true,
    "keywords": []
  }
},
{
  "model": "base.eryfile",
  "pk": 89,
  "fields": {
    "created": "2020-04-23T16:54:06.050Z",
    "modified": "2020-04-23T16:54:06.060Z",
    "slug": "Hidden-fZhqRuRp",
    "comment": "Wrapper for Material Design Component",
    "state": "prealpha",
    "name": "Hidden",
    "published": true,
    "keywords": []
  }
},
{
  "model": "base.eryfile",
  "pk": 90,
  "fields": {
    "created": "2020-04-23T16:54:06.074Z",
    "modified": "2020-04-23T16:54:06.083Z",
    "slug": "FormControl-iMhNwgzj",
    "comment": "Wrapper for Material Design Component",
    "state": "prealpha",
    "name": "FormControl",
    "published": true,
    "keywords": []
  }
},
{
  "model": "base.eryfile",
  "pk": 91,
  "fields": {
    "created": "2020-04-23T16:54:06.097Z",
    "modified": "2020-04-23T16:54:06.106Z",
    "slug": "Container-RYylgXcT",
    "comment": "Wrapper for Material Design Component",
    "state": "prealpha",
    "name": "Container",
    "published": true,
    "keywords": []
  }
},
{
  "model": "base.eryfile",
  "pk": 92,
  "fields": {
    "created": "2020-04-23T16:54:06.120Z",
    "modified": "2020-04-23T16:54:06.129Z",
    "slug": "SMSSubmitButton-sGuVqQCu",
    "comment": "Allows forward stage progression.",
    "state": "prealpha",
    "name": "SMSSubmitButton",
    "published": false,
    "keywords": []
  }
},
{
  "model": "base.eryfile",
  "pk": 94,
  "fields": {
    "created": "2020-04-23T16:54:06.187Z",
    "modified": "2020-04-23T16:54:06.196Z",
    "slug": "List-bpbLOwGS",
    "comment": "Wrapper for Material Design Component",
    "state": "prealpha",
    "name": "List",
    "published": true,
    "keywords": []
  }
},
{
  "model": "base.eryfile",
  "pk": 95,
  "fields": {
    "created": "2020-04-23T16:54:06.211Z",
    "modified": "2020-04-23T16:54:06.221Z",
    "slug": "ExpansionPanelDetails-CtrxPPgG",
    "comment": "Wrapper for Material Design Component",
    "state": "prealpha",
    "name": "ExpansionPanelDetails",
    "published": true,
    "keywords": []
  }
},
{
  "model": "base.eryfile",
  "pk": 96,
  "fields": {
    "created": "2020-04-23T16:54:06.236Z",
    "modified": "2020-04-23T16:54:06.245Z",
    "slug": "BottomNavigation-lhrqZmtH",
    "comment": "Wrapper for Material Design Component",
    "state": "prealpha",
    "name": "BottomNavigation",
    "published": true,
    "keywords": []
  }
},
{
  "model": "base.eryfile",
  "pk": 97,
  "fields": {
    "created": "2020-04-23T16:54:06.259Z",
    "modified": "2020-04-23T16:54:06.269Z",
    "slug": "StepConnector-KBxtYxDx",
    "comment": "Wrapper for Material Design Component",
    "state": "prealpha",
    "name": "StepConnector",
    "published": true,
    "keywords": []
  }
},
{
  "model": "base.eryfile",
  "pk": 98,
  "fields": {
    "created": "2020-04-23T16:54:06.283Z",
    "modified": "2020-04-23T16:54:06.292Z",
    "slug": "TableRow-FhrhgDLc",
    "comment": "Wrapper for Material Design Component",
    "state": "prealpha",
    "name": "TableRow",
    "published": true,
    "keywords": []
  }
},
{
  "model": "base.eryfile",
  "pk": 99,
  "fields": {
    "created": "2020-04-23T16:54:06.307Z",
    "modified": "2020-04-23T16:54:06.318Z",
    "slug": "Card-ysbrGXGZ",
    "comment": "Wrapper for Material Design Component",
    "state": "prealpha",
    "name": "Card",
    "published": true,
    "keywords": []
  }
},
{
  "model": "base.eryfile",
  "pk": 100,
  "fields": {
    "created": "2020-04-23T16:54:06.334Z",
    "modified": "2020-04-23T16:54:06.343Z",
    "slug": "CardMedia-mEQlVYyr",
    "comment": "Wrapper for Material Design Component",
    "state": "prealpha",
    "name": "CardMedia",
    "published": true,
    "keywords": []
  }
},
{
  "model": "base.eryfile",
  "pk": 102,
  "fields": {
    "created": "2020-04-23T16:54:06.386Z",
    "modified": "2020-04-23T16:54:06.395Z",
    "slug": "MobileStepper-xDxfCSNg",
    "comment": "Wrapper for Material Design Component",
    "state": "prealpha",
    "name": "MobileStepper",
    "published": true,
    "keywords": []
  }
},
{
  "model": "base.eryfile",
  "pk": 103,
  "fields": {
    "created": "2020-04-23T16:54:06.410Z",
    "modified": "2020-04-23T16:54:06.420Z",
    "slug": "Radio-CqNIyweI",
    "comment": "Wrapper for Material Design Component",
    "state": "prealpha",
    "name": "Radio",
    "published": true,
    "keywords": []
  }
},
{
  "model": "base.eryfile",
  "pk": 104,
  "fields": {
    "created": "2020-04-23T16:54:06.434Z",
    "modified": "2020-04-23T16:54:06.444Z",
    "slug": "smsnullwidget-ujIkXxBK",
    "comment": "Default widget for SMS Input which don't require a typed response",
    "state": "prealpha",
    "name": "SMSNullWidget",
    "published": false,
    "keywords": []
  }
},
{
  "model": "base.eryfile",
  "pk": 105,
  "fields": {
    "created": "2020-04-23T16:54:06.459Z",
    "modified": "2020-04-23T16:54:06.469Z",
    "slug": "ListItemIcon-FtjXYGqn",
    "comment": "Wrapper for Material Design Component",
    "state": "prealpha",
    "name": "ListItemIcon",
    "published": true,
    "keywords": []
  }
},
{
  "model": "base.eryfile",
  "pk": 106,
  "fields": {
    "created": "2020-04-23T16:54:06.484Z",
    "modified": "2020-04-23T16:54:06.493Z",
    "slug": "Divider-tOHtiNmr",
    "comment": "Wrapper for Material Design Component",
    "state": "prealpha",
    "name": "Divider",
    "published": true,
    "keywords": []
  }
},
{
  "model": "base.eryfile",
  "pk": 107,
  "fields": {
    "created": "2020-04-23T16:54:06.508Z",
    "modified": "2020-04-23T16:54:06.519Z",
    "slug": "MenuItem-AeUdAzIc",
    "comment": "Wrapper for Material Design Component",
    "state": "prealpha",
    "name": "MenuItem",
    "published": true,
    "keywords": []
  }
},
{
  "model": "base.eryfile",
  "pk": 108,
  "fields": {
    "created": "2020-04-23T16:54:06.534Z",
    "modified": "2020-04-23T16:54:06.544Z",
    "slug": "CircularProgress-VWxzdAHX",
    "comment": "Wrapper for Material Design Component",
    "state": "prealpha",
    "name": "CircularProgress",
    "published": true,
    "keywords": []
  }
},
{
  "model": "base.eryfile",
  "pk": 109,
  "fields": {
    "created": "2020-04-23T16:54:06.559Z",
    "modified": "2020-04-23T16:54:06.568Z",
    "slug": "Button-yTjJiGYY",
    "comment": "Wrapper for Material Design Component",
    "state": "prealpha",
    "name": "Button",
    "published": true,
    "keywords": []
  }
},
{
  "model": "base.eryfile",
  "pk": 110,
  "fields": {
    "created": "2020-04-23T16:54:06.595Z",
    "modified": "2020-04-23T16:54:06.605Z",
    "slug": "ExpansionPanelActions-pygqoTHX",
    "comment": "Wrapper for Material Design Component",
    "state": "prealpha",
    "name": "ExpansionPanelActions",
    "published": true,
    "keywords": []
  }
},
{
  "model": "base.eryfile",
  "pk": 111,
  "fields": {
    "created": "2020-04-23T16:54:06.621Z",
    "modified": "2020-04-23T16:54:06.630Z",
    "slug": "smsemptywidget-ujjIkXxBk",
    "comment": "Equivalent to null empty Widget.",
    "state": "prealpha",
    "name": "SMSEmptyWidget",
    "published": false,
    "keywords": []
  }
},
{
  "model": "base.eryfile",
  "pk": 112,
  "fields": {
    "created": "2020-04-23T16:54:06.644Z",
    "modified": "2020-04-23T16:54:06.653Z",
    "slug": "FormGroup-LHISRLFf",
    "comment": "Wrapper for Material Design Component",
    "state": "prealpha",
    "name": "FormGroup",
    "published": true,
    "keywords": []
  }
},
{
  "model": "base.eryfile",
  "pk": 114,
  "fields": {
    "created": "2020-04-23T16:54:06.722Z",
    "modified": "2020-04-23T16:54:06.731Z",
    "slug": "TouchRipple-bcdRBGZo",
    "comment": "Wrapper for Material Design Component",
    "state": "prealpha",
    "name": "TouchRipple",
    "published": true,
    "keywords": []
  }
},
{
  "model": "base.eryfile",
  "pk": 115,
  "fields": {
    "created": "2020-04-23T16:54:06.745Z",
    "modified": "2020-04-23T16:54:06.755Z",
    "slug": "CardActionArea-AaSctUQG",
    "comment": "Wrapper for Material Design Component",
    "state": "prealpha",
    "name": "CardActionArea",
    "published": true,
    "keywords": []
  }
},
{
  "model": "base.eryfile",
  "pk": 116,
  "fields": {
    "created": "2020-04-23T16:54:06.770Z",
    "modified": "2020-04-23T16:54:06.779Z",
    "slug": "smstextwidget-ujIkXxBK",
    "comment": "Default widget for SMS Input which require str responses",
    "state": "prealpha",
    "name": "SMSTextWidget",
    "published": false,
    "keywords": []
  }
},
{
  "model": "base.eryfile",
  "pk": 117,
  "fields": {
    "created": "2020-04-23T16:54:06.793Z",
    "modified": "2020-04-23T16:54:06.803Z",
    "slug": "Portal-lsGhmhnw",
    "comment": "Wrapper for Material Design Component",
    "state": "prealpha",
    "name": "Portal",
    "published": true,
    "keywords": []
  }
},
{
  "model": "base.eryfile",
  "pk": 118,
  "fields": {
    "created": "2020-04-23T16:54:06.817Z",
    "modified": "2020-04-23T16:54:06.827Z",
    "slug": "DialogTitle-nqyjyQpp",
    "comment": "Wrapper for Material Design Component",
    "state": "prealpha",
    "name": "DialogTitle",
    "published": true,
    "keywords": []
  }
},
{
  "model": "base.eryfile",
  "pk": 119,
  "fields": {
    "created": "2020-04-23T16:54:06.842Z",
    "modified": "2020-04-23T16:54:06.851Z",
    "slug": "OutlinedInput-gvISJQaN",
    "comment": "Wrapper for Material Design Component",
    "state": "prealpha",
    "name": "OutlinedInput",
    "published": true,
    "keywords": []
  }
},
{
  "model": "base.eryfile",
  "pk": 120,
  "fields": {
    "created": "2020-04-23T16:54:06.865Z",
    "modified": "2020-04-23T16:54:06.875Z",
    "slug": "LinearProgress-XHxcjQcA",
    "comment": "Wrapper for Material Design Component",
    "state": "prealpha",
    "name": "LinearProgress",
    "published": true,
    "keywords": []
  }
},
{
  "model": "base.eryfile",
  "pk": 121,
  "fields": {
    "created": "2020-04-23T16:54:06.889Z",
    "modified": "2020-04-23T16:54:06.898Z",
    "slug": "Stepper-BMvPrZgH",
    "comment": "Wrapper for Material Design Component",
    "state": "prealpha",
    "name": "Stepper",
    "published": true,
    "keywords": []
  }
},
{
  "model": "base.eryfile",
  "pk": 122,
  "fields": {
    "created": "2020-04-23T16:54:06.914Z",
    "modified": "2020-04-23T16:54:06.924Z",
    "slug": "FilledInput-aipSvocn",
    "comment": "Wrapper for Material Design Component",
    "state": "prealpha",
    "name": "FilledInput",
    "published": true,
    "keywords": []
  }
},
{
  "model": "base.eryfile",
  "pk": 125,
  "fields": {
    "created": "2020-04-23T16:54:07.000Z",
    "modified": "2020-04-23T16:54:07.010Z",
    "slug": "Toolbar-eXZsLwYm",
    "comment": "Wrapper for Material Design Component",
    "state": "prealpha",
    "name": "Toolbar",
    "published": true,
    "keywords": []
  }
},
{
  "model": "base.eryfile",
  "pk": 126,
  "fields": {
    "created": "2020-04-23T16:54:07.025Z",
    "modified": "2020-04-23T16:54:07.035Z",
    "slug": "RootRef-GsoYhSiH",
    "comment": "Wrapper for Material Design Component",
    "state": "prealpha",
    "name": "RootRef",
    "published": true,
    "keywords": []
  }
},
{
  "model": "base.eryfile",
  "pk": 127,
  "fields": {
    "created": "2020-04-23T16:54:07.050Z",
    "modified": "2020-04-23T16:54:07.060Z",
    "slug": "DialogContentText-eeYZTNmr",
    "comment": "Wrapper for Material Design Component",
    "state": "prealpha",
    "name": "DialogContentText",
    "published": true,
    "keywords": []
  }
},
{
  "model": "base.eryfile",
  "pk": 128,
  "fields": {
    "created": "2020-04-23T16:54:07.075Z",
    "modified": "2020-04-23T16:54:07.084Z",
    "slug": "GridList-lqjMddGe",
    "comment": "Wrapper for Material Design Component",
    "state": "prealpha",
    "name": "GridList",
    "published": true,
    "keywords": []
  }
},
{
  "model": "base.eryfile",
  "pk": 129,
  "fields": {
    "created": "2020-04-23T16:54:07.098Z",
    "modified": "2020-04-23T16:54:07.108Z",
    "slug": "Slider-FzsoiCsy",
    "comment": "Wrapper for Material Design Component",
    "state": "prealpha",
    "name": "Slider",
    "published": false,
    "keywords": []
  }
},
{
  "model": "base.eryfile",
  "pk": 130,
  "fields": {
    "created": "2020-04-23T16:54:07.122Z",
    "modified": "2020-04-23T16:54:07.131Z",
    "slug": "Avatar-oOfuCCHw",
    "comment": "Wrapper for Material Design Component",
    "state": "prealpha",
    "name": "Avatar",
    "published": true,
    "keywords": []
  }
},
{
  "model": "base.eryfile",
  "pk": 131,
  "fields": {
    "created": "2020-04-23T16:54:07.146Z",
    "modified": "2020-04-23T16:54:07.156Z",
    "slug": "Tab-trEJVImg",
    "comment": "Wrapper for Material Design Component",
    "state": "prealpha",
    "name": "Tab",
    "published": true,
    "keywords": []
  }
},
{
  "model": "base.eryfile",
  "pk": 133,
  "fields": {
    "created": "2020-04-23T16:54:07.206Z",
    "modified": "2020-04-23T16:54:07.215Z",
    "slug": "Snackbar-vFWtUgpW",
    "comment": "Wrapper for Material Design Component",
    "state": "prealpha",
    "name": "Snackbar",
    "published": true,
    "keywords": []
  }
},
{
  "model": "base.eryfile",
  "pk": 134,
  "fields": {
    "created": "2020-04-23T16:54:07.229Z",
    "modified": "2020-04-23T16:54:07.239Z",
    "slug": "SnackbarContent-KUZOZcyC",
    "comment": "Wrapper for Material Design Component",
    "state": "prealpha",
    "name": "SnackbarContent",
    "published": true,
    "keywords": []
  }
},
{
  "model": "base.eryfile",
  "pk": 135,
  "fields": {
    "created": "2020-04-23T16:54:07.253Z",
    "modified": "2020-04-23T16:54:07.263Z",
    "slug": "Tabs-RXTirKHd",
    "comment": "Wrapper for Material Design Component",
    "state": "prealpha",
    "name": "Tabs",
    "published": true,
    "keywords": []
  }
},
{
  "model": "base.eryfile",
  "pk": 136,
  "fields": {
    "created": "2020-04-23T16:54:07.277Z",
    "modified": "2020-04-23T16:54:07.287Z",
    "slug": "ListItemAvatar-EfscAxrY",
    "comment": "Wrapper for Material Design Component",
    "state": "prealpha",
    "name": "ListItemAvatar",
    "published": true,
    "keywords": []
  }
},
{
  "model": "base.eryfile",
  "pk": 137,
  "fields": {
    "created": "2020-04-23T16:54:07.302Z",
    "modified": "2020-04-23T16:54:07.314Z",
    "slug": "FormSubmitButton-cvbxEHZZ",
    "comment": "Submit button for forms",
    "state": "prealpha",
    "name": "FormSubmitButton",
    "published": false,
    "keywords": []
  }
},
{
  "model": "base.eryfile",
  "pk": 139,
  "fields": {
    "created": "2020-04-23T16:54:07.383Z",
    "modified": "2020-04-23T16:54:07.393Z",
    "slug": "RadioButtons-NWguxVJa",
    "comment": "Must be wrapped in a ModuleDefinitionWidget with WidgetChoices",
    "state": "prealpha",
    "name": "RadioButtons",
    "published": false,
    "keywords": []
  }
},
{
  "model": "base.eryfile",
  "pk": 140,
  "fields": {
    "created": "2020-04-23T16:54:07.483Z",
    "modified": "2020-04-23T16:54:07.493Z",
    "slug": "Input-brYhZQKc",
    "comment": "Wrapper for Material Design Component",
    "state": "prealpha",
    "name": "Input",
    "published": true,
    "keywords": []
  }
},
{
  "model": "base.eryfile",
  "pk": 141,
  "fields": {
    "created": "2020-04-23T16:54:07.535Z",
    "modified": "2020-04-23T16:54:07.545Z",
    "slug": "Checkbox-imgZoIve",
    "comment": "Wrapper for Material Design Component",
    "state": "prealpha",
    "name": "Checkbox",
    "published": true,
    "keywords": []
  }
},
{
  "model": "base.eryfile",
  "pk": 142,
  "fields": {
    "created": "2020-04-23T16:54:07.559Z",
    "modified": "2020-04-23T16:54:07.570Z",
    "slug": "TableCell-KWCxxBXv",
    "comment": "Wrapper for Material Design Component",
    "state": "prealpha",
    "name": "TableCell",
    "published": true,
    "keywords": []
  }
},
{
  "model": "base.eryfile",
  "pk": 143,
  "fields": {
    "created": "2020-04-23T16:54:07.583Z",
    "modified": "2020-04-23T16:54:07.594Z",
    "slug": "Drawer-ZpSbEPpz",
    "comment": "Wrapper for Material Design Component",
    "state": "prealpha",
    "name": "Drawer",
    "published": true,
    "keywords": []
  }
},
{
  "model": "base.eryfile",
  "pk": 144,
  "fields": {
    "created": "2020-04-23T16:54:07.608Z",
    "modified": "2020-04-23T16:54:07.617Z",
    "slug": "NoSsr-ToVKxfYl",
    "comment": "Wrapper for Material Design Component",
    "state": "prealpha",
    "name": "NoSsr",
    "published": true,
    "keywords": []
  }
},
{
  "model": "base.eryfile",
  "pk": 145,
  "fields": {
    "created": "2020-04-23T16:54:07.631Z",
    "modified": "2020-04-23T16:54:07.641Z",
    "slug": "Slide-dLbFMofB",
    "comment": "Wrapper for Material Design Component",
    "state": "prealpha",
    "name": "Slide",
    "published": true,
    "keywords": []
  }
},
{
  "model": "base.eryfile",
  "pk": 146,
  "fields": {
    "created": "2020-04-23T16:54:07.657Z",
    "modified": "2020-04-23T16:54:07.666Z",
    "slug": "FormLabel-yIXEebyu",
    "comment": "Wrapper for Material Design Component",
    "state": "prealpha",
    "name": "FormLabel",
    "published": true,
    "keywords": []
  }
},
{
  "model": "base.eryfile",
  "pk": 147,
  "fields": {
    "created": "2020-04-23T16:54:07.680Z",
    "modified": "2020-04-23T16:54:07.689Z",
    "slug": "NativeSelect-liQxgFHq",
    "comment": "Wrapper for Material Design Component",
    "state": "prealpha",
    "name": "NativeSelect",
    "published": true,
    "keywords": []
  }
},
{
  "model": "base.eryfile",
  "pk": 148,
  "fields": {
    "created": "2020-04-23T16:54:07.703Z",
    "modified": "2020-04-23T16:54:07.713Z",
    "slug": "Fade-zULlBhtc",
    "comment": "Wrapper for Material Design Component",
    "state": "prealpha",
    "name": "Fade",
    "published": true,
    "keywords": []
  }
},
{
  "model": "base.eryfile",
  "pk": 149,
  "fields": {
    "created": "2020-04-23T16:54:07.727Z",
    "modified": "2020-04-23T16:54:07.737Z",
    "slug": "FormHelperText-KzhuSMjL",
    "comment": "Wrapper for Material Design Component",
    "state": "prealpha",
    "name": "FormHelperText",
    "published": true,
    "keywords": []
  }
},
{
  "model": "base.eryfile",
  "pk": 150,
  "fields": {
    "created": "2020-04-23T16:54:07.751Z",
    "modified": "2020-04-23T16:54:07.760Z",
    "slug": "Popper-EqOYqSAv",
    "comment": "Wrapper for Material Design Component",
    "state": "prealpha",
    "name": "Popper",
    "published": true,
    "keywords": []
  }
},
{
  "model": "base.eryfile",
  "pk": 151,
  "fields": {
    "created": "2020-04-23T16:54:07.770Z",
    "modified": "2020-04-23T16:54:07.776Z",
    "slug": "HeaderContentFooter-IwVBXtpq",
    "comment": null,
    "state": "prealpha",
    "name": "WebHeaderContentFooter",
    "published": false,
    "keywords": []
  }
},
{
  "model": "base.eryfile",
  "pk": 153,
  "fields": {
    "created": "2020-04-23T16:54:07.936Z",
    "modified": "2020-04-23T16:54:07.946Z",
    "slug": "WebTextFieldWidget-droWZrHX",
    "comment": null,
    "state": "prealpha",
    "name": "WebTextFieldWidget",
    "published": false,
    "keywords": []
  }
},
{
  "model": "base.eryfile",
  "pk": 155,
  "fields": {
    "created": "2020-04-23T16:54:08.028Z",
    "modified": "2020-04-23T16:54:08.038Z",
    "slug": "EryQR-CRmPILwn",
    "comment": null,
    "state": "prealpha",
    "name": "EryQR",
    "published": false,
    "keywords": []
  }
},
{
  "model": "base.eryfile",
  "pk": 157,
  "fields": {
    "created": "2020-04-23T16:54:08.130Z",
    "modified": "2020-04-23T16:54:08.140Z",
    "slug": "DialogCloser-qjkPVrwP",
    "comment": null,
    "state": "prealpha",
    "name": "DialogCloser",
    "published": false,
    "keywords": []
  }
},
{
  "model": "base.eryfile",
  "pk": 159,
  "fields": {
    "created": "2020-04-23T16:54:08.214Z",
    "modified": "2020-04-23T16:54:08.224Z",
    "slug": "ErySlider-DWMSEOgi",
    "comment": null,
    "state": "prealpha",
    "name": "ErySlider",
    "published": false,
    "keywords": []
  }
},
{
  "model": "base.eryfile",
  "pk": 160,
  "fields": {
    "created": "2020-04-23T16:54:08.258Z",
    "modified": "2020-04-23T16:54:08.267Z",
    "slug": "LoadingButton-onVUBnJz",
    "comment": "Disables and shows \"Loading\" as child onClick",
    "state": "prealpha",
    "name": "LoadingButton",
    "published": false,
    "keywords": []
  }
},
{
  "model": "base.eryfile",
  "pk": 161,
  "fields": {
    "created": "2020-04-23T16:54:08.327Z",
    "modified": "2020-04-23T16:54:08.337Z",
    "slug": "FormHorizontalRadioButtons-EtwUVqwU",
    "comment": null,
    "state": "prealpha",
    "name": "FormHorizontalRadioButtons",
    "published": false,
    "keywords": []
  }
},
{
  "model": "base.eryfile",
  "pk": 162,
  "fields": {
    "created": "2020-04-23T16:54:08.411Z",
    "modified": "2020-04-23T16:54:08.421Z",
    "slug": "WebIntWidget-HOGphFYC",
    "comment": null,
    "state": "prealpha",
    "name": "WebIntWidget",
    "published": false,
    "keywords": []
  }
},
{
  "model": "base.eryfile",
  "pk": 163,
  "fields": {
    "created": "2020-04-23T16:54:08.506Z",
    "modified": "2020-04-23T16:54:08.517Z",
    "slug": "CustomMenuItem-WdYnIWkm",
    "comment": null,
    "state": "prealpha",
    "name": "CustomMenuItem",
    "published": false,
    "keywords": []
  }
},
{
  "model": "base.eryfile",
  "pk": 164,
  "fields": {
    "created": "2020-04-23T16:54:08.540Z",
    "modified": "2020-04-23T16:54:08.549Z",
    "slug": "FormImageRadioButtons-SFmwQLDb",
    "comment": null,
    "state": "prealpha",
    "name": "FormImageRadioButtons",
    "published": false,
    "keywords": []
  }
},
{
  "model": "base.eryfile",
  "pk": 165,
  "fields": {
    "created": "2020-04-23T16:54:08.622Z",
    "modified": "2020-04-23T16:54:08.631Z",
    "slug": "EryInput-vOcGUNdR",
    "comment": null,
    "state": "prealpha",
    "name": "EryInput",
    "published": false,
    "keywords": []
  }
},
{
  "model": "base.eryfile",
  "pk": 166,
  "fields": {
    "created": "2020-04-23T16:54:08.680Z",
    "modified": "2020-04-23T16:54:08.690Z",
    "slug": "webmultiplechoicewidget-ujIkXxBK",
    "comment": "Displays values for Web Inputs with multiple choice options",
    "state": "prealpha",
    "name": "DefaultWebMultipleChoiceWidget",
    "published": false,
    "keywords": []
  }
},
{
  "model": "base.eryfile",
  "pk": 167,
  "fields": {
    "created": "2020-04-23T16:54:08.720Z",
    "modified": "2020-04-23T16:54:08.730Z",
    "slug": "BaseGeolocation-ZcJdHKQi",
    "comment": null,
    "state": "prealpha",
    "name": "BaseGeolocation",
    "published": false,
    "keywords": []
  }
},
{
  "model": "base.eryfile",
  "pk": 168,
  "fields": {
    "created": "2020-04-23T16:54:08.797Z",
    "modified": "2020-04-23T16:54:08.807Z",
    "slug": "LimitIntWidget-WIzjHqDr",
    "comment": null,
    "state": "prealpha",
    "name": "LimitIntWidget",
    "published": false,
    "keywords": []
  }
},
{
  "model": "base.eryfile",
  "pk": 170,
  "fields": {
    "created": "2020-04-23T16:54:08.905Z",
    "modified": "2020-04-23T16:54:08.915Z",
    "slug": "EryGeolocation-hjaoFMSK",
    "comment": null,
    "state": "prealpha",
    "name": "EryGeolocation",
    "published": false,
    "keywords": []
  }
},
{
  "model": "base.eryfile",
  "pk": 171,
  "fields": {
    "created": "2020-04-23T16:54:08.961Z",
    "modified": "2020-04-23T16:54:08.971Z",
    "slug": "EryDialog-FYasWVKM",
    "comment": null,
    "state": "prealpha",
    "name": "EryDialog",
    "published": false,
    "keywords": []
  }
},
{
  "model": "base.eryfile",
  "pk": 172,
  "fields": {
    "created": "2020-04-23T16:54:09.026Z",
    "modified": "2020-04-23T16:54:09.035Z",
    "slug": "Dropdown-cfuhycxr",
    "comment": "Must be wrapped in a ModuleDefinitionWidget with WidgetChoices",
    "state": "prealpha",
    "name": "Dropdown",
    "published": false,
    "keywords": []
  }
},
{
  "model": "base.eryfile",
  "pk": 173,
  "fields": {
    "created": "2020-04-23T16:54:09.150Z",
    "modified": "2020-04-23T16:54:09.160Z",
    "slug": "SubmitButton-sGuVqQCu",
    "comment": "Allows forward stage progression.",
    "state": "prealpha",
    "name": "SubmitButton",
    "published": false,
    "keywords": []
  }
},
{
  "model": "base.eryfile",
  "pk": 174,
  "fields": {
    "created": "2020-04-23T16:54:09.194Z",
    "modified": "2020-04-23T16:54:09.204Z",
    "slug": "AlphanumericField-bcsrHChi",
    "comment": "Allows input of alphanumerical characters, and nothing else.",
    "state": "prealpha",
    "name": "AlphanumericField",
    "published": false,
    "keywords": []
  }
},
{
  "model": "base.eryfile",
  "pk": 175,
  "fields": {
    "created": "2020-04-23T16:54:09.246Z",
    "modified": "2020-04-23T16:54:09.256Z",
    "slug": "BackButton-adWnIsOD",
    "comment": "Allows backward stage progression.",
    "state": "prealpha",
    "name": "BackButton",
    "published": false,
    "keywords": []
  }
},
{
  "model": "base.eryfile",
  "pk": 176,
  "fields": {
    "created": "2020-04-23T16:54:09.296Z",
    "modified": "2020-04-23T16:54:09.306Z",
    "slug": "FormDropdown-augPCNxQ",
    "comment": null,
    "state": "prealpha",
    "name": "FormDropdown",
    "published": false,
    "keywords": []
  }
},
{
  "model": "base.eryfile",
  "pk": 206,
  "fields": {
    "created": "2020-04-23T16:56:27.006Z",
    "modified": "2020-04-23T16:56:27.015Z",
    "slug": "pizzapineappletemplate-etXHSHxV",
    "comment": "A very serious template that addresses an even more grave question.",
    "state": "prealpha",
    "name": "pizza-pineapple-template",
    "published": false,
    "keywords": []
  }
},
{
  "model": "base.eryfile",
  "pk": 207,
  "fields": {
    "created": "2020-04-23T16:56:27.039Z",
    "modified": "2020-04-23T16:56:27.046Z",
    "slug": "pizza-pineapple-template-3-etXHSHxV",
    "comment": "Ends all arguments about pizza and pinapples.",
    "state": "prealpha",
    "name": "pizza-pineapple-template-3",
    "published": false,
    "keywords": []
  }
},
{
  "model": "base.eryfile",
  "pk": 208,
  "fields": {
    "created": "2020-04-23T16:56:27.070Z",
    "modified": "2020-04-23T16:56:27.076Z",
    "slug": "pizza-pineapple-template-2-etXHSHxV",
    "comment": "A very serious template that justifies an even more grave question.",
    "state": "prealpha",
    "name": "pizza-pineapple-template-2",
    "published": false,
    "keywords": []
  }
},
{
  "model": "base.eryfile",
  "pk": 209,
  "fields": {
    "created": "2020-04-23T16:56:27.102Z",
    "modified": "2020-04-23T16:56:27.106Z",
    "slug": "moduledefinitiontheme1-FwCgsjAT",
    "comment": "yoTCEwqScvkCnIUFeXfcLMBzDhpfVcevpcsnIPsQxsPZiHjsAHeRuDysgZMKwIXuQcEWWxVjGktKwfxJDLFmZzcsCMtiXFiUIPrq",
    "state": "prealpha",
    "name": "module_definition-theme-1",
    "published": true,
    "keywords": []
  }
},
{
  "model": "base.eryfile",
  "pk": 210,
  "fields": {
    "created": "2020-04-23T16:56:27.126Z",
    "modified": "2020-04-23T16:56:27.137Z",
    "slug": "smsinputwidget2-ujIkXxBK",
    "comment": "Widget for text collection",
    "state": "prealpha",
    "name": "SMSInputWidgetTwo",
    "published": false,
    "keywords": []
  }
},
{
  "model": "base.eryfile",
  "pk": 211,
  "fields": {
    "created": "2020-04-23T16:56:27.151Z",
    "modified": "2020-04-23T16:56:27.161Z",
    "slug": "smsinputwidget-ujIkXxBK",
    "comment": "Default widget for SMS Inputs",
    "state": "prealpha",
    "name": "SMSInputWidget",
    "published": false,
    "keywords": []
  }
},
{
  "model": "base.eryfile",
  "pk": 212,
  "fields": {
    "created": "2020-04-23T16:56:27.168Z",
    "modified": "2020-04-23T16:56:27.172Z",
    "slug": "smsrenderstintdefinition-YrLjltRD",
    "comment": "Stint definition for sms render test",
    "state": "prealpha",
    "name": "sms-render-stint-definition",
    "published": false,
    "keywords": []
  }
},
{
  "model": "base.eryfile",
  "pk": 213,
  "fields": {
    "created": "2020-04-23T16:56:27.220Z",
    "modified": "2020-04-23T16:56:27.431Z",
    "slug": "SMSRenderModuleDefinition-fexchFqT",
    "comment": "Module definition for sms render test",
    "state": "prealpha",
    "name": "SMSRenderModuleDefinition",
    "published": false,
    "keywords": []
  }
},
{
  "model": "base.eryfile",
  "pk": 214,
  "fields": {
    "created": "2020-04-23T16:56:27.247Z",
    "modified": "2020-04-23T16:56:27.247Z",
    "slug": "SMSRenderModuleDefinition-PiMQkPdG",
    "comment": "Module definition for sms render test",
    "state": "prealpha",
    "name": "SMSRenderModuleDefinition",
    "published": false,
    "keywords": []
  }
},
{
  "model": "conditions.condition",
  "pk": 7,
  "fields": {
    "created": "2020-04-23T16:56:27.294Z",
    "modified": "2020-04-23T16:56:27.445Z",
    "name": "test-sms-render-cond2",
    "comment": null,
    "module_definition": 213,
    "left_type": "expression",
    "right_type": "expression",
    "left_expression": "1",
    "right_expression": "1",
    "left_variable_definition": null,
    "right_variable_definition": null,
    "left_sub_condition": null,
    "right_sub_condition": null,
    "relation": "equal",
    "operator": null
  }
},
{
  "model": "conditions.condition",
  "pk": 8,
  "fields": {
    "created": "2020-04-23T16:56:27.302Z",
    "modified": "2020-04-23T16:56:27.451Z",
    "name": "test-sms-render-cond",
    "comment": null,
    "module_definition": 213,
    "left_type": "variable",
    "right_type": "expression",
    "left_expression": null,
    "right_expression": "1",
    "left_variable_definition": 4,
    "right_variable_definition": null,
    "left_sub_condition": null,
    "right_sub_condition": null,
    "relation": "equal",
    "operator": null
  }
},
{
  "model": "folders.folder",
  "pk": 1,
  "fields": {
    "created": "2020-04-23T16:54:12.867Z",
    "modified": "2020-04-23T16:54:12.867Z",
    "name": "MyFolder_admin",
    "comment": null
  }
},
{
  "model": "frontends.frontend",
  "pk": 1,
  "fields": {
    "created": "2020-04-23T16:54:03.805Z",
    "modified": "2020-04-23T16:54:03.805Z",
    "slug": "Web-foKmSGxB",
    "name": "Web",
    "comment": "For stints conducted over web browser"
  }
},
{
  "model": "frontends.frontend",
  "pk": 2,
  "fields": {
    "created": "2020-04-23T16:54:03.810Z",
    "modified": "2020-04-23T16:54:03.810Z",
    "slug": "Email-QUondgtA",
    "name": "Email",
    "comment": "For stints conducted over email"
  }
},
{
  "model": "frontends.frontend",
  "pk": 3,
  "fields": {
    "created": "2020-04-23T16:54:03.813Z",
    "modified": "2020-04-23T16:54:03.813Z",
    "slug": "SMS-NOhjZDUD",
    "name": "SMS",
    "comment": "For stints conducted over mobile sms"
  }
},
{
  "model": "modules.widgetchoicetranslation",
  "pk": 1,
  "fields": {
    "created": "2020-04-23T16:56:27.575Z",
    "modified": "2020-04-23T16:56:27.575Z",
    "widget_choice": 1,
    "caption": "Yes",
    "language": "en"
  }
},
{
  "model": "modules.widgetchoicetranslation",
  "pk": 2,
  "fields": {
    "created": "2020-04-23T16:56:27.583Z",
    "modified": "2020-04-23T16:56:27.583Z",
    "widget_choice": 2,
    "caption": "1 billion X YES",
    "language": "en"
  }
},
{
  "model": "modules.widgetchoicetranslation",
  "pk": 3,
  "fields": {
    "created": "2020-04-23T16:56:27.591Z",
    "modified": "2020-04-23T16:56:27.591Z",
    "widget_choice": 3,
    "caption": "Well, duh",
    "language": "en"
  }
},
{
  "model": "modules.widgetchoice",
  "pk": 1,
  "fields": {
    "created": "2020-04-23T16:56:27.472Z",
    "modified": "2020-04-23T16:56:27.472Z",
    "widget": 4,
    "value": "0",
    "order": 0
  }
},
{
  "model": "modules.widgetchoice",
  "pk": 2,
  "fields": {
    "created": "2020-04-23T16:56:27.481Z",
    "modified": "2020-04-23T16:56:27.481Z",
    "widget": 4,
    "value": "1",
    "order": 1
  }
},
{
  "model": "modules.widgetchoice",
  "pk": 3,
  "fields": {
    "created": "2020-04-23T16:56:27.490Z",
    "modified": "2020-04-23T16:56:27.490Z",
    "widget": 4,
    "value": "2",
    "order": 2
  }
},
{
  "model": "modules.moduleeventstep",
  "pk": 1,
  "fields": {
    "created": "2020-04-23T16:56:27.568Z",
    "modified": "2020-04-23T16:56:27.641Z",
    "module_event": 1,
    "action": 11,
    "event_action_type": "run_action",
    "order": 0
  }
},
{
  "model": "modules.moduleeventstep",
  "pk": 2,
  "fields": {
    "created": "2020-04-23T16:56:27.599Z",
    "modified": "2020-04-23T16:56:27.643Z",
    "module_event": 2,
    "action": 12,
    "event_action_type": "run_action",
    "order": 0
  }
},
{
  "model": "modules.moduleevent",
  "pk": 1,
  "fields": {
    "created": "2020-04-23T16:56:27.460Z",
    "modified": "2020-04-23T16:56:27.460Z",
    "name": "",
    "event_type": "onReply",
    "widget": 3
  }
},
{
  "model": "modules.moduleevent",
  "pk": 2,
  "fields": {
    "created": "2020-04-23T16:56:27.499Z",
    "modified": "2020-04-23T16:56:27.499Z",
    "name": "",
    "event_type": "onReply",
    "widget": 4
  }
},
{
  "model": "modules.moduledefinitionwidget",
  "pk": 3,
  "fields": {
    "created": "2020-04-23T16:56:27.322Z",
    "modified": "2020-04-23T16:56:27.456Z",
    "name": "RenderSMSInputTwo",
    "comment": "Input for render-sms 2nd stage",
    "module_definition": 213,
    "form_field": null,
    "required_widget": false,
    "initial_value": null,
    "random_mode": "asc",
    "widget": 210,
    "variable_definition": 3
  }
},
{
  "model": "modules.moduledefinitionwidget",
  "pk": 4,
  "fields": {
    "created": "2020-04-23T16:56:27.335Z",
    "modified": "2020-04-23T16:56:27.468Z",
    "name": "RenderSMSInputOne",
    "comment": "Input for render-sms 1st stage",
    "module_definition": 213,
    "form_field": null,
    "required_widget": false,
    "initial_value": null,
    "random_mode": "asc",
    "widget": 211,
    "variable_definition": 4
  }
},
{
  "model": "modules.moduledefinition",
  "pk": 213,
  "fields": {
    "primary_frontend": 3,
    "primary_language": "en",
    "default_template": 151,
    "default_theme": 8,
    "start_era": 4,
    "start_stage": 3,
    "warden_stage": null,
    "mxgraph_xml": null,
    "min_team_size": 3,
    "max_team_size": 7,
    "version": 5,
    "keywords": []
  }
},
{
  "model": "modules.moduledefinition",
  "pk": 214,
  "fields": {
    "primary_frontend": 3,
    "primary_language": "en",
    "default_template": 151,
    "default_theme": 8,
    "start_era": null,
    "start_stage": null,
    "warden_stage": null,
    "mxgraph_xml": null,
    "min_team_size": 3,
    "max_team_size": 7,
    "version": 1,
    "keywords": []
  }
},
{
  "model": "roles.privilege",
  "pk": 1,
  "fields": {
    "created": "2017-12-20T21:54:34.248Z",
    "modified": "2018-01-10T16:41:22.950Z",
    "name": "create",
    "comment": null
  }
},
{
  "model": "roles.privilege",
  "pk": 2,
  "fields": {
    "created": "2017-12-20T21:54:39.744Z",
    "modified": "2018-01-10T16:41:22.952Z",
    "name": "read",
    "comment": null
  }
},
{
  "model": "roles.privilege",
  "pk": 3,
  "fields": {
    "created": "2017-12-20T21:54:44.607Z",
    "modified": "2018-01-10T16:41:22.954Z",
    "name": "update",
    "comment": null
  }
},
{
  "model": "roles.privilege",
  "pk": 4,
  "fields": {
    "created": "2017-12-20T21:54:48.720Z",
    "modified": "2018-01-10T16:41:22.956Z",
    "name": "delete",
    "comment": null
  }
},
{
  "model": "roles.privilege",
  "pk": 5,
  "fields": {
    "created": "2017-12-20T21:54:53.926Z",
    "modified": "2018-01-10T16:41:22.958Z",
    "name": "grant",
    "comment": null
  }
},
{
  "model": "roles.privilege",
  "pk": 6,
  "fields": {
    "created": "2017-12-20T21:54:58.150Z",
    "modified": "2018-01-10T16:41:22.960Z",
    "name": "revoke",
    "comment": null
  }
},
{
  "model": "roles.privilege",
  "pk": 7,
  "fields": {
    "created": "2017-12-20T21:55:09.615Z",
    "modified": "2018-01-10T16:41:22.962Z",
    "name": "export",
    "comment": null
  }
},
{
  "model": "roles.privilege",
  "pk": 8,
  "fields": {
    "created": "2017-12-20T21:55:09.615Z",
    "modified": "2018-01-10T16:41:22.962Z",
    "name": "start",
    "comment": null
  }
},
{
  "model": "roles.privilege",
  "pk": 9,
  "fields": {
    "created": "2017-12-20T21:55:09.615Z",
    "modified": "2018-01-10T16:41:22.962Z",
    "name": "stop",
    "comment": null
  }
},
{
  "model": "roles.privilege",
  "pk": 10,
  "fields": {
    "created": "2017-12-20T21:55:09.615Z",
    "modified": "2018-01-10T16:41:22.962Z",
    "name": "change",
    "comment": null
  }
},
{
  "model": "roles.privilege",
  "pk": 11,
  "fields": {
    "created": "2020-04-23T16:54:01.392Z",
    "modified": "2020-04-23T16:54:01.392Z",
    "name": "view_versions",
    "comment": "Allows user to view all versions of said object, irrespective of user owning each version."
  }
},
{
  "model": "roles.privilege",
  "pk": 12,
  "fields": {
    "created": "2018-07-26T16:06:10.615Z",
    "modified": "2018-07-26T16:06:10.615Z",
    "name": "read_data",
    "comment": "Allows user to review variables saved it the google datastore backend"
  }
},
{
  "model": "roles.privilege",
  "pk": 13,
  "fields": {
    "created": "2017-12-20T21:55:09.615Z",
    "modified": "2018-01-10T16:41:22.962Z",
    "name": "realize",
    "comment": null
  }
},
{
  "model": "roles.privilege",
  "pk": 14,
  "fields": {
    "created": "2019-03-12T17:23:07Z",
    "modified": "2019-03-12T17:23:07Z",
    "name": "comment",
    "comment": null
  }
},
{
  "model": "roles.privilege",
  "pk": 15,
  "fields": {
    "created": "2019-03-12T17:23:07Z",
    "modified": "2019-03-12T17:23:07Z",
    "name": "star",
    "comment": null
  }
},
{
  "model": "roles.roleparent",
  "pk": 1,
  "fields": {
    "created": "2020-04-23T16:54:01.404Z",
    "modified": "2020-04-23T16:54:01.404Z",
    "role": 2,
    "parent": 1
  }
},
{
  "model": "roles.roleparent",
  "pk": 2,
  "fields": {
    "created": "2020-04-23T16:54:01.404Z",
    "modified": "2020-04-23T16:54:01.404Z",
    "role": 4,
    "parent": 2
  }
},
{
  "model": "roles.roleparent",
  "pk": 3,
  "fields": {
    "created": "2020-04-23T16:54:01.405Z",
    "modified": "2020-04-23T16:54:01.404Z",
    "role": 3,
    "parent": 1
  }
},
{
  "model": "roles.roleparent",
  "pk": 4,
  "fields": {
    "created": "2020-04-23T16:54:01.405Z",
    "modified": "2020-04-23T16:54:01.404Z",
    "role": 4,
    "parent": 3
  }
},
{
  "model": "roles.role",
  "pk": 1,
  "fields": {
    "created": "2017-12-20T21:56:37.334Z",
    "modified": "2018-01-10T16:41:15.375Z",
    "name": "viewer",
    "comment": "Has read privilege",
    "privileges": [
      2,
      14,
      15
    ]
  }
},
{
  "model": "roles.role",
  "pk": 2,
  "fields": {
    "created": "2017-12-20T21:57:23.870Z",
    "modified": "2018-01-10T16:41:15.383Z",
    "name": "editor",
    "comment": "Has create, read, update, and delete privileges",
    "privileges": [
      1,
      3,
      4
    ]
  }
},
{
  "model": "roles.role",
  "pk": 3,
  "fields": {
    "created": "2017-12-20T21:58:04.091Z",
    "modified": "2018-01-10T16:41:15.391Z",
    "name": "administrator",
    "comment": "Has grant, revoke, export, start, stop, realize, and change privileges",
    "privileges": [
      5,
      6,
      7,
      8,
      9,
      10,
      11,
      12,
      13
    ]
  }
},
{
  "model": "roles.role",
  "pk": 4,
  "fields": {
    "created": "2017-12-20T21:55:45.222Z",
    "modified": "2018-01-10T16:41:15.366Z",
    "name": "owner",
    "comment": "Has all privileges belonging to editor and administrator roles. This includes create, read, update, delete, grant, revoke, and export",
    "privileges": []
  }
},
{
  "model": "stages.stagetemplateblocktranslation",
  "pk": 1,
  "fields": {
    "created": "2020-04-23T16:56:27.648Z",
    "modified": "2020-04-23T16:56:27.648Z",
    "stage_template_block": 1,
    "language": "en",
    "content": null,
    "frontend": 3
  }
},
{
  "model": "stages.stagetemplateblocktranslation",
  "pk": 2,
  "fields": {
    "created": "2020-04-23T16:56:27.658Z",
    "modified": "2020-04-23T16:56:27.658Z",
    "stage_template_block": 2,
    "language": "en",
    "content": null,
    "frontend": 3
  }
},
{
  "model": "stages.stagetemplateblocktranslation",
  "pk": 3,
  "fields": {
    "created": "2020-04-23T16:56:27.668Z",
    "modified": "2020-04-23T16:56:27.668Z",
    "stage_template_block": 3,
    "language": "en",
    "content": "Reply with one of the following to send your response: \n0 for Yes\n1 for 1 billion X YES\n2 for Well, duh",
    "frontend": 3
  }
},
{
  "model": "stages.stagetemplateblock",
  "pk": 1,
  "fields": {
    "created": "2020-04-23T16:56:27.610Z",
    "modified": "2020-04-23T16:56:27.610Z",
    "name": "Inputs",
    "comment": null,
    "stage_template": 1
  }
},
{
  "model": "stages.stagetemplateblock",
  "pk": 2,
  "fields": {
    "created": "2020-04-23T16:56:27.623Z",
    "modified": "2020-04-23T16:56:27.623Z",
    "name": "Inputs",
    "comment": null,
    "stage_template": 2
  }
},
{
  "model": "stages.stagetemplateblock",
  "pk": 3,
  "fields": {
    "created": "2020-04-23T16:56:27.635Z",
    "modified": "2020-04-23T16:56:27.635Z",
    "name": "Inputs",
    "comment": null,
    "stage_template": 3
  }
},
{
  "model": "stages.stagetemplate",
  "pk": 1,
  "fields": {
    "created": "2020-04-23T16:56:27.510Z",
    "modified": "2020-04-23T16:56:27.604Z",
    "stage_definition": 1,
    "template": 207,
    "theme": null
  }
},
{
  "model": "stages.stagetemplate",
  "pk": 2,
  "fields": {
    "created": "2020-04-23T16:56:27.523Z",
    "modified": "2020-04-23T16:56:27.616Z",
    "stage_definition": 2,
    "template": 208,
    "theme": null
  }
},
{
  "model": "stages.stagetemplate",
  "pk": 3,
  "fields": {
    "created": "2020-04-23T16:56:27.536Z",
    "modified": "2020-04-23T16:56:27.628Z",
    "stage_definition": 3,
    "template": 206,
    "theme": null
  }
},
{
  "model": "stages.stagedefinition",
  "pk": 1,
  "fields": {
    "created": "2020-04-23T16:56:27.345Z",
    "modified": "2020-04-23T16:56:27.505Z",
    "name": "TestSMSRenderStage3",
    "comment": "3rd stage in test of sms-rendering",
    "module_definition": 213,
    "breadcrumb_type": "all",
    "end_stage": false,
    "pre_action": null,
    "redirect_on_submit": true
  }
},
{
  "model": "stages.stagedefinition",
  "pk": 2,
  "fields": {
    "created": "2020-04-23T16:56:27.355Z",
    "modified": "2020-04-23T16:56:27.519Z",
    "name": "TestSMSRenderStage2",
    "comment": "2nd stage in test of sms-rendering",
    "module_definition": 213,
    "breadcrumb_type": "all",
    "end_stage": false,
    "pre_action": null,
    "redirect_on_submit": true
  }
},
{
  "model": "stages.stagedefinition",
  "pk": 3,
  "fields": {
    "created": "2020-04-23T16:56:27.363Z",
    "modified": "2020-04-23T16:56:27.531Z",
    "name": "TestSMSRenderStage1",
    "comment": "1st stage in test of sms-rendering",
    "module_definition": 213,
    "breadcrumb_type": "all",
    "end_stage": false,
    "pre_action": null,
    "redirect_on_submit": true
  }
},
{
  "model": "stint_specifications.stintspecification",
  "pk": 4,
  "fields": {
    "created": "2020-04-23T16:56:27.259Z",
    "modified": "2020-04-23T16:56:27.425Z",
    "name": "render-sms-stint-specification",
    "comment": "Stint specification for render-sms",
    "stint_definition": 212,
    "where_to_run": "market",
    "vendor": null,
    "team_size": 1,
    "min_team_size": 1,
    "max_team_size": 1,
    "max_num_humans": null,
    "min_earnings": null,
    "max_earnings": null,
    "backup_stint_specification": null,
    "late_arrival": false,
    "opt_in_code": null,
    "immediate_payment_method": null,
    "dataset": null
  }
},
{
  "model": "stints.stintdefinition",
  "pk": 212,
  "fields": {
    "cover_image": null,
    "keywords": []
  }
},
{
  "model": "stints.stintdefinitionmoduledefinition",
  "pk": 6,
  "fields": {
    "created": "2020-04-23T16:56:27.248Z",
    "modified": "2020-04-23T16:56:27.248Z",
    "stint_definition": 212,
    "module_definition": 214,
    "order": 0
  }
},
{
  "model": "syncs.era",
  "pk": 4,
  "fields": {
    "created": "2020-04-23T16:56:27.312Z",
    "modified": "2020-04-23T16:56:27.453Z",
    "slug": "smsrender-taAttcsP",
    "name": "sms-render",
    "comment": "Initial era for sms render integration test",
    "module_definition": 213,
    "action": null,
    "is_team": false
  }
},
{
  "model": "templates.templatewidget",
  "pk": 1,
  "fields": {
    "created": "2020-04-23T16:54:07.782Z",
    "modified": "2020-04-23T16:54:07.782Z",
    "name": "Container",
    "comment": null,
    "template": 151,
    "widget": 91
  }
},
{
  "model": "templates.templatewidget",
  "pk": 2,
  "fields": {
    "created": "2020-04-23T16:54:07.790Z",
    "modified": "2020-04-23T16:54:07.790Z",
    "name": "Box",
    "comment": null,
    "template": 151,
    "widget": 49
  }
},
{
  "model": "templates.templatewidget",
  "pk": 3,
  "fields": {
    "created": "2020-04-23T16:54:07.799Z",
    "modified": "2020-04-23T16:54:07.799Z",
    "name": "Typography",
    "comment": null,
    "template": 151,
    "widget": 62
  }
},
{
  "model": "templates.templatewidget",
  "pk": 4,
  "fields": {
    "created": "2020-04-23T16:54:07.808Z",
    "modified": "2020-04-23T16:54:07.808Z",
    "name": "Paper",
    "comment": null,
    "template": 151,
    "widget": 54
  }
},
{
  "model": "templates.templatewidget",
  "pk": 5,
  "fields": {
    "created": "2020-04-23T16:54:07.816Z",
    "modified": "2020-04-23T16:54:07.816Z",
    "name": "Grid",
    "comment": null,
    "template": 151,
    "widget": 35
  }
},
{
  "model": "templates.templatewidget",
  "pk": 6,
  "fields": {
    "created": "2020-04-23T16:54:07.825Z",
    "modified": "2020-04-23T16:54:07.825Z",
    "name": "Button",
    "comment": null,
    "template": 151,
    "widget": 109
  }
},
{
  "model": "templates.templatewidget",
  "pk": 7,
  "fields": {
    "created": "2020-04-23T16:54:07.832Z",
    "modified": "2020-04-23T16:54:07.832Z",
    "name": "CssBaseline",
    "comment": null,
    "template": 151,
    "widget": 74
  }
},
{
  "model": "templates.templatewidget",
  "pk": 8,
  "fields": {
    "created": "2020-04-23T16:54:07.841Z",
    "modified": "2020-04-23T16:54:07.841Z",
    "name": "Toolbar",
    "comment": null,
    "template": 151,
    "widget": 125
  }
},
{
  "model": "templates.templatewidget",
  "pk": 9,
  "fields": {
    "created": "2020-04-23T16:54:07.849Z",
    "modified": "2020-04-23T16:54:07.849Z",
    "name": "AppBar",
    "comment": null,
    "template": 151,
    "widget": 37
  }
},
{
  "model": "templates.templateblocktranslation",
  "pk": 1,
  "fields": {
    "created": "2020-04-23T16:54:03.866Z",
    "modified": "2020-04-23T16:54:03.866Z",
    "template_block": 1,
    "language": "en",
    "content": "<Content/>",
    "frontend": 3
  }
},
{
  "model": "templates.templateblocktranslation",
  "pk": 2,
  "fields": {
    "created": "2020-04-23T16:54:03.895Z",
    "modified": "2020-04-23T16:54:03.895Z",
    "template_block": 2,
    "language": "en",
    "content": "<Content/>",
    "frontend": 3
  }
},
{
  "model": "templates.templateblocktranslation",
  "pk": 3,
  "fields": {
    "created": "2020-04-23T16:54:03.925Z",
    "modified": "2020-04-23T16:54:03.925Z",
    "template_block": 3,
    "language": "en",
    "content": "<Content/>",
    "frontend": 2
  }
},
{
  "model": "templates.templateblocktranslation",
  "pk": 4,
  "fields": {
    "created": "2020-04-23T16:54:03.973Z",
    "modified": "2020-04-23T16:54:03.973Z",
    "template_block": 4,
    "language": "en",
    "content": "<Content/>",
    "frontend": 3
  }
},
{
  "model": "templates.templateblocktranslation",
  "pk": 5,
  "fields": {
    "created": "2020-04-23T16:54:04.003Z",
    "modified": "2020-04-23T16:54:04.003Z",
    "template_block": 5,
    "language": "en",
    "content": "<Content/><Widget.NextButton/>",
    "frontend": 1
  }
},
{
  "model": "templates.templateblocktranslation",
  "pk": 6,
  "fields": {
    "created": "2020-04-23T16:54:04.031Z",
    "modified": "2020-04-23T16:54:04.031Z",
    "template_block": 6,
    "language": "en",
    "content": "<Content/>",
    "frontend": 3
  }
},
{
  "model": "templates.templateblocktranslation",
  "pk": 7,
  "fields": {
    "created": "2020-04-23T16:54:07.866Z",
    "modified": "2020-04-23T16:54:07.866Z",
    "template_block": 7,
    "language": "ru",
    "content": "<style dangerouslySetInnerHTML={{__html: `\n      h1 { font-size: 2em; }\n      p { color: red; font-size: 1.5em; }\n      #body { width: 90%; height: 100%; margin: auto; background: white; padding-left: 125px; padding-top: 10px; padding-right: 125px; box-sizing: border-box;}\n      #canvas { background: silver; width: 100%; height: 100%; box-sizing: border-box;}\n    `}} />\n<div id=\"canvas\">\n<div id=\"body\">\n<Header/>\n<Content/>\n<Footer/>\n</div>\n</div>",
    "frontend": 3
  }
},
{
  "model": "templates.templateblocktranslation",
  "pk": 8,
  "fields": {
    "created": "2020-04-23T16:54:07.875Z",
    "modified": "2020-04-23T16:54:07.875Z",
    "template_block": 7,
    "language": "ab",
    "content": "<CssBaseline /> \n<AppBar position=\"absolute\" color=\"default\">\n\t<Toolbar>\n\t\t<Typography variant=\"h6\" color=\"inherit\" noWrap>\n\t\t\tThe PennSoNG LENNS project\n\t\t</Typography>\n\t</Toolbar>\n</AppBar>\n<Container maxWidth=\"md\">\n\t<Box mt={10} maxHeight={758} >\n\t\t<Paper >\n\t\t\t<Box p={5} minHeight={600} >\n\t\t\t\t<Header/>\n\t\t\t\t<Box pt={3} >\n\t\t\t\t\t<Content/>\n\t\t\t\t</Box >\n\t\t\t</Box >\n\t\t</Paper>\n\t</Box>\n\t<Box p={5} >\n\t\t<Footer />\n\t</Box >\n\t<Grid container justify=\"center\">\n\t\t<img alt=\"PennSoNG\" src=\"https://cpb-us-w2.wpmucdn.com/web.sas.upenn.edu/dist/3/28/files/2017/12/PENNSoNG-logo-horiz-13icmng-632x134.png\" height={50} width=\"auto\" />\n\t</Grid >\n</Container>",
    "frontend": 3
  }
},
{
  "model": "templates.templateblocktranslation",
  "pk": 9,
  "fields": {
    "created": "2020-04-23T16:54:07.883Z",
    "modified": "2020-04-23T16:54:07.883Z",
    "template_block": 7,
    "language": "en",
    "content": "<CssBaseline /> \n<AppBar position=\"absolute\" color=\"default\">\n\t<Toolbar>\n\t\t<Typography variant=\"h6\" color=\"inherit\" noWrap>\n\t\t\tThe PennSoNG LENNS project\n\t\t</Typography>\n\t</Toolbar>\n</AppBar>\n<Container maxWidth=\"lg\">\n\t<Box mt={10} >\n\t\t<Paper >\n\t\t\t<Box p={5} minHeight={600} >\n\t\t\t\t<Typography variant='h2' align='center'><Header/></Typography><br/><Typography variant='h5' align='center'><Subheader/></Typography>\n\t\t\t\t<Box pt={3} >\n\t\t\t\t\t<Content/>\n\t\t\t\t</Box >\n\t\t\t</Box >\n\t\t</Paper>\n\t</Box>\n\t<Box p={5} >\n\t\t<Footer />\n\t</Box >\n\t<Grid container justify=\"center\">\n\t\t<img alt=\"PennSoNG\" src=\"https://cpb-us-w2.wpmucdn.com/web.sas.upenn.edu/dist/3/28/files/2017/12/PENNSoNG-logo-horiz-13icmng-632x134.png\" height={50} width=\"auto\" />\n\t</Grid >\n</Container>",
    "frontend": 1
  }
},
{
  "model": "templates.templateblocktranslation",
  "pk": 16,
  "fields": {
    "created": "2020-04-23T16:56:27.030Z",
    "modified": "2020-04-23T16:56:27.030Z",
    "template_block": 14,
    "language": "en",
    "content": "Pineapples on {{triggerword}}?",
    "frontend": 3
  }
},
{
  "model": "templates.templateblocktranslation",
  "pk": 17,
  "fields": {
    "created": "2020-04-23T16:56:27.060Z",
    "modified": "2020-04-23T16:56:27.060Z",
    "template_block": 15,
    "language": "en",
    "content": "Go get some pizza. Preferrably Hawaiian.",
    "frontend": 3
  }
},
{
  "model": "templates.templateblocktranslation",
  "pk": 18,
  "fields": {
    "created": "2020-04-23T16:56:27.090Z",
    "modified": "2020-04-23T16:56:27.090Z",
    "template_block": 16,
    "language": "en",
    "content": "Justify your last answer about pizza toppings with one DEFINITIVE word.",
    "frontend": 3
  }
},
{
  "model": "templates.templateblock",
  "pk": 1,
  "fields": {
    "created": "2020-04-23T16:54:03.842Z",
    "modified": "2020-04-23T16:54:03.842Z",
    "template": 1,
    "name": "Root"
  }
},
{
  "model": "templates.templateblock",
  "pk": 2,
  "fields": {
    "created": "2020-04-23T16:54:03.887Z",
    "modified": "2020-04-23T16:54:03.887Z",
    "template": 2,
    "name": "Root"
  }
},
{
  "model": "templates.templateblock",
  "pk": 3,
  "fields": {
    "created": "2020-04-23T16:54:03.916Z",
    "modified": "2020-04-23T16:54:03.916Z",
    "template": 3,
    "name": "Root"
  }
},
{
  "model": "templates.templateblock",
  "pk": 4,
  "fields": {
    "created": "2020-04-23T16:54:03.963Z",
    "modified": "2020-04-23T16:54:03.963Z",
    "template": 5,
    "name": "Root"
  }
},
{
  "model": "templates.templateblock",
  "pk": 5,
  "fields": {
    "created": "2020-04-23T16:54:03.994Z",
    "modified": "2020-04-23T16:54:03.994Z",
    "template": 6,
    "name": "Root"
  }
},
{
  "model": "templates.templateblock",
  "pk": 6,
  "fields": {
    "created": "2020-04-23T16:54:04.023Z",
    "modified": "2020-04-23T16:54:04.023Z",
    "template": 7,
    "name": "Root"
  }
},
{
  "model": "templates.templateblock",
  "pk": 7,
  "fields": {
    "created": "2020-04-23T16:54:07.857Z",
    "modified": "2020-04-23T16:54:07.857Z",
    "template": 151,
    "name": "Root"
  }
},
{
  "model": "templates.templateblock",
  "pk": 14,
  "fields": {
    "created": "2020-04-23T16:56:27.020Z",
    "modified": "2020-04-23T16:56:27.020Z",
    "template": 206,
    "name": "Content"
  }
},
{
  "model": "templates.templateblock",
  "pk": 15,
  "fields": {
    "created": "2020-04-23T16:56:27.051Z",
    "modified": "2020-04-23T16:56:27.051Z",
    "template": 207,
    "name": "Content"
  }
},
{
  "model": "templates.templateblock",
  "pk": 16,
  "fields": {
    "created": "2020-04-23T16:56:27.081Z",
    "modified": "2020-04-23T16:56:27.081Z",
    "template": 208,
    "name": "Content"
  }
},
{
  "model": "templates.template",
  "pk": 1,
  "fields": {
    "parental_template": null,
    "frontend": 1,
    "primary_language": "en",
    "keywords": []
  }
},
{
  "model": "templates.template",
  "pk": 2,
  "fields": {
    "parental_template": null,
    "frontend": 2,
    "primary_language": "en",
    "keywords": []
  }
},
{
  "model": "templates.template",
  "pk": 3,
  "fields": {
    "parental_template": null,
    "frontend": 3,
    "primary_language": "en",
    "keywords": []
  }
},
{
  "model": "templates.template",
  "pk": 5,
  "fields": {
    "parental_template": null,
    "frontend": 3,
    "primary_language": "en",
    "keywords": []
  }
},
{
  "model": "templates.template",
  "pk": 6,
  "fields": {
    "parental_template": null,
    "frontend": 1,
    "primary_language": "en",
    "keywords": []
  }
},
{
  "model": "templates.template",
  "pk": 7,
  "fields": {
    "parental_template": null,
    "frontend": 2,
    "primary_language": "en",
    "keywords": []
  }
},
{
  "model": "templates.template",
  "pk": 151,
  "fields": {
    "parental_template": null,
    "frontend": 1,
    "primary_language": "en",
    "keywords": []
  }
},
{
  "model": "templates.template",
  "pk": 206,
  "fields": {
    "parental_template": 5,
    "frontend": 3,
    "primary_language": "en",
    "keywords": []
  }
},
{
  "model": "templates.template",
  "pk": 207,
  "fields": {
    "parental_template": 5,
    "frontend": 3,
    "primary_language": "en",
    "keywords": []
  }
},
{
  "model": "templates.template",
  "pk": 208,
  "fields": {
    "parental_template": 5,
    "frontend": 3,
    "primary_language": "en",
    "keywords": []
  }
},
{
  "model": "themes.theme",
  "pk": 8,
  "fields": {
    "logo": null,
    "legal_text": null,
    "keywords": []
  }
},
{
  "model": "themes.theme",
  "pk": 209,
  "fields": {
    "logo": null,
    "legal_text": null,
    "keywords": []
  }
},
{
  "model": "users.user",
  "pk": 1,
  "fields": {
    "password": "argon2$argon2i$v=19$m=512,t=2,p=2$NWhlU2Zhak96WldV$zpE1qSXMkP/NKlNgBIeDlw",
    "last_login": null,
    "username": "admin",
    "is_active": true,
    "is_superuser": true,
    "is_creator": false,
    "date_joined": "2020-04-23T16:54:12.872Z",
    "profile": {},
    "experience": [],
    "profile_image": null,
    "privacy": "global",
    "my_folder": 1,
    "groups": []
  }
},
{
  "model": "variables.variabledefinition",
  "pk": 1,
  "fields": {
    "created": "2020-04-23T16:56:27.373Z",
    "modified": "2020-04-23T16:56:27.545Z",
    "slug": "triggerword-WZEnJTpw",
    "name": "triggerword",
    "comment": "For testing accessiblity in block content",
    "module_definition": 213,
    "scope": "hand",
    "data_type": "str",
    "validator": null,
    "default_value": "pizza",
    "specifiable": false,
    "is_payoff": false,
    "is_output_data": false,
    "monitored": false
  }
},
{
  "model": "variables.variabledefinition",
  "pk": 2,
  "fields": {
    "created": "2020-04-23T16:56:27.386Z",
    "modified": "2020-04-23T16:56:27.548Z",
    "slug": "rendersmssave-lkEJZeTQ",
    "name": "rendersmssave",
    "comment": "For 2nd stage save action in render-sms-test",
    "module_definition": 213,
    "scope": "hand",
    "data_type": "str",
    "validator": null,
    "default_value": null,
    "specifiable": false,
    "is_payoff": false,
    "is_output_data": false,
    "monitored": false
  }
},
{
  "model": "variables.variabledefinition",
  "pk": 3,
  "fields": {
    "created": "2020-04-23T16:56:27.399Z",
    "modified": "2020-04-23T16:56:27.553Z",
    "slug": "rendersmsinputtwo-JTlhiCqj",
    "name": "rendersmsinputtwo",
    "comment": "For 2nd stage input in render-sms-test",
    "module_definition": 213,
    "scope": "hand",
    "data_type": "str",
    "validator": null,
    "default_value": null,
    "specifiable": false,
    "is_payoff": false,
    "is_output_data": false,
    "monitored": false
  }
},
{
  "model": "variables.variabledefinition",
  "pk": 4,
  "fields": {
    "created": "2020-04-23T16:56:27.412Z",
    "modified": "2020-04-23T16:56:27.556Z",
    "slug": "rendersmsinputone-kRTGBBoG",
    "name": "rendersmsinputone",
    "comment": "For 1st stage input in render-sms-test",
    "module_definition": 213,
    "scope": "hand",
    "data_type": "str",
    "validator": null,
    "default_value": null,
    "specifiable": false,
    "is_payoff": false,
    "is_output_data": false,
    "monitored": false
  }
},
{
  "model": "widgets.widgetstate",
  "pk": 1,
  "fields": {
    "created": "2020-04-23T16:54:05.493Z",
    "modified": "2020-04-23T16:54:05.493Z",
    "name": "result",
    "comment": null,
    "widget": 66,
    "default_value": null,
    "from_prop": false
  }
},
{
  "model": "widgets.widgetstate",
  "pk": 2,
  "fields": {
    "created": "2020-04-23T16:54:07.467Z",
    "modified": "2020-04-23T16:54:07.467Z",
    "name": "value",
    "comment": null,
    "widget": 139,
    "default_value": null,
    "from_prop": false
  }
},
{
  "model": "widgets.widgetstate",
  "pk": 3,
  "fields": {
    "created": "2020-04-23T16:54:08.301Z",
    "modified": "2020-04-23T16:54:08.301Z",
    "name": "autoDisable",
    "comment": null,
    "widget": 160,
    "default_value": "False",
    "from_prop": false
  }
},
{
  "model": "widgets.widgetstate",
  "pk": 4,
  "fields": {
    "created": "2020-04-23T16:54:08.855Z",
    "modified": "2020-04-23T16:54:08.855Z",
    "name": "value",
    "comment": null,
    "widget": 168,
    "default_value": null,
    "from_prop": false
  }
},
{
  "model": "widgets.widgetstate",
  "pk": 5,
  "fields": {
    "created": "2020-04-23T16:54:08.940Z",
    "modified": "2020-04-23T16:54:08.940Z",
    "name": "useLocation",
    "comment": null,
    "widget": 170,
    "default_value": null,
    "from_prop": false
  }
},
{
  "model": "widgets.widgetstate",
  "pk": 6,
  "fields": {
    "created": "2020-04-23T16:54:09.008Z",
    "modified": "2020-04-23T16:54:09.008Z",
    "name": "close",
    "comment": null,
    "widget": 171,
    "default_value": null,
    "from_prop": false
  }
},
{
  "model": "widgets.widgetstate",
  "pk": 7,
  "fields": {
    "created": "2020-04-23T16:54:09.129Z",
    "modified": "2020-04-23T16:54:09.129Z",
    "name": "stateValue",
    "comment": null,
    "widget": 172,
    "default_value": null,
    "from_prop": false
  }
},
{
  "model": "widgets.widgetevent",
  "pk": 1,
  "fields": {
    "created": "2020-04-23T16:54:04.489Z",
    "modified": "2020-04-23T16:54:04.489Z",
    "name": "",
    "event_type": "onChange",
    "widget": 26
  }
},
{
  "model": "widgets.widgetevent",
  "pk": 2,
  "fields": {
    "created": "2020-04-23T16:54:04.496Z",
    "modified": "2020-04-23T16:54:04.496Z",
    "name": "",
    "event_type": "onFocus",
    "widget": 26
  }
},
{
  "model": "widgets.widgetevent",
  "pk": 3,
  "fields": {
    "created": "2020-04-23T16:54:04.504Z",
    "modified": "2020-04-23T16:54:04.504Z",
    "name": "",
    "event_type": "onBlur",
    "widget": 26
  }
},
{
  "model": "widgets.widgetevent",
  "pk": 4,
  "fields": {
    "created": "2020-04-23T16:54:05.487Z",
    "modified": "2020-04-23T16:54:05.487Z",
    "name": "",
    "event_type": "onScan",
    "widget": 66
  }
},
{
  "model": "widgets.widgetevent",
  "pk": 5,
  "fields": {
    "created": "2020-04-23T16:54:06.134Z",
    "modified": "2020-04-23T16:54:06.134Z",
    "name": "",
    "event_type": "onReply",
    "widget": 92
  }
},
{
  "model": "widgets.widgetevent",
  "pk": 6,
  "fields": {
    "created": "2020-04-23T16:54:06.573Z",
    "modified": "2020-04-23T16:54:06.573Z",
    "name": "",
    "event_type": "onClick",
    "widget": 109
  }
},
{
  "model": "widgets.widgetevent",
  "pk": 7,
  "fields": {
    "created": "2020-04-23T16:54:07.425Z",
    "modified": "2020-04-23T16:54:07.425Z",
    "name": "",
    "event_type": "onChange",
    "widget": 139
  }
},
{
  "model": "widgets.widgetevent",
  "pk": 8,
  "fields": {
    "created": "2020-04-23T16:54:07.497Z",
    "modified": "2020-04-23T16:54:07.497Z",
    "name": "",
    "event_type": "onClick",
    "widget": 140
  }
},
{
  "model": "widgets.widgetevent",
  "pk": 9,
  "fields": {
    "created": "2020-04-23T16:54:07.504Z",
    "modified": "2020-04-23T16:54:07.504Z",
    "name": "",
    "event_type": "onChange",
    "widget": 140
  }
},
{
  "model": "widgets.widgetevent",
  "pk": 10,
  "fields": {
    "created": "2020-04-23T16:54:07.511Z",
    "modified": "2020-04-23T16:54:07.511Z",
    "name": "",
    "event_type": "onBlur",
    "widget": 140
  }
},
{
  "model": "widgets.widgetevent",
  "pk": 11,
  "fields": {
    "created": "2020-04-23T16:54:07.964Z",
    "modified": "2020-04-23T16:54:07.964Z",
    "name": "",
    "event_type": "onBlur",
    "widget": 153
  }
},
{
  "model": "widgets.widgetevent",
  "pk": 12,
  "fields": {
    "created": "2020-04-23T16:54:07.971Z",
    "modified": "2020-04-23T16:54:07.971Z",
    "name": "",
    "event_type": "onChange",
    "widget": 153
  }
},
{
  "model": "widgets.widgetevent",
  "pk": 13,
  "fields": {
    "created": "2020-04-23T16:54:08.071Z",
    "modified": "2020-04-23T16:54:08.071Z",
    "name": "",
    "event_type": "onScan",
    "widget": 155
  }
},
{
  "model": "widgets.widgetevent",
  "pk": 14,
  "fields": {
    "created": "2020-04-23T16:54:08.152Z",
    "modified": "2020-04-23T16:54:08.152Z",
    "name": "",
    "event_type": "onClick",
    "widget": 157
  }
},
{
  "model": "widgets.widgetevent",
  "pk": 15,
  "fields": {
    "created": "2020-04-23T16:54:08.235Z",
    "modified": "2020-04-23T16:54:08.235Z",
    "name": "",
    "event_type": "onChange",
    "widget": 159
  }
},
{
  "model": "widgets.widgetevent",
  "pk": 16,
  "fields": {
    "created": "2020-04-23T16:54:08.279Z",
    "modified": "2020-04-23T16:54:08.279Z",
    "name": "",
    "event_type": "onClick",
    "widget": 160
  }
},
{
  "model": "widgets.widgetevent",
  "pk": 17,
  "fields": {
    "created": "2020-04-23T16:54:08.357Z",
    "modified": "2020-04-23T16:54:08.357Z",
    "name": "",
    "event_type": "onChange",
    "widget": 161
  }
},
{
  "model": "widgets.widgetevent",
  "pk": 18,
  "fields": {
    "created": "2020-04-23T16:54:08.446Z",
    "modified": "2020-04-23T16:54:08.446Z",
    "name": "",
    "event_type": "onKeyDown",
    "widget": 162
  }
},
{
  "model": "widgets.widgetevent",
  "pk": 19,
  "fields": {
    "created": "2020-04-23T16:54:08.453Z",
    "modified": "2020-04-23T16:54:08.453Z",
    "name": "",
    "event_type": "onBlur",
    "widget": 162
  }
},
{
  "model": "widgets.widgetevent",
  "pk": 20,
  "fields": {
    "created": "2020-04-23T16:54:08.461Z",
    "modified": "2020-04-23T16:54:08.461Z",
    "name": "",
    "event_type": "onChange",
    "widget": 162
  }
},
{
  "model": "widgets.widgetevent",
  "pk": 21,
  "fields": {
    "created": "2020-04-23T16:54:08.467Z",
    "modified": "2020-04-23T16:54:08.467Z",
    "name": "",
    "event_type": "onFocus",
    "widget": 162
  }
},
{
  "model": "widgets.widgetevent",
  "pk": 22,
  "fields": {
    "created": "2020-04-23T16:54:08.644Z",
    "modified": "2020-04-23T16:54:08.644Z",
    "name": "",
    "event_type": "onChange",
    "widget": 165
  }
},
{
  "model": "widgets.widgetevent",
  "pk": 23,
  "fields": {
    "created": "2020-04-23T16:54:08.650Z",
    "modified": "2020-04-23T16:54:08.650Z",
    "name": "",
    "event_type": "onBlur",
    "widget": 165
  }
},
{
  "model": "widgets.widgetevent",
  "pk": 24,
  "fields": {
    "created": "2020-04-23T16:54:08.657Z",
    "modified": "2020-04-23T16:54:08.657Z",
    "name": "",
    "event_type": "onKeyDown",
    "widget": 165
  }
},
{
  "model": "widgets.widgetevent",
  "pk": 25,
  "fields": {
    "created": "2020-04-23T16:54:08.819Z",
    "modified": "2020-04-23T16:54:08.819Z",
    "name": "",
    "event_type": "onFocus",
    "widget": 168
  }
},
{
  "model": "widgets.widgetevent",
  "pk": 26,
  "fields": {
    "created": "2020-04-23T16:54:08.825Z",
    "modified": "2020-04-23T16:54:08.825Z",
    "name": "",
    "event_type": "onBlur",
    "widget": 168
  }
},
{
  "model": "widgets.widgetevent",
  "pk": 27,
  "fields": {
    "created": "2020-04-23T16:54:08.832Z",
    "modified": "2020-04-23T16:54:08.832Z",
    "name": "",
    "event_type": "onChange",
    "widget": 168
  }
},
{
  "model": "widgets.widgetevent",
  "pk": 28,
  "fields": {
    "created": "2020-04-23T16:54:08.933Z",
    "modified": "2020-04-23T16:54:08.933Z",
    "name": "button",
    "event_type": "onClick",
    "widget": 170
  }
},
{
  "model": "widgets.widgetevent",
  "pk": 29,
  "fields": {
    "created": "2020-04-23T16:54:09.076Z",
    "modified": "2020-04-23T16:54:09.076Z",
    "name": "",
    "event_type": "onClick",
    "widget": 172
  }
},
{
  "model": "widgets.widgetevent",
  "pk": 30,
  "fields": {
    "created": "2020-04-23T16:54:09.082Z",
    "modified": "2020-04-23T16:54:09.082Z",
    "name": "",
    "event_type": "onChange",
    "widget": 172
  }
},
{
  "model": "widgets.widgetevent",
  "pk": 31,
  "fields": {
    "created": "2020-04-23T16:54:09.172Z",
    "modified": "2020-04-23T16:54:09.172Z",
    "name": "",
    "event_type": "onClick",
    "widget": 173
  }
},
{
  "model": "widgets.widgetevent",
  "pk": 32,
  "fields": {
    "created": "2020-04-23T16:54:09.215Z",
    "modified": "2020-04-23T16:54:09.215Z",
    "name": "",
    "event_type": "onFocus",
    "widget": 174
  }
},
{
  "model": "widgets.widgetevent",
  "pk": 33,
  "fields": {
    "created": "2020-04-23T16:54:09.222Z",
    "modified": "2020-04-23T16:54:09.222Z",
    "name": "",
    "event_type": "onChange",
    "widget": 174
  }
},
{
  "model": "widgets.widgetevent",
  "pk": 34,
  "fields": {
    "created": "2020-04-23T16:54:09.267Z",
    "modified": "2020-04-23T16:54:09.267Z",
    "name": "",
    "event_type": "onClick",
    "widget": 175
  }
},
{
  "model": "widgets.widgetevent",
  "pk": 35,
  "fields": {
    "created": "2020-04-23T16:54:09.328Z",
    "modified": "2020-04-23T16:54:09.328Z",
    "name": "",
    "event_type": "onChange",
    "widget": 176
  }
},
{
  "model": "widgets.widgeteventstep",
  "pk": 1,
  "fields": {
    "created": "2020-04-23T16:54:05.498Z",
    "modified": "2020-04-23T16:54:05.498Z",
    "widget_event": 4,
    "code": "if (data) {\n  setResult({\n    result: data\n  })\n}",
    "event_action_type": "run_code",
    "order": 0
  }
},
{
  "model": "widgets.widgeteventstep",
  "pk": 2,
  "fields": {
    "created": "2020-04-23T16:54:06.140Z",
    "modified": "2020-04-23T16:54:06.140Z",
    "widget_event": 5,
    "code": null,
    "event_action_type": "submit",
    "order": 0
  }
},
{
  "model": "widgets.widgeteventstep",
  "pk": 3,
  "fields": {
    "created": "2020-04-23T16:54:08.171Z",
    "modified": "2020-04-23T16:54:08.171Z",
    "widget_event": 14,
    "code": "closeDialog(true)",
    "event_action_type": "run_code",
    "order": 0
  }
},
{
  "model": "widgets.widgeteventstep",
  "pk": 4,
  "fields": {
    "created": "2020-04-23T16:54:08.242Z",
    "modified": "2020-04-23T16:54:08.242Z",
    "widget_event": 15,
    "code": "parent.setState({value: args[0]})",
    "event_action_type": "run_code",
    "order": 0
  }
},
{
  "model": "widgets.widgeteventstep",
  "pk": 5,
  "fields": {
    "created": "2020-04-23T16:54:08.307Z",
    "modified": "2020-04-23T16:54:08.307Z",
    "widget_event": 16,
    "code": "setAutoDisable(true);",
    "event_action_type": "run_code",
    "order": 0
  }
},
{
  "model": "widgets.widgeteventstep",
  "pk": 6,
  "fields": {
    "created": "2020-04-23T16:54:08.490Z",
    "modified": "2020-04-23T16:54:08.490Z",
    "widget_event": 18,
    "code": "const key_val = event.which;\n    if ((key_val < 48 || key_val > 57) && (!([8, 9, 13, 37, 38, 39, 40, 46].includes(key_val)))){\n      event.preventDefault();\n    }",
    "event_action_type": "run_code",
    "order": 0
  }
},
{
  "model": "widgets.widgeteventstep",
  "pk": 7,
  "fields": {
    "created": "2020-04-23T16:54:08.945Z",
    "modified": "2020-04-23T16:54:08.945Z",
    "widget_event": 28,
    "code": "if (useLocation){\n  setUseLocation(false);\n}\nelse {\n  setUseLocation(true);\n}",
    "event_action_type": "run_code",
    "order": 0
  }
},
{
  "model": "widgets.widgeteventstep",
  "pk": 8,
  "fields": {
    "created": "2020-04-23T16:54:09.133Z",
    "modified": "2020-04-23T16:54:09.133Z",
    "widget_event": 29,
    "code": "if (event.target.value != null){\n  setStateValue(event.target.value);}",
    "event_action_type": "run_code",
    "order": 0
  }
},
{
  "model": "widgets.widgeteventstep",
  "pk": 9,
  "fields": {
    "created": "2020-04-23T16:54:09.178Z",
    "modified": "2020-04-23T16:54:09.178Z",
    "widget_event": 31,
    "code": null,
    "event_action_type": "submit",
    "order": 0
  }
},
{
  "model": "widgets.widgeteventstep",
  "pk": 10,
  "fields": {
    "created": "2020-04-23T16:54:09.280Z",
    "modified": "2020-04-23T16:54:09.280Z",
    "widget_event": 34,
    "code": null,
    "event_action_type": "back",
    "order": 0
  }
},
{
  "model": "widgets.widgetprop",
  "pk": 1,
  "fields": {
    "created": "2020-04-23T16:54:06.580Z",
    "modified": "2020-04-23T16:54:06.580Z",
    "name": "id",
    "comment": null,
    "widget": 109,
    "default_value": "mui-button",
    "preview_value": null
  }
},
{
  "model": "widgets.widgetprop",
  "pk": 2,
  "fields": {
    "created": "2020-04-23T16:54:07.326Z",
    "modified": "2020-04-23T16:54:07.326Z",
    "name": "id",
    "comment": null,
    "widget": 137,
    "default_value": "submit-button",
    "preview_value": null
  }
},
{
  "model": "widgets.widgetprop",
  "pk": 3,
  "fields": {
    "created": "2020-04-23T16:54:07.331Z",
    "modified": "2020-04-23T16:54:07.331Z",
    "name": "color",
    "comment": null,
    "widget": 137,
    "default_value": "primary",
    "preview_value": null
  }
},
{
  "model": "widgets.widgetprop",
  "pk": 4,
  "fields": {
    "created": "2020-04-23T16:54:07.338Z",
    "modified": "2020-04-23T16:54:07.338Z",
    "name": "variant",
    "comment": null,
    "widget": 137,
    "default_value": "contained",
    "preview_value": null
  }
},
{
  "model": "widgets.widgetprop",
  "pk": 5,
  "fields": {
    "created": "2020-04-23T16:54:07.431Z",
    "modified": "2020-04-23T16:54:07.431Z",
    "name": "label",
    "comment": null,
    "widget": 139,
    "default_value": null,
    "preview_value": null
  }
},
{
  "model": "widgets.widgetprop",
  "pk": 6,
  "fields": {
    "created": "2020-04-23T16:54:07.437Z",
    "modified": "2020-04-23T16:54:07.437Z",
    "name": "row",
    "comment": null,
    "widget": 139,
    "default_value": null,
    "preview_value": null
  }
},
{
  "model": "widgets.widgetprop",
  "pk": 7,
  "fields": {
    "created": "2020-04-23T16:54:07.442Z",
    "modified": "2020-04-23T16:54:07.442Z",
    "name": "defaultValue",
    "comment": null,
    "widget": 139,
    "default_value": null,
    "preview_value": null
  }
},
{
  "model": "widgets.widgetprop",
  "pk": 8,
  "fields": {
    "created": "2020-04-23T16:54:07.447Z",
    "modified": "2020-04-23T16:54:07.447Z",
    "name": "disabled",
    "comment": null,
    "widget": 139,
    "default_value": null,
    "preview_value": null
  }
},
{
  "model": "widgets.widgetprop",
  "pk": 9,
  "fields": {
    "created": "2020-04-23T16:54:07.452Z",
    "modified": "2020-04-23T16:54:07.452Z",
    "name": "id",
    "comment": null,
    "widget": 139,
    "default_value": null,
    "preview_value": null
  }
},
{
  "model": "widgets.widgetprop",
  "pk": 10,
  "fields": {
    "created": "2020-04-23T16:54:07.457Z",
    "modified": "2020-04-23T16:54:07.457Z",
    "name": "name",
    "comment": null,
    "widget": 139,
    "default_value": null,
    "preview_value": null
  }
},
{
  "model": "widgets.widgetprop",
  "pk": 11,
  "fields": {
    "created": "2020-04-23T16:54:07.462Z",
    "modified": "2020-04-23T16:54:07.462Z",
    "name": "gqlId",
    "comment": null,
    "widget": 139,
    "default_value": null,
    "preview_value": null
  }
},
{
  "model": "widgets.widgetprop",
  "pk": 12,
  "fields": {
    "created": "2020-04-23T16:54:07.518Z",
    "modified": "2020-04-23T16:54:07.518Z",
    "name": "value",
    "comment": null,
    "widget": 140,
    "default_value": null,
    "preview_value": null
  }
},
{
  "model": "widgets.widgetprop",
  "pk": 13,
  "fields": {
    "created": "2020-04-23T16:54:07.978Z",
    "modified": "2020-04-23T16:54:07.978Z",
    "name": "label",
    "comment": null,
    "widget": 153,
    "default_value": null,
    "preview_value": null
  }
},
{
  "model": "widgets.widgetprop",
  "pk": 14,
  "fields": {
    "created": "2020-04-23T16:54:07.983Z",
    "modified": "2020-04-23T16:54:07.983Z",
    "name": "defaultValue",
    "comment": null,
    "widget": 153,
    "default_value": null,
    "preview_value": null
  }
},
{
  "model": "widgets.widgetprop",
  "pk": 15,
  "fields": {
    "created": "2020-04-23T16:54:08.077Z",
    "modified": "2020-04-23T16:54:08.077Z",
    "name": "helperText",
    "comment": null,
    "widget": 155,
    "default_value": null,
    "preview_value": null
  }
},
{
  "model": "widgets.widgetprop",
  "pk": 16,
  "fields": {
    "created": "2020-04-23T16:54:08.083Z",
    "modified": "2020-04-23T16:54:08.083Z",
    "name": "OptionalInput",
    "comment": null,
    "widget": 155,
    "default_value": null,
    "preview_value": null
  }
},
{
  "model": "widgets.widgetprop",
  "pk": 17,
  "fields": {
    "created": "2020-04-23T16:54:08.089Z",
    "modified": "2020-04-23T16:54:08.089Z",
    "name": "defaultValue",
    "comment": null,
    "widget": 155,
    "default_value": null,
    "preview_value": null
  }
},
{
  "model": "widgets.widgetprop",
  "pk": 18,
  "fields": {
    "created": "2020-04-23T16:54:08.160Z",
    "modified": "2020-04-23T16:54:08.160Z",
    "name": "closeDialog",
    "comment": null,
    "widget": 157,
    "default_value": null,
    "preview_value": null
  }
},
{
  "model": "widgets.widgetprop",
  "pk": 19,
  "fields": {
    "created": "2020-04-23T16:54:08.165Z",
    "modified": "2020-04-23T16:54:08.165Z",
    "name": "fullWidth",
    "comment": null,
    "widget": 157,
    "default_value": null,
    "preview_value": null
  }
},
{
  "model": "widgets.widgetprop",
  "pk": 20,
  "fields": {
    "created": "2020-04-23T16:54:08.285Z",
    "modified": "2020-04-23T16:54:08.285Z",
    "name": "disabled",
    "comment": null,
    "widget": 160,
    "default_value": null,
    "preview_value": null
  }
},
{
  "model": "widgets.widgetprop",
  "pk": 21,
  "fields": {
    "created": "2020-04-23T16:54:08.291Z",
    "modified": "2020-04-23T16:54:08.291Z",
    "name": "variant",
    "comment": null,
    "widget": 160,
    "default_value": null,
    "preview_value": null
  }
},
{
  "model": "widgets.widgetprop",
  "pk": 22,
  "fields": {
    "created": "2020-04-23T16:54:08.296Z",
    "modified": "2020-04-23T16:54:08.296Z",
    "name": "color",
    "comment": null,
    "widget": 160,
    "default_value": null,
    "preview_value": null
  }
},
{
  "model": "widgets.widgetprop",
  "pk": 23,
  "fields": {
    "created": "2020-04-23T16:54:08.363Z",
    "modified": "2020-04-23T16:54:08.363Z",
    "name": "label",
    "comment": null,
    "widget": 161,
    "default_value": null,
    "preview_value": null
  }
},
{
  "model": "widgets.widgetprop",
  "pk": 24,
  "fields": {
    "created": "2020-04-23T16:54:08.369Z",
    "modified": "2020-04-23T16:54:08.369Z",
    "name": "value",
    "comment": null,
    "widget": 161,
    "default_value": null,
    "preview_value": null
  }
},
{
  "model": "widgets.widgetprop",
  "pk": 25,
  "fields": {
    "created": "2020-04-23T16:54:08.374Z",
    "modified": "2020-04-23T16:54:08.374Z",
    "name": "disabled",
    "comment": null,
    "widget": 161,
    "default_value": null,
    "preview_value": null
  }
},
{
  "model": "widgets.widgetprop",
  "pk": 26,
  "fields": {
    "created": "2020-04-23T16:54:08.380Z",
    "modified": "2020-04-23T16:54:08.380Z",
    "name": "id",
    "comment": null,
    "widget": 161,
    "default_value": null,
    "preview_value": null
  }
},
{
  "model": "widgets.widgetprop",
  "pk": 27,
  "fields": {
    "created": "2020-04-23T16:54:08.385Z",
    "modified": "2020-04-23T16:54:08.385Z",
    "name": "helperText",
    "comment": null,
    "widget": 161,
    "default_value": null,
    "preview_value": null
  }
},
{
  "model": "widgets.widgetprop",
  "pk": 28,
  "fields": {
    "created": "2020-04-23T16:54:08.390Z",
    "modified": "2020-04-23T16:54:08.390Z",
    "name": "gqlId",
    "comment": null,
    "widget": 161,
    "default_value": null,
    "preview_value": null
  }
},
{
  "model": "widgets.widgetprop",
  "pk": 29,
  "fields": {
    "created": "2020-04-23T16:54:08.395Z",
    "modified": "2020-04-23T16:54:08.395Z",
    "name": "name",
    "comment": null,
    "widget": 161,
    "default_value": null,
    "preview_value": null
  }
},
{
  "model": "widgets.widgetprop",
  "pk": 30,
  "fields": {
    "created": "2020-04-23T16:54:08.474Z",
    "modified": "2020-04-23T16:54:08.474Z",
    "name": "label",
    "comment": null,
    "widget": 162,
    "default_value": null,
    "preview_value": null
  }
},
{
  "model": "widgets.widgetprop",
  "pk": 31,
  "fields": {
    "created": "2020-04-23T16:54:08.479Z",
    "modified": "2020-04-23T16:54:08.479Z",
    "name": "defaultValue",
    "comment": null,
    "widget": 162,
    "default_value": null,
    "preview_value": null
  }
},
{
  "model": "widgets.widgetprop",
  "pk": 32,
  "fields": {
    "created": "2020-04-23T16:54:08.484Z",
    "modified": "2020-04-23T16:54:08.484Z",
    "name": "error",
    "comment": null,
    "widget": 162,
    "default_value": null,
    "preview_value": null
  }
},
{
  "model": "widgets.widgetprop",
  "pk": 33,
  "fields": {
    "created": "2020-04-23T16:54:08.568Z",
    "modified": "2020-04-23T16:54:08.568Z",
    "name": "imageUrl",
    "comment": null,
    "widget": 164,
    "default_value": null,
    "preview_value": null
  }
},
{
  "model": "widgets.widgetprop",
  "pk": 34,
  "fields": {
    "created": "2020-04-23T16:54:08.574Z",
    "modified": "2020-04-23T16:54:08.574Z",
    "name": "imageWidth",
    "comment": null,
    "widget": 164,
    "default_value": 200,
    "preview_value": null
  }
},
{
  "model": "widgets.widgetprop",
  "pk": 35,
  "fields": {
    "created": "2020-04-23T16:54:08.579Z",
    "modified": "2020-04-23T16:54:08.579Z",
    "name": "imageHeight",
    "comment": null,
    "widget": 164,
    "default_value": 250,
    "preview_value": null
  }
},
{
  "model": "widgets.widgetprop",
  "pk": 36,
  "fields": {
    "created": "2020-04-23T16:54:08.583Z",
    "modified": "2020-04-23T16:54:08.583Z",
    "name": "label",
    "comment": null,
    "widget": 164,
    "default_value": null,
    "preview_value": null
  }
},
{
  "model": "widgets.widgetprop",
  "pk": 37,
  "fields": {
    "created": "2020-04-23T16:54:08.589Z",
    "modified": "2020-04-23T16:54:08.589Z",
    "name": "defaultValue",
    "comment": null,
    "widget": 164,
    "default_value": null,
    "preview_value": null
  }
},
{
  "model": "widgets.widgetprop",
  "pk": 38,
  "fields": {
    "created": "2020-04-23T16:54:08.594Z",
    "modified": "2020-04-23T16:54:08.594Z",
    "name": "disabled",
    "comment": null,
    "widget": 164,
    "default_value": null,
    "preview_value": null
  }
},
{
  "model": "widgets.widgetprop",
  "pk": 39,
  "fields": {
    "created": "2020-04-23T16:54:08.600Z",
    "modified": "2020-04-23T16:54:08.600Z",
    "name": "id",
    "comment": null,
    "widget": 164,
    "default_value": null,
    "preview_value": null
  }
},
{
  "model": "widgets.widgetprop",
  "pk": 40,
  "fields": {
    "created": "2020-04-23T16:54:08.605Z",
    "modified": "2020-04-23T16:54:08.605Z",
    "name": "helperText",
    "comment": null,
    "widget": 164,
    "default_value": null,
    "preview_value": null
  }
},
{
  "model": "widgets.widgetprop",
  "pk": 41,
  "fields": {
    "created": "2020-04-23T16:54:08.664Z",
    "modified": "2020-04-23T16:54:08.664Z",
    "name": "defaultValue",
    "comment": null,
    "widget": 165,
    "default_value": null,
    "preview_value": null
  }
},
{
  "model": "widgets.widgetprop",
  "pk": 42,
  "fields": {
    "created": "2020-04-23T16:54:08.776Z",
    "modified": "2020-04-23T16:54:08.776Z",
    "name": "isGeolocationAvailable",
    "comment": null,
    "widget": 167,
    "default_value": null,
    "preview_value": null
  }
},
{
  "model": "widgets.widgetprop",
  "pk": 43,
  "fields": {
    "created": "2020-04-23T16:54:08.782Z",
    "modified": "2020-04-23T16:54:08.782Z",
    "name": "coords",
    "comment": null,
    "widget": 167,
    "default_value": null,
    "preview_value": null
  }
},
{
  "model": "widgets.widgetprop",
  "pk": 44,
  "fields": {
    "created": "2020-04-23T16:54:08.839Z",
    "modified": "2020-04-23T16:54:08.839Z",
    "name": "defaultValue",
    "comment": null,
    "widget": 168,
    "default_value": null,
    "preview_value": null
  }
},
{
  "model": "widgets.widgetprop",
  "pk": 45,
  "fields": {
    "created": "2020-04-23T16:54:08.844Z",
    "modified": "2020-04-23T16:54:08.844Z",
    "name": "maxValue",
    "comment": null,
    "widget": 168,
    "default_value": null,
    "preview_value": null
  }
},
{
  "model": "widgets.widgetprop",
  "pk": 46,
  "fields": {
    "created": "2020-04-23T16:54:08.849Z",
    "modified": "2020-04-23T16:54:08.849Z",
    "name": "minValue",
    "comment": null,
    "widget": 168,
    "default_value": null,
    "preview_value": null
  }
},
{
  "model": "widgets.widgetprop",
  "pk": 47,
  "fields": {
    "created": "2020-04-23T16:54:08.997Z",
    "modified": "2020-04-23T16:54:08.997Z",
    "name": "open",
    "comment": null,
    "widget": 171,
    "default_value": null,
    "preview_value": null
  }
},
{
  "model": "widgets.widgetprop",
  "pk": 48,
  "fields": {
    "created": "2020-04-23T16:54:09.003Z",
    "modified": "2020-04-23T16:54:09.003Z",
    "name": "closeWidget",
    "comment": null,
    "widget": 171,
    "default_value": null,
    "preview_value": null
  }
},
{
  "model": "widgets.widgetprop",
  "pk": 49,
  "fields": {
    "created": "2020-04-23T16:54:09.089Z",
    "modified": "2020-04-23T16:54:09.089Z",
    "name": "label",
    "comment": null,
    "widget": 172,
    "default_value": null,
    "preview_value": null
  }
},
{
  "model": "widgets.widgetprop",
  "pk": 50,
  "fields": {
    "created": "2020-04-23T16:54:09.094Z",
    "modified": "2020-04-23T16:54:09.094Z",
    "name": "defaultValue",
    "comment": null,
    "widget": 172,
    "default_value": null,
    "preview_value": null
  }
},
{
  "model": "widgets.widgetprop",
  "pk": 51,
  "fields": {
    "created": "2020-04-23T16:54:09.098Z",
    "modified": "2020-04-23T16:54:09.098Z",
    "name": "disabled",
    "comment": null,
    "widget": 172,
    "default_value": null,
    "preview_value": null
  }
},
{
  "model": "widgets.widgetprop",
  "pk": 52,
  "fields": {
    "created": "2020-04-23T16:54:09.104Z",
    "modified": "2020-04-23T16:54:09.104Z",
    "name": "labelWidth",
    "comment": null,
    "widget": 172,
    "default_value": null,
    "preview_value": null
  }
},
{
  "model": "widgets.widgetprop",
  "pk": 53,
  "fields": {
    "created": "2020-04-23T16:54:09.109Z",
    "modified": "2020-04-23T16:54:09.109Z",
    "name": "id",
    "comment": null,
    "widget": 172,
    "default_value": null,
    "preview_value": null
  }
},
{
  "model": "widgets.widgetprop",
  "pk": 54,
  "fields": {
    "created": "2020-04-23T16:54:09.113Z",
    "modified": "2020-04-23T16:54:09.113Z",
    "name": "labelId",
    "comment": null,
    "widget": 172,
    "default_value": null,
    "preview_value": null
  }
},
{
  "model": "widgets.widgetprop",
  "pk": 55,
  "fields": {
    "created": "2020-04-23T16:54:09.118Z",
    "modified": "2020-04-23T16:54:09.118Z",
    "name": "helperText",
    "comment": null,
    "widget": 172,
    "default_value": null,
    "preview_value": null
  }
},
{
  "model": "widgets.widgetprop",
  "pk": 56,
  "fields": {
    "created": "2020-04-23T16:54:09.124Z",
    "modified": "2020-04-23T16:54:09.124Z",
    "name": "name",
    "comment": null,
    "widget": 172,
    "default_value": null,
    "preview_value": null
  }
},
{
  "model": "widgets.widgetprop",
  "pk": 57,
  "fields": {
    "created": "2020-04-23T16:54:09.229Z",
    "modified": "2020-04-23T16:54:09.229Z",
    "name": "defaultValue",
    "comment": null,
    "widget": 174,
    "default_value": null,
    "preview_value": null
  }
},
{
  "model": "widgets.widgetprop",
  "pk": 58,
  "fields": {
    "created": "2020-04-23T16:54:09.275Z",
    "modified": "2020-04-23T16:54:09.275Z",
    "name": "id",
    "comment": null,
    "widget": 175,
    "default_value": "back-button",
    "preview_value": null
  }
},
{
  "model": "widgets.widgetprop",
  "pk": 59,
  "fields": {
    "created": "2020-04-23T16:54:09.335Z",
    "modified": "2020-04-23T16:54:09.335Z",
    "name": "labelId",
    "comment": null,
    "widget": 176,
    "default_value": null,
    "preview_value": null
  }
},
{
  "model": "widgets.widgetprop",
  "pk": 60,
  "fields": {
    "created": "2020-04-23T16:54:09.341Z",
    "modified": "2020-04-23T16:54:09.341Z",
    "name": "label",
    "comment": null,
    "widget": 176,
    "default_value": null,
    "preview_value": null
  }
},
{
  "model": "widgets.widgetprop",
  "pk": 61,
  "fields": {
    "created": "2020-04-23T16:54:09.346Z",
    "modified": "2020-04-23T16:54:09.346Z",
    "name": "name",
    "comment": null,
    "widget": 176,
    "default_value": null,
    "preview_value": null
  }
},
{
  "model": "widgets.widgetprop",
  "pk": 62,
  "fields": {
    "created": "2020-04-23T16:54:09.351Z",
    "modified": "2020-04-23T16:54:09.351Z",
    "name": "value",
    "comment": null,
    "widget": 176,
    "default_value": null,
    "preview_value": null
  }
},
{
  "model": "widgets.widgetprop",
  "pk": 63,
  "fields": {
    "created": "2020-04-23T16:54:09.357Z",
    "modified": "2020-04-23T16:54:09.357Z",
    "name": "disabled",
    "comment": null,
    "widget": 176,
    "default_value": null,
    "preview_value": null
  }
},
{
  "model": "widgets.widgetprop",
  "pk": 64,
  "fields": {
    "created": "2020-04-23T16:54:09.362Z",
    "modified": "2020-04-23T16:54:09.362Z",
    "name": "id",
    "comment": null,
    "widget": 176,
    "default_value": null,
    "preview_value": null
  }
},
{
  "model": "widgets.widgetprop",
  "pk": 65,
  "fields": {
    "created": "2020-04-23T16:54:09.367Z",
    "modified": "2020-04-23T16:54:09.367Z",
    "name": "helperText",
    "comment": null,
    "widget": 176,
    "default_value": null,
    "preview_value": null
  }
},
{
  "model": "widgets.widgetprop",
  "pk": 66,
  "fields": {
    "created": "2020-04-23T16:54:09.373Z",
    "modified": "2020-04-23T16:54:09.373Z",
    "name": "gqlId",
    "comment": null,
    "widget": 176,
    "default_value": null,
    "preview_value": null
  }
},
{
  "model": "widgets.widget",
  "pk": 9,
  "fields": {
    "code": null,
    "is_multiple_choice": false,
    "primary_language": "en",
    "address": "@material-ui/core/Grow",
    "external": true,
    "frontend": 1,
    "namespace": "mui",
    "value_parameter": "event.target.value",
    "parameters": [
      "event"
    ],
    "save_null": true,
    "keywords": [],
    "related_widgets": []
  }
},
{
  "model": "widgets.widget",
  "pk": 10,
  "fields": {
    "code": null,
    "is_multiple_choice": false,
    "primary_language": "en",
    "address": "@material-ui/core/ListItemText",
    "external": true,
    "frontend": 1,
    "namespace": "mui",
    "value_parameter": "event.target.value",
    "parameters": [
      "event"
    ],
    "save_null": true,
    "keywords": [],
    "related_widgets": []
  }
},
{
  "model": "widgets.widget",
  "pk": 11,
  "fields": {
    "code": null,
    "is_multiple_choice": false,
    "primary_language": "en",
    "address": "@material-ui/core/ListSubheader",
    "external": true,
    "frontend": 1,
    "namespace": "mui",
    "value_parameter": "event.target.value",
    "parameters": [
      "event"
    ],
    "save_null": true,
    "keywords": [],
    "related_widgets": []
  }
},
{
  "model": "widgets.widget",
  "pk": 12,
  "fields": {
    "code": null,
    "is_multiple_choice": false,
    "primary_language": "en",
    "address": "@material-ui/core/ExpansionPanel",
    "external": true,
    "frontend": 1,
    "namespace": "mui",
    "value_parameter": "event.target.value",
    "parameters": [
      "event"
    ],
    "save_null": true,
    "keywords": [],
    "related_widgets": []
  }
},
{
  "model": "widgets.widget",
  "pk": 13,
  "fields": {
    "code": null,
    "is_multiple_choice": false,
    "primary_language": "en",
    "address": "@material-ui/core/Tooltip",
    "external": true,
    "frontend": 1,
    "namespace": "mui",
    "value_parameter": "event.target.value",
    "parameters": [
      "event"
    ],
    "save_null": true,
    "keywords": [],
    "related_widgets": []
  }
},
{
  "model": "widgets.widget",
  "pk": 16,
  "fields": {
    "code": null,
    "is_multiple_choice": false,
    "primary_language": "en",
    "address": "@material-ui/core/Chip",
    "external": true,
    "frontend": 1,
    "namespace": "mui",
    "value_parameter": "event.target.value",
    "parameters": [
      "event"
    ],
    "save_null": true,
    "keywords": [],
    "related_widgets": []
  }
},
{
  "model": "widgets.widget",
  "pk": 17,
  "fields": {
    "code": null,
    "is_multiple_choice": false,
    "primary_language": "en",
    "address": "@material-ui/core/Icon",
    "external": true,
    "frontend": 1,
    "namespace": "mui",
    "value_parameter": "event.target.value",
    "parameters": [
      "event"
    ],
    "save_null": true,
    "keywords": [],
    "related_widgets": []
  }
},
{
  "model": "widgets.widget",
  "pk": 18,
  "fields": {
    "code": null,
    "is_multiple_choice": false,
    "primary_language": "en",
    "address": "@material-ui/core/ClickAwayListener",
    "external": true,
    "frontend": 1,
    "namespace": "mui",
    "value_parameter": "event.target.value",
    "parameters": [
      "event"
    ],
    "save_null": true,
    "keywords": [],
    "related_widgets": []
  }
},
{
  "model": "widgets.widget",
  "pk": 19,
  "fields": {
    "code": null,
    "is_multiple_choice": false,
    "primary_language": "en",
    "address": "@material-ui/core/DialogContent",
    "external": true,
    "frontend": 1,
    "namespace": "mui",
    "value_parameter": "event.target.value",
    "parameters": [
      "event"
    ],
    "save_null": true,
    "keywords": [],
    "related_widgets": []
  }
},
{
  "model": "widgets.widget",
  "pk": 21,
  "fields": {
    "code": null,
    "is_multiple_choice": false,
    "primary_language": "en",
    "address": "@material-ui/core/CardContent",
    "external": true,
    "frontend": 1,
    "namespace": "mui",
    "value_parameter": "event.target.value",
    "parameters": [
      "event"
    ],
    "save_null": true,
    "keywords": [],
    "related_widgets": []
  }
},
{
  "model": "widgets.widget",
  "pk": 22,
  "fields": {
    "code": null,
    "is_multiple_choice": false,
    "primary_language": "en",
    "address": "@material-ui/core/Link",
    "external": true,
    "frontend": 1,
    "namespace": "mui",
    "value_parameter": "event.target.value",
    "parameters": [
      "event"
    ],
    "save_null": true,
    "keywords": [],
    "related_widgets": []
  }
},
{
  "model": "widgets.widget",
  "pk": 23,
  "fields": {
    "code": null,
    "is_multiple_choice": false,
    "primary_language": "en",
    "address": "@material-ui/core/Fab",
    "external": true,
    "frontend": 1,
    "namespace": "mui",
    "value_parameter": "event.target.value",
    "parameters": [
      "event"
    ],
    "save_null": true,
    "keywords": [],
    "related_widgets": []
  }
},
{
  "model": "widgets.widget",
  "pk": 24,
  "fields": {
    "code": null,
    "is_multiple_choice": false,
    "primary_language": "en",
    "address": "@material-ui/core/Step",
    "external": true,
    "frontend": 1,
    "namespace": "mui",
    "value_parameter": "event.target.value",
    "parameters": [
      "event"
    ],
    "save_null": true,
    "keywords": [],
    "related_widgets": []
  }
},
{
  "model": "widgets.widget",
  "pk": 25,
  "fields": {
    "code": null,
    "is_multiple_choice": false,
    "primary_language": "en",
    "address": "@material-ui/core/Table",
    "external": true,
    "frontend": 1,
    "namespace": "mui",
    "value_parameter": "event.target.value",
    "parameters": [
      "event"
    ],
    "save_null": true,
    "keywords": [],
    "related_widgets": []
  }
},
{
  "model": "widgets.widget",
  "pk": 26,
  "fields": {
    "code": null,
    "is_multiple_choice": false,
    "primary_language": "en",
    "address": "@material-ui/core/TextField",
    "external": true,
    "frontend": 1,
    "namespace": "mui",
    "value_parameter": "event.target.value",
    "parameters": [
      "event"
    ],
    "save_null": true,
    "keywords": [],
    "related_widgets": []
  }
},
{
  "model": "widgets.widget",
  "pk": 27,
  "fields": {
    "code": null,
    "is_multiple_choice": false,
    "primary_language": "en",
    "address": "@material-ui/core/RadioGroup",
    "external": true,
    "frontend": 1,
    "namespace": "mui",
    "value_parameter": "event.target.value",
    "parameters": [
      "event"
    ],
    "save_null": true,
    "keywords": [],
    "related_widgets": []
  }
},
{
  "model": "widgets.widget",
  "pk": 28,
  "fields": {
    "code": null,
    "is_multiple_choice": false,
    "primary_language": "en",
    "address": "react-qr-reader",
    "external": true,
    "frontend": 1,
    "namespace": "react-qr-reader",
    "value_parameter": "data",
    "parameters": [
      "data"
    ],
    "save_null": true,
    "keywords": [],
    "related_widgets": []
  }
},
{
  "model": "widgets.widget",
  "pk": 29,
  "fields": {
    "code": null,
    "is_multiple_choice": false,
    "primary_language": "en",
    "address": "@material-ui/core/GridListTile",
    "external": true,
    "frontend": 1,
    "namespace": "mui",
    "value_parameter": "event.target.value",
    "parameters": [
      "event"
    ],
    "save_null": true,
    "keywords": [],
    "related_widgets": []
  }
},
{
  "model": "widgets.widget",
  "pk": 30,
  "fields": {
    "code": null,
    "is_multiple_choice": false,
    "primary_language": "en",
    "address": "@material-ui/core/Backdrop",
    "external": true,
    "frontend": 1,
    "namespace": "mui",
    "value_parameter": "event.target.value",
    "parameters": [
      "event"
    ],
    "save_null": true,
    "keywords": [],
    "related_widgets": []
  }
},
{
  "model": "widgets.widget",
  "pk": 31,
  "fields": {
    "code": null,
    "is_multiple_choice": false,
    "primary_language": "en",
    "address": "@material-ui/core/Badge",
    "external": true,
    "frontend": 1,
    "namespace": "mui",
    "value_parameter": "event.target.value",
    "parameters": [
      "event"
    ],
    "save_null": true,
    "keywords": [],
    "related_widgets": []
  }
},
{
  "model": "widgets.widget",
  "pk": 32,
  "fields": {
    "code": "String('Reply with a number to send your response. \\n')",
    "is_multiple_choice": false,
    "primary_language": "en",
    "address": null,
    "external": false,
    "frontend": 3,
    "namespace": "Widget",
    "value_parameter": "event.target.value",
    "parameters": [
      "event"
    ],
    "save_null": true,
    "keywords": [],
    "related_widgets": []
  }
},
{
  "model": "widgets.widget",
  "pk": 33,
  "fields": {
    "code": null,
    "is_multiple_choice": false,
    "primary_language": "en",
    "address": "@material-ui/core/StepIcon",
    "external": true,
    "frontend": 1,
    "namespace": "mui",
    "value_parameter": "event.target.value",
    "parameters": [
      "event"
    ],
    "save_null": true,
    "keywords": [],
    "related_widgets": []
  }
},
{
  "model": "widgets.widget",
  "pk": 35,
  "fields": {
    "code": null,
    "is_multiple_choice": false,
    "primary_language": "en",
    "address": "@material-ui/core/Grid",
    "external": true,
    "frontend": 1,
    "namespace": "mui",
    "value_parameter": "event.target.value",
    "parameters": [
      "event"
    ],
    "save_null": true,
    "keywords": [],
    "related_widgets": []
  }
},
{
  "model": "widgets.widget",
  "pk": 36,
  "fields": {
    "code": null,
    "is_multiple_choice": false,
    "primary_language": "en",
    "address": "@material-ui/core/Zoom",
    "external": true,
    "frontend": 1,
    "namespace": "mui",
    "value_parameter": "event.target.value",
    "parameters": [
      "event"
    ],
    "save_null": true,
    "keywords": [],
    "related_widgets": []
  }
},
{
  "model": "widgets.widget",
  "pk": 37,
  "fields": {
    "code": null,
    "is_multiple_choice": false,
    "primary_language": "en",
    "address": "@material-ui/core/AppBar",
    "external": true,
    "frontend": 1,
    "namespace": "mui",
    "value_parameter": "event.target.value",
    "parameters": [
      "event"
    ],
    "save_null": true,
    "keywords": [],
    "related_widgets": []
  }
},
{
  "model": "widgets.widget",
  "pk": 38,
  "fields": {
    "code": null,
    "is_multiple_choice": false,
    "primary_language": "en",
    "address": "@material-ui/core/CardActions",
    "external": true,
    "frontend": 1,
    "namespace": "mui",
    "value_parameter": "event.target.value",
    "parameters": [
      "event"
    ],
    "save_null": true,
    "keywords": [],
    "related_widgets": []
  }
},
{
  "model": "widgets.widget",
  "pk": 40,
  "fields": {
    "code": null,
    "is_multiple_choice": false,
    "primary_language": "en",
    "address": "@material-ui/core/InputLabel",
    "external": true,
    "frontend": 1,
    "namespace": "mui",
    "value_parameter": "event.target.value",
    "parameters": [
      "event"
    ],
    "save_null": true,
    "keywords": [],
    "related_widgets": []
  }
},
{
  "model": "widgets.widget",
  "pk": 41,
  "fields": {
    "code": null,
    "is_multiple_choice": false,
    "primary_language": "en",
    "address": "@material-ui/core/TableBody",
    "external": true,
    "frontend": 1,
    "namespace": "mui",
    "value_parameter": "event.target.value",
    "parameters": [
      "event"
    ],
    "save_null": true,
    "keywords": [],
    "related_widgets": []
  }
},
{
  "model": "widgets.widget",
  "pk": 45,
  "fields": {
    "code": null,
    "is_multiple_choice": false,
    "primary_language": "en",
    "address": "@material-ui/core/CardHeader",
    "external": true,
    "frontend": 1,
    "namespace": "mui",
    "value_parameter": "event.target.value",
    "parameters": [
      "event"
    ],
    "save_null": true,
    "keywords": [],
    "related_widgets": []
  }
},
{
  "model": "widgets.widget",
  "pk": 46,
  "fields": {
    "code": null,
    "is_multiple_choice": false,
    "primary_language": "en",
    "address": "@material-ui/core/TableFooter",
    "external": true,
    "frontend": 1,
    "namespace": "mui",
    "value_parameter": "event.target.value",
    "parameters": [
      "event"
    ],
    "save_null": true,
    "keywords": [],
    "related_widgets": []
  }
},
{
  "model": "widgets.widget",
  "pk": 47,
  "fields": {
    "code": null,
    "is_multiple_choice": false,
    "primary_language": "en",
    "address": "@material-ui/core/StepButton",
    "external": true,
    "frontend": 1,
    "namespace": "mui",
    "value_parameter": "event.target.value",
    "parameters": [
      "event"
    ],
    "save_null": true,
    "keywords": [],
    "related_widgets": []
  }
},
{
  "model": "widgets.widget",
  "pk": 48,
  "fields": {
    "code": null,
    "is_multiple_choice": false,
    "primary_language": "en",
    "address": "@material-ui/core/SwipeableDrawer",
    "external": true,
    "frontend": 1,
    "namespace": "mui",
    "value_parameter": "event.target.value",
    "parameters": [
      "event"
    ],
    "save_null": true,
    "keywords": [],
    "related_widgets": []
  }
},
{
  "model": "widgets.widget",
  "pk": 49,
  "fields": {
    "code": null,
    "is_multiple_choice": false,
    "primary_language": "en",
    "address": "@material-ui/core/Box",
    "external": true,
    "frontend": 1,
    "namespace": "mui",
    "value_parameter": "event.target.value",
    "parameters": [
      "event"
    ],
    "save_null": true,
    "keywords": [],
    "related_widgets": []
  }
},
{
  "model": "widgets.widget",
  "pk": 51,
  "fields": {
    "code": null,
    "is_multiple_choice": false,
    "primary_language": "en",
    "address": "@material-ui/core/StepContent",
    "external": true,
    "frontend": 1,
    "namespace": "mui",
    "value_parameter": "event.target.value",
    "parameters": [
      "event"
    ],
    "save_null": true,
    "keywords": [],
    "related_widgets": []
  }
},
{
  "model": "widgets.widget",
  "pk": 52,
  "fields": {
    "code": null,
    "is_multiple_choice": false,
    "primary_language": "en",
    "address": "@material-ui/core/Menu",
    "external": true,
    "frontend": 1,
    "namespace": "mui",
    "value_parameter": "event.target.value",
    "parameters": [
      "event"
    ],
    "save_null": true,
    "keywords": [],
    "related_widgets": []
  }
},
{
  "model": "widgets.widget",
  "pk": 54,
  "fields": {
    "code": null,
    "is_multiple_choice": false,
    "primary_language": "en",
    "address": "@material-ui/core/Paper",
    "external": true,
    "frontend": 1,
    "namespace": "mui",
    "value_parameter": "event.target.value",
    "parameters": [
      "event"
    ],
    "save_null": true,
    "keywords": [],
    "related_widgets": []
  }
},
{
  "model": "widgets.widget",
  "pk": 55,
  "fields": {
    "code": null,
    "is_multiple_choice": false,
    "primary_language": "en",
    "address": "@material-ui/core/DialogActions",
    "external": true,
    "frontend": 1,
    "namespace": "mui",
    "value_parameter": "event.target.value",
    "parameters": [
      "event"
    ],
    "save_null": true,
    "keywords": [],
    "related_widgets": []
  }
},
{
  "model": "widgets.widget",
  "pk": 56,
  "fields": {
    "code": null,
    "is_multiple_choice": false,
    "primary_language": "en",
    "address": "@material-ui/core/GridListTileBar",
    "external": true,
    "frontend": 1,
    "namespace": "mui",
    "value_parameter": "event.target.value",
    "parameters": [
      "event"
    ],
    "save_null": true,
    "keywords": [],
    "related_widgets": []
  }
},
{
  "model": "widgets.widget",
  "pk": 57,
  "fields": {
    "code": null,
    "is_multiple_choice": false,
    "primary_language": "en",
    "address": "@material-ui/core/styles/MuiThemeProvider",
    "external": true,
    "frontend": 1,
    "namespace": "mui",
    "value_parameter": "event.target.value",
    "parameters": [
      "event"
    ],
    "save_null": true,
    "keywords": [],
    "related_widgets": []
  }
},
{
  "model": "widgets.widget",
  "pk": 58,
  "fields": {
    "code": "var output='Reply with one of the following to send your response: \\n'; for (i=0; i<choices.length; i++){output = output + choices[i]['value'] + ' for ' + choices[i]['caption'] + '\\n'} output",
    "is_multiple_choice": false,
    "primary_language": "en",
    "address": null,
    "external": false,
    "frontend": 3,
    "namespace": "Widget",
    "value_parameter": "event.target.value",
    "parameters": [
      "event"
    ],
    "save_null": true,
    "keywords": [],
    "related_widgets": []
  }
},
{
  "model": "widgets.widget",
  "pk": 59,
  "fields": {
    "code": null,
    "is_multiple_choice": false,
    "primary_language": "en",
    "address": "@material-ui/core/TableHead",
    "external": true,
    "frontend": 1,
    "namespace": "mui",
    "value_parameter": "event.target.value",
    "parameters": [
      "event"
    ],
    "save_null": true,
    "keywords": [],
    "related_widgets": []
  }
},
{
  "model": "widgets.widget",
  "pk": 60,
  "fields": {
    "code": null,
    "is_multiple_choice": false,
    "primary_language": "en",
    "address": "@material-ui/core/Switch",
    "external": true,
    "frontend": 1,
    "namespace": "mui",
    "value_parameter": "event.target.value",
    "parameters": [
      "event"
    ],
    "save_null": true,
    "keywords": [],
    "related_widgets": []
  }
},
{
  "model": "widgets.widget",
  "pk": 61,
  "fields": {
    "code": null,
    "is_multiple_choice": false,
    "primary_language": "en",
    "address": "@material-ui/core/ListItem",
    "external": true,
    "frontend": 1,
    "namespace": "mui",
    "value_parameter": "event.target.value",
    "parameters": [
      "event"
    ],
    "save_null": true,
    "keywords": [],
    "related_widgets": []
  }
},
{
  "model": "widgets.widget",
  "pk": 62,
  "fields": {
    "code": null,
    "is_multiple_choice": false,
    "primary_language": "en",
    "address": "@material-ui/core/Typography",
    "external": true,
    "frontend": 1,
    "namespace": "mui",
    "value_parameter": "event.target.value",
    "parameters": [
      "event"
    ],
    "save_null": true,
    "keywords": [],
    "related_widgets": []
  }
},
{
  "model": "widgets.widget",
  "pk": 63,
  "fields": {
    "code": null,
    "is_multiple_choice": false,
    "primary_language": "en",
    "address": "@material-ui/core/FormControlLabel",
    "external": true,
    "frontend": 1,
    "namespace": "mui",
    "value_parameter": "event.target.value",
    "parameters": [
      "event"
    ],
    "save_null": true,
    "keywords": [],
    "related_widgets": []
  }
},
{
  "model": "widgets.widget",
  "pk": 64,
  "fields": {
    "code": null,
    "is_multiple_choice": false,
    "primary_language": "en",
    "address": "@material-ui/core/Select",
    "external": true,
    "frontend": 1,
    "namespace": "mui",
    "value_parameter": "event.target.value",
    "parameters": [
      "event"
    ],
    "save_null": true,
    "keywords": [],
    "related_widgets": []
  }
},
{
  "model": "widgets.widget",
  "pk": 65,
  "fields": {
    "code": null,
    "is_multiple_choice": false,
    "primary_language": "en",
    "address": "@material-ui/core/Blog",
    "external": true,
    "frontend": 1,
    "namespace": "mui",
    "value_parameter": "event.target.value",
    "parameters": [
      "event"
    ],
    "save_null": true,
    "keywords": [],
    "related_widgets": []
  }
},
{
  "model": "widgets.widget",
  "pk": 66,
  "fields": {
    "code": "<QrReader\n  style={{ maxWidth: \"300\", width: \"100%\" }}\n  onScan={handleScan}\n  onError={(err) => {console.error(err)}}\n/>",
    "is_multiple_choice": false,
    "primary_language": "en",
    "address": null,
    "external": false,
    "frontend": 1,
    "namespace": "Widget",
    "value_parameter": "data",
    "parameters": [
      "data"
    ],
    "save_null": false,
    "keywords": [],
    "related_widgets": []
  }
},
{
  "model": "widgets.widget",
  "pk": 67,
  "fields": {
    "code": null,
    "is_multiple_choice": false,
    "primary_language": "en",
    "address": "@material-ui/core/InputBase",
    "external": true,
    "frontend": 1,
    "namespace": "mui",
    "value_parameter": "event.target.value",
    "parameters": [
      "event"
    ],
    "save_null": true,
    "keywords": [],
    "related_widgets": []
  }
},
{
  "model": "widgets.widget",
  "pk": 68,
  "fields": {
    "code": null,
    "is_multiple_choice": false,
    "primary_language": "en",
    "address": "@material-ui/core/ExpansionPanelSummary",
    "external": true,
    "frontend": 1,
    "namespace": "mui",
    "value_parameter": "event.target.value",
    "parameters": [
      "event"
    ],
    "save_null": true,
    "keywords": [],
    "related_widgets": []
  }
},
{
  "model": "widgets.widget",
  "pk": 69,
  "fields": {
    "code": null,
    "is_multiple_choice": false,
    "primary_language": "en",
    "address": "@material-ui/core/TableSortLabel",
    "external": true,
    "frontend": 1,
    "namespace": "mui",
    "value_parameter": "event.target.value",
    "parameters": [
      "event"
    ],
    "save_null": true,
    "keywords": [],
    "related_widgets": []
  }
},
{
  "model": "widgets.widget",
  "pk": 70,
  "fields": {
    "code": null,
    "is_multiple_choice": false,
    "primary_language": "en",
    "address": "@material-ui/core/MenuList",
    "external": true,
    "frontend": 1,
    "namespace": "mui",
    "value_parameter": "event.target.value",
    "parameters": [
      "event"
    ],
    "save_null": true,
    "keywords": [],
    "related_widgets": []
  }
},
{
  "model": "widgets.widget",
  "pk": 71,
  "fields": {
    "code": null,
    "is_multiple_choice": false,
    "primary_language": "en",
    "address": "@material-ui/core/ListItemSecondaryAction",
    "external": true,
    "frontend": 1,
    "namespace": "mui",
    "value_parameter": "event.target.value",
    "parameters": [
      "event"
    ],
    "save_null": true,
    "keywords": [],
    "related_widgets": []
  }
},
{
  "model": "widgets.widget",
  "pk": 73,
  "fields": {
    "code": null,
    "is_multiple_choice": false,
    "primary_language": "en",
    "address": "@material-ui/core/BottomNavigationAction",
    "external": true,
    "frontend": 1,
    "namespace": "mui",
    "value_parameter": "event.target.value",
    "parameters": [
      "event"
    ],
    "save_null": true,
    "keywords": [],
    "related_widgets": []
  }
},
{
  "model": "widgets.widget",
  "pk": 74,
  "fields": {
    "code": null,
    "is_multiple_choice": false,
    "primary_language": "en",
    "address": "@material-ui/core/CssBaseline",
    "external": true,
    "frontend": 1,
    "namespace": "mui",
    "value_parameter": "event.target.value",
    "parameters": [
      "event"
    ],
    "save_null": true,
    "keywords": [],
    "related_widgets": []
  }
},
{
  "model": "widgets.widget",
  "pk": 75,
  "fields": {
    "code": null,
    "is_multiple_choice": false,
    "primary_language": "en",
    "address": "@material-ui/core/Modal",
    "external": true,
    "frontend": 1,
    "namespace": "mui",
    "value_parameter": "event.target.value",
    "parameters": [
      "event"
    ],
    "save_null": true,
    "keywords": [],
    "related_widgets": []
  }
},
{
  "model": "widgets.widget",
  "pk": 76,
  "fields": {
    "code": null,
    "is_multiple_choice": false,
    "primary_language": "en",
    "address": "@material-ui/core/SvgIcon",
    "external": true,
    "frontend": 1,
    "namespace": "mui",
    "value_parameter": "event.target.value",
    "parameters": [
      "event"
    ],
    "save_null": true,
    "keywords": [],
    "related_widgets": []
  }
},
{
  "model": "widgets.widget",
  "pk": 77,
  "fields": {
    "code": null,
    "is_multiple_choice": false,
    "primary_language": "en",
    "address": "@material-ui/core/Collapse",
    "external": true,
    "frontend": 1,
    "namespace": "mui",
    "value_parameter": "event.target.value",
    "parameters": [
      "event"
    ],
    "save_null": true,
    "keywords": [],
    "related_widgets": []
  }
},
{
  "model": "widgets.widget",
  "pk": 79,
  "fields": {
    "code": null,
    "is_multiple_choice": false,
    "primary_language": "en",
    "address": "@material-ui/core/TablePagination",
    "external": true,
    "frontend": 1,
    "namespace": "mui",
    "value_parameter": "event.target.value",
    "parameters": [
      "event"
    ],
    "save_null": true,
    "keywords": [],
    "related_widgets": []
  }
},
{
  "model": "widgets.widget",
  "pk": 80,
  "fields": {
    "code": "<div>This is an empty widget</div>",
    "is_multiple_choice": false,
    "primary_language": "en",
    "address": null,
    "external": false,
    "frontend": 1,
    "namespace": "Widget",
    "value_parameter": "event.target.value",
    "parameters": [
      "event"
    ],
    "save_null": true,
    "keywords": [],
    "related_widgets": []
  }
},
{
  "model": "widgets.widget",
  "pk": 81,
  "fields": {
    "code": null,
    "is_multiple_choice": false,
    "primary_language": "en",
    "address": "@material-ui/core/StepLabel",
    "external": true,
    "frontend": 1,
    "namespace": "mui",
    "value_parameter": "event.target.value",
    "parameters": [
      "event"
    ],
    "save_null": true,
    "keywords": [],
    "related_widgets": []
  }
},
{
  "model": "widgets.widget",
  "pk": 82,
  "fields": {
    "code": null,
    "is_multiple_choice": false,
    "primary_language": "en",
    "address": "@material-ui/core/ButtonBase",
    "external": true,
    "frontend": 1,
    "namespace": "mui",
    "value_parameter": "event.target.value",
    "parameters": [
      "event"
    ],
    "save_null": true,
    "keywords": [],
    "related_widgets": []
  }
},
{
  "model": "widgets.widget",
  "pk": 83,
  "fields": {
    "code": "var output='Reply with one of the following to send your response: \\n'; for (i=0; i<choices.length; i++){output = output + choices[i]['value'] + '\\n'} output",
    "is_multiple_choice": false,
    "primary_language": "en",
    "address": null,
    "external": false,
    "frontend": 3,
    "namespace": "Widget",
    "value_parameter": "event.target.value",
    "parameters": [
      "event"
    ],
    "save_null": true,
    "keywords": [],
    "related_widgets": []
  }
},
{
  "model": "widgets.widget",
  "pk": 84,
  "fields": {
    "code": null,
    "is_multiple_choice": false,
    "primary_language": "en",
    "address": "@material-ui/core/IconButton",
    "external": true,
    "frontend": 1,
    "namespace": "mui",
    "value_parameter": "event.target.value",
    "parameters": [
      "event"
    ],
    "save_null": true,
    "keywords": [],
    "related_widgets": []
  }
},
{
  "model": "widgets.widget",
  "pk": 85,
  "fields": {
    "code": null,
    "is_multiple_choice": false,
    "primary_language": "en",
    "address": "@material-ui/core/InputAdornment",
    "external": true,
    "frontend": 1,
    "namespace": "mui",
    "value_parameter": "event.target.value",
    "parameters": [
      "event"
    ],
    "save_null": true,
    "keywords": [],
    "related_widgets": []
  }
},
{
  "model": "widgets.widget",
  "pk": 86,
  "fields": {
    "code": null,
    "is_multiple_choice": false,
    "primary_language": "en",
    "address": "@material-ui/core/Popover",
    "external": true,
    "frontend": 1,
    "namespace": "mui",
    "value_parameter": "event.target.value",
    "parameters": [
      "event"
    ],
    "save_null": true,
    "keywords": [],
    "related_widgets": []
  }
},
{
  "model": "widgets.widget",
  "pk": 88,
  "fields": {
    "code": null,
    "is_multiple_choice": false,
    "primary_language": "en",
    "address": "@material-ui/core/Dialog",
    "external": true,
    "frontend": 1,
    "namespace": "mui",
    "value_parameter": "event.target.value",
    "parameters": [
      "event"
    ],
    "save_null": true,
    "keywords": [],
    "related_widgets": []
  }
},
{
  "model": "widgets.widget",
  "pk": 89,
  "fields": {
    "code": null,
    "is_multiple_choice": false,
    "primary_language": "en",
    "address": "@material-ui/core/Hidden",
    "external": true,
    "frontend": 1,
    "namespace": "mui",
    "value_parameter": "event.target.value",
    "parameters": [
      "event"
    ],
    "save_null": true,
    "keywords": [],
    "related_widgets": []
  }
},
{
  "model": "widgets.widget",
  "pk": 90,
  "fields": {
    "code": null,
    "is_multiple_choice": false,
    "primary_language": "en",
    "address": "@material-ui/core/FormControl",
    "external": true,
    "frontend": 1,
    "namespace": "mui",
    "value_parameter": "event.target.value",
    "parameters": [
      "event"
    ],
    "save_null": true,
    "keywords": [],
    "related_widgets": []
  }
},
{
  "model": "widgets.widget",
  "pk": 91,
  "fields": {
    "code": null,
    "is_multiple_choice": false,
    "primary_language": "en",
    "address": "@material-ui/core/Container",
    "external": true,
    "frontend": 1,
    "namespace": "mui",
    "value_parameter": "event.target.value",
    "parameters": [
      "event"
    ],
    "save_null": true,
    "keywords": [],
    "related_widgets": []
  }
},
{
  "model": "widgets.widget",
  "pk": 92,
  "fields": {
    "code": "''",
    "is_multiple_choice": false,
    "primary_language": "en",
    "address": null,
    "external": false,
    "frontend": 3,
    "namespace": "Widget",
    "value_parameter": "event.target.value",
    "parameters": [
      "event"
    ],
    "save_null": true,
    "keywords": [],
    "related_widgets": []
  }
},
{
  "model": "widgets.widget",
  "pk": 94,
  "fields": {
    "code": null,
    "is_multiple_choice": false,
    "primary_language": "en",
    "address": "@material-ui/core/List",
    "external": true,
    "frontend": 1,
    "namespace": "mui",
    "value_parameter": "event.target.value",
    "parameters": [
      "event"
    ],
    "save_null": true,
    "keywords": [],
    "related_widgets": []
  }
},
{
  "model": "widgets.widget",
  "pk": 95,
  "fields": {
    "code": null,
    "is_multiple_choice": false,
    "primary_language": "en",
    "address": "@material-ui/core/ExpansionPanelDetails",
    "external": true,
    "frontend": 1,
    "namespace": "mui",
    "value_parameter": "event.target.value",
    "parameters": [
      "event"
    ],
    "save_null": true,
    "keywords": [],
    "related_widgets": []
  }
},
{
  "model": "widgets.widget",
  "pk": 96,
  "fields": {
    "code": null,
    "is_multiple_choice": false,
    "primary_language": "en",
    "address": "@material-ui/core/BottomNavigation",
    "external": true,
    "frontend": 1,
    "namespace": "mui",
    "value_parameter": "event.target.value",
    "parameters": [
      "event"
    ],
    "save_null": true,
    "keywords": [],
    "related_widgets": []
  }
},
{
  "model": "widgets.widget",
  "pk": 97,
  "fields": {
    "code": null,
    "is_multiple_choice": false,
    "primary_language": "en",
    "address": "@material-ui/core/StepConnector",
    "external": true,
    "frontend": 1,
    "namespace": "mui",
    "value_parameter": "event.target.value",
    "parameters": [
      "event"
    ],
    "save_null": true,
    "keywords": [],
    "related_widgets": []
  }
},
{
  "model": "widgets.widget",
  "pk": 98,
  "fields": {
    "code": null,
    "is_multiple_choice": false,
    "primary_language": "en",
    "address": "@material-ui/core/TableRow",
    "external": true,
    "frontend": 1,
    "namespace": "mui",
    "value_parameter": "event.target.value",
    "parameters": [
      "event"
    ],
    "save_null": true,
    "keywords": [],
    "related_widgets": []
  }
},
{
  "model": "widgets.widget",
  "pk": 99,
  "fields": {
    "code": null,
    "is_multiple_choice": false,
    "primary_language": "en",
    "address": "@material-ui/core/Card",
    "external": true,
    "frontend": 1,
    "namespace": "mui",
    "value_parameter": "event.target.value",
    "parameters": [
      "event"
    ],
    "save_null": true,
    "keywords": [],
    "related_widgets": []
  }
},
{
  "model": "widgets.widget",
  "pk": 100,
  "fields": {
    "code": null,
    "is_multiple_choice": false,
    "primary_language": "en",
    "address": "@material-ui/core/CardMedia",
    "external": true,
    "frontend": 1,
    "namespace": "mui",
    "value_parameter": "event.target.value",
    "parameters": [
      "event"
    ],
    "save_null": true,
    "keywords": [],
    "related_widgets": []
  }
},
{
  "model": "widgets.widget",
  "pk": 102,
  "fields": {
    "code": null,
    "is_multiple_choice": false,
    "primary_language": "en",
    "address": "@material-ui/core/MobileStepper",
    "external": true,
    "frontend": 1,
    "namespace": "mui",
    "value_parameter": "event.target.value",
    "parameters": [
      "event"
    ],
    "save_null": true,
    "keywords": [],
    "related_widgets": []
  }
},
{
  "model": "widgets.widget",
  "pk": 103,
  "fields": {
    "code": null,
    "is_multiple_choice": false,
    "primary_language": "en",
    "address": "@material-ui/core/Radio",
    "external": true,
    "frontend": 1,
    "namespace": "mui",
    "value_parameter": "event.target.value",
    "parameters": [
      "event"
    ],
    "save_null": true,
    "keywords": [],
    "related_widgets": []
  }
},
{
  "model": "widgets.widget",
  "pk": 104,
  "fields": {
    "code": "String('Reply to send your response. \\n')",
    "is_multiple_choice": false,
    "primary_language": "en",
    "address": null,
    "external": false,
    "frontend": 3,
    "namespace": "Widget",
    "value_parameter": "event.target.value",
    "parameters": [
      "event"
    ],
    "save_null": true,
    "keywords": [],
    "related_widgets": []
  }
},
{
  "model": "widgets.widget",
  "pk": 105,
  "fields": {
    "code": null,
    "is_multiple_choice": false,
    "primary_language": "en",
    "address": "@material-ui/core/ListItemIcon",
    "external": true,
    "frontend": 1,
    "namespace": "mui",
    "value_parameter": "event.target.value",
    "parameters": [
      "event"
    ],
    "save_null": true,
    "keywords": [],
    "related_widgets": []
  }
},
{
  "model": "widgets.widget",
  "pk": 106,
  "fields": {
    "code": null,
    "is_multiple_choice": false,
    "primary_language": "en",
    "address": "@material-ui/core/Divider",
    "external": true,
    "frontend": 1,
    "namespace": "mui",
    "value_parameter": "event.target.value",
    "parameters": [
      "event"
    ],
    "save_null": true,
    "keywords": [],
    "related_widgets": []
  }
},
{
  "model": "widgets.widget",
  "pk": 107,
  "fields": {
    "code": null,
    "is_multiple_choice": false,
    "primary_language": "en",
    "address": "@material-ui/core/MenuItem",
    "external": true,
    "frontend": 1,
    "namespace": "mui",
    "value_parameter": "event.target.value",
    "parameters": [
      "event"
    ],
    "save_null": true,
    "keywords": [],
    "related_widgets": []
  }
},
{
  "model": "widgets.widget",
  "pk": 108,
  "fields": {
    "code": null,
    "is_multiple_choice": false,
    "primary_language": "en",
    "address": "@material-ui/core/CircularProgress",
    "external": true,
    "frontend": 1,
    "namespace": "mui",
    "value_parameter": "event.target.value",
    "parameters": [
      "event"
    ],
    "save_null": true,
    "keywords": [],
    "related_widgets": []
  }
},
{
  "model": "widgets.widget",
  "pk": 109,
  "fields": {
    "code": null,
    "is_multiple_choice": false,
    "primary_language": "en",
    "address": "@material-ui/core/Button",
    "external": true,
    "frontend": 1,
    "namespace": "mui",
    "value_parameter": "event.target.value",
    "parameters": [
      "event"
    ],
    "save_null": true,
    "keywords": [],
    "related_widgets": []
  }
},
{
  "model": "widgets.widget",
  "pk": 110,
  "fields": {
    "code": null,
    "is_multiple_choice": false,
    "primary_language": "en",
    "address": "@material-ui/core/ExpansionPanelActions",
    "external": true,
    "frontend": 1,
    "namespace": "mui",
    "value_parameter": "event.target.value",
    "parameters": [
      "event"
    ],
    "save_null": true,
    "keywords": [],
    "related_widgets": []
  }
},
{
  "model": "widgets.widget",
  "pk": 111,
  "fields": {
    "code": "String('')",
    "is_multiple_choice": false,
    "primary_language": "en",
    "address": null,
    "external": false,
    "frontend": 3,
    "namespace": "Widget",
    "value_parameter": "event.target.value",
    "parameters": [
      "event"
    ],
    "save_null": true,
    "keywords": [],
    "related_widgets": []
  }
},
{
  "model": "widgets.widget",
  "pk": 112,
  "fields": {
    "code": null,
    "is_multiple_choice": false,
    "primary_language": "en",
    "address": "@material-ui/core/FormGroup",
    "external": true,
    "frontend": 1,
    "namespace": "mui",
    "value_parameter": "event.target.value",
    "parameters": [
      "event"
    ],
    "save_null": true,
    "keywords": [],
    "related_widgets": []
  }
},
{
  "model": "widgets.widget",
  "pk": 114,
  "fields": {
    "code": null,
    "is_multiple_choice": false,
    "primary_language": "en",
    "address": "@material-ui/core/ButtonBase/TouchRipple",
    "external": true,
    "frontend": 1,
    "namespace": "mui",
    "value_parameter": "event.target.value",
    "parameters": [
      "event"
    ],
    "save_null": true,
    "keywords": [],
    "related_widgets": []
  }
},
{
  "model": "widgets.widget",
  "pk": 115,
  "fields": {
    "code": null,
    "is_multiple_choice": false,
    "primary_language": "en",
    "address": "@material-ui/core/CardActionArea",
    "external": true,
    "frontend": 1,
    "namespace": "mui",
    "value_parameter": "event.target.value",
    "parameters": [
      "event"
    ],
    "save_null": true,
    "keywords": [],
    "related_widgets": []
  }
},
{
  "model": "widgets.widget",
  "pk": 116,
  "fields": {
    "code": "String('Reply with text to send your response. \\n')",
    "is_multiple_choice": false,
    "primary_language": "en",
    "address": null,
    "external": false,
    "frontend": 3,
    "namespace": "Widget",
    "value_parameter": "event.target.value",
    "parameters": [
      "event"
    ],
    "save_null": true,
    "keywords": [],
    "related_widgets": []
  }
},
{
  "model": "widgets.widget",
  "pk": 117,
  "fields": {
    "code": null,
    "is_multiple_choice": false,
    "primary_language": "en",
    "address": "@material-ui/core/Portal",
    "external": true,
    "frontend": 1,
    "namespace": "mui",
    "value_parameter": "event.target.value",
    "parameters": [
      "event"
    ],
    "save_null": true,
    "keywords": [],
    "related_widgets": []
  }
},
{
  "model": "widgets.widget",
  "pk": 118,
  "fields": {
    "code": null,
    "is_multiple_choice": false,
    "primary_language": "en",
    "address": "@material-ui/core/DialogTitle",
    "external": true,
    "frontend": 1,
    "namespace": "mui",
    "value_parameter": "event.target.value",
    "parameters": [
      "event"
    ],
    "save_null": true,
    "keywords": [],
    "related_widgets": []
  }
},
{
  "model": "widgets.widget",
  "pk": 119,
  "fields": {
    "code": null,
    "is_multiple_choice": false,
    "primary_language": "en",
    "address": "@material-ui/core/OutlinedInput",
    "external": true,
    "frontend": 1,
    "namespace": "mui",
    "value_parameter": "event.target.value",
    "parameters": [
      "event"
    ],
    "save_null": true,
    "keywords": [],
    "related_widgets": []
  }
},
{
  "model": "widgets.widget",
  "pk": 120,
  "fields": {
    "code": null,
    "is_multiple_choice": false,
    "primary_language": "en",
    "address": "@material-ui/core/LinearProgress",
    "external": true,
    "frontend": 1,
    "namespace": "mui",
    "value_parameter": "event.target.value",
    "parameters": [
      "event"
    ],
    "save_null": true,
    "keywords": [],
    "related_widgets": []
  }
},
{
  "model": "widgets.widget",
  "pk": 121,
  "fields": {
    "code": null,
    "is_multiple_choice": false,
    "primary_language": "en",
    "address": "@material-ui/core/Stepper",
    "external": true,
    "frontend": 1,
    "namespace": "mui",
    "value_parameter": "event.target.value",
    "parameters": [
      "event"
    ],
    "save_null": true,
    "keywords": [],
    "related_widgets": []
  }
},
{
  "model": "widgets.widget",
  "pk": 122,
  "fields": {
    "code": null,
    "is_multiple_choice": false,
    "primary_language": "en",
    "address": "@material-ui/core/FilledInput",
    "external": true,
    "frontend": 1,
    "namespace": "mui",
    "value_parameter": "event.target.value",
    "parameters": [
      "event"
    ],
    "save_null": true,
    "keywords": [],
    "related_widgets": []
  }
},
{
  "model": "widgets.widget",
  "pk": 125,
  "fields": {
    "code": null,
    "is_multiple_choice": false,
    "primary_language": "en",
    "address": "@material-ui/core/Toolbar",
    "external": true,
    "frontend": 1,
    "namespace": "mui",
    "value_parameter": "event.target.value",
    "parameters": [
      "event"
    ],
    "save_null": true,
    "keywords": [],
    "related_widgets": []
  }
},
{
  "model": "widgets.widget",
  "pk": 126,
  "fields": {
    "code": null,
    "is_multiple_choice": false,
    "primary_language": "en",
    "address": "@material-ui/core/RootRef",
    "external": true,
    "frontend": 1,
    "namespace": "mui",
    "value_parameter": "event.target.value",
    "parameters": [
      "event"
    ],
    "save_null": true,
    "keywords": [],
    "related_widgets": []
  }
},
{
  "model": "widgets.widget",
  "pk": 127,
  "fields": {
    "code": null,
    "is_multiple_choice": false,
    "primary_language": "en",
    "address": "@material-ui/core/DialogContentText",
    "external": true,
    "frontend": 1,
    "namespace": "mui",
    "value_parameter": "event.target.value",
    "parameters": [
      "event"
    ],
    "save_null": true,
    "keywords": [],
    "related_widgets": []
  }
},
{
  "model": "widgets.widget",
  "pk": 128,
  "fields": {
    "code": null,
    "is_multiple_choice": false,
    "primary_language": "en",
    "address": "@material-ui/core/GridList",
    "external": true,
    "frontend": 1,
    "namespace": "mui",
    "value_parameter": "event.target.value",
    "parameters": [
      "event"
    ],
    "save_null": true,
    "keywords": [],
    "related_widgets": []
  }
},
{
  "model": "widgets.widget",
  "pk": 129,
  "fields": {
    "code": null,
    "is_multiple_choice": false,
    "primary_language": "en",
    "address": "@material-ui/core/Slider",
    "external": true,
    "frontend": 1,
    "namespace": "mui",
    "value_parameter": "event.target.value",
    "parameters": [
      "event"
    ],
    "save_null": true,
    "keywords": [],
    "related_widgets": []
  }
},
{
  "model": "widgets.widget",
  "pk": 130,
  "fields": {
    "code": null,
    "is_multiple_choice": false,
    "primary_language": "en",
    "address": "@material-ui/core/Avatar",
    "external": true,
    "frontend": 1,
    "namespace": "mui",
    "value_parameter": "event.target.value",
    "parameters": [
      "event"
    ],
    "save_null": true,
    "keywords": [],
    "related_widgets": []
  }
},
{
  "model": "widgets.widget",
  "pk": 131,
  "fields": {
    "code": null,
    "is_multiple_choice": false,
    "primary_language": "en",
    "address": "@material-ui/core/Tab",
    "external": true,
    "frontend": 1,
    "namespace": "mui",
    "value_parameter": "event.target.value",
    "parameters": [
      "event"
    ],
    "save_null": true,
    "keywords": [],
    "related_widgets": []
  }
},
{
  "model": "widgets.widget",
  "pk": 133,
  "fields": {
    "code": null,
    "is_multiple_choice": false,
    "primary_language": "en",
    "address": "@material-ui/core/Snackbar",
    "external": true,
    "frontend": 1,
    "namespace": "mui",
    "value_parameter": "event.target.value",
    "parameters": [
      "event"
    ],
    "save_null": true,
    "keywords": [],
    "related_widgets": []
  }
},
{
  "model": "widgets.widget",
  "pk": 134,
  "fields": {
    "code": null,
    "is_multiple_choice": false,
    "primary_language": "en",
    "address": "@material-ui/core/SnackbarContent",
    "external": true,
    "frontend": 1,
    "namespace": "mui",
    "value_parameter": "event.target.value",
    "parameters": [
      "event"
    ],
    "save_null": true,
    "keywords": [],
    "related_widgets": []
  }
},
{
  "model": "widgets.widget",
  "pk": 135,
  "fields": {
    "code": null,
    "is_multiple_choice": false,
    "primary_language": "en",
    "address": "@material-ui/core/Tabs",
    "external": true,
    "frontend": 1,
    "namespace": "mui",
    "value_parameter": "event.target.value",
    "parameters": [
      "event"
    ],
    "save_null": true,
    "keywords": [],
    "related_widgets": []
  }
},
{
  "model": "widgets.widget",
  "pk": 136,
  "fields": {
    "code": null,
    "is_multiple_choice": false,
    "primary_language": "en",
    "address": "@material-ui/core/ListItemAvatar",
    "external": true,
    "frontend": 1,
    "namespace": "mui",
    "value_parameter": "event.target.value",
    "parameters": [
      "event"
    ],
    "save_null": true,
    "keywords": [],
    "related_widgets": []
  }
},
{
  "model": "widgets.widget",
  "pk": 137,
  "fields": {
    "code": "<Button id={id} color={color} variant={variant} type=\"submit\">{children || \"Save & Continue\"}</Button>",
    "is_multiple_choice": false,
    "primary_language": "en",
    "address": null,
    "external": false,
    "frontend": 1,
    "namespace": "Widget",
    "value_parameter": "event.target.value",
    "parameters": [
      "event"
    ],
    "save_null": true,
    "keywords": [],
    "related_widgets": []
  }
},
{
  "model": "widgets.widget",
  "pk": 139,
  "fields": {
    "code": "{choices ? <FormControl component=\"fieldset\">\n    <RadioGroup\n   \n        row={row}\n       onChange={handleChange}       \n       id={id}\n>\n        {choices.map((choice, index) => \n            <FormControlLabel\n                key={index}\n                control={\n                    <Radio\n     name={name}  id={gqlId + '-radio' + String(index)}\n                       name={name}\n                       value={choice.value}\n                        checked={\n                            (value == null) ? \n                                (defaultValue != null) ?\n                                    defaultValue == choice.value :\n                                false :\n                              value == choice.value }\n                              onClick = {(e) => {setValue(e.target.value)}}\n                        disabled={disabled} /> }\n                label=<span className=\"widget-choice\">{choice.caption}</span>\n            />)}\n    </RadioGroup>\n  </FormControl> : <div>Warning: RadioButtons widget needs choices</div>}",
    "is_multiple_choice": false,
    "primary_language": "en",
    "address": null,
    "external": false,
    "frontend": 1,
    "namespace": "Widget",
    "value_parameter": "event.target.value",
    "parameters": [
      "event"
    ],
    "save_null": true,
    "keywords": [],
    "related_widgets": []
  }
},
{
  "model": "widgets.widget",
  "pk": 140,
  "fields": {
    "code": null,
    "is_multiple_choice": false,
    "primary_language": "en",
    "address": "@material-ui/core/Input",
    "external": true,
    "frontend": 1,
    "namespace": "mui",
    "value_parameter": "event.target.value",
    "parameters": [
      "event"
    ],
    "save_null": true,
    "keywords": [],
    "related_widgets": []
  }
},
{
  "model": "widgets.widget",
  "pk": 141,
  "fields": {
    "code": null,
    "is_multiple_choice": false,
    "primary_language": "en",
    "address": "@material-ui/core/Checkbox",
    "external": true,
    "frontend": 1,
    "namespace": "mui",
    "value_parameter": "event.target.value",
    "parameters": [
      "event"
    ],
    "save_null": true,
    "keywords": [],
    "related_widgets": []
  }
},
{
  "model": "widgets.widget",
  "pk": 142,
  "fields": {
    "code": null,
    "is_multiple_choice": false,
    "primary_language": "en",
    "address": "@material-ui/core/TableCell",
    "external": true,
    "frontend": 1,
    "namespace": "mui",
    "value_parameter": "event.target.value",
    "parameters": [
      "event"
    ],
    "save_null": true,
    "keywords": [],
    "related_widgets": []
  }
},
{
  "model": "widgets.widget",
  "pk": 143,
  "fields": {
    "code": null,
    "is_multiple_choice": false,
    "primary_language": "en",
    "address": "@material-ui/core/Drawer",
    "external": true,
    "frontend": 1,
    "namespace": "mui",
    "value_parameter": "event.target.value",
    "parameters": [
      "event"
    ],
    "save_null": true,
    "keywords": [],
    "related_widgets": []
  }
},
{
  "model": "widgets.widget",
  "pk": 144,
  "fields": {
    "code": null,
    "is_multiple_choice": false,
    "primary_language": "en",
    "address": "@material-ui/core/NoSsr",
    "external": true,
    "frontend": 1,
    "namespace": "mui",
    "value_parameter": "event.target.value",
    "parameters": [
      "event"
    ],
    "save_null": true,
    "keywords": [],
    "related_widgets": []
  }
},
{
  "model": "widgets.widget",
  "pk": 145,
  "fields": {
    "code": null,
    "is_multiple_choice": false,
    "primary_language": "en",
    "address": "@material-ui/core/Slide",
    "external": true,
    "frontend": 1,
    "namespace": "mui",
    "value_parameter": "event.target.value",
    "parameters": [
      "event"
    ],
    "save_null": true,
    "keywords": [],
    "related_widgets": []
  }
},
{
  "model": "widgets.widget",
  "pk": 146,
  "fields": {
    "code": null,
    "is_multiple_choice": false,
    "primary_language": "en",
    "address": "@material-ui/core/FormLabel",
    "external": true,
    "frontend": 1,
    "namespace": "mui",
    "value_parameter": "event.target.value",
    "parameters": [
      "event"
    ],
    "save_null": true,
    "keywords": [],
    "related_widgets": []
  }
},
{
  "model": "widgets.widget",
  "pk": 147,
  "fields": {
    "code": null,
    "is_multiple_choice": false,
    "primary_language": "en",
    "address": "@material-ui/core/NativeSelect",
    "external": true,
    "frontend": 1,
    "namespace": "mui",
    "value_parameter": "event.target.value",
    "parameters": [
      "event"
    ],
    "save_null": true,
    "keywords": [],
    "related_widgets": []
  }
},
{
  "model": "widgets.widget",
  "pk": 148,
  "fields": {
    "code": null,
    "is_multiple_choice": false,
    "primary_language": "en",
    "address": "@material-ui/core/Fade",
    "external": true,
    "frontend": 1,
    "namespace": "mui",
    "value_parameter": "event.target.value",
    "parameters": [
      "event"
    ],
    "save_null": true,
    "keywords": [],
    "related_widgets": []
  }
},
{
  "model": "widgets.widget",
  "pk": 149,
  "fields": {
    "code": null,
    "is_multiple_choice": false,
    "primary_language": "en",
    "address": "@material-ui/core/FormHelperText",
    "external": true,
    "frontend": 1,
    "namespace": "mui",
    "value_parameter": "event.target.value",
    "parameters": [
      "event"
    ],
    "save_null": true,
    "keywords": [],
    "related_widgets": []
  }
},
{
  "model": "widgets.widget",
  "pk": 150,
  "fields": {
    "code": null,
    "is_multiple_choice": false,
    "primary_language": "en",
    "address": "@material-ui/core/Popper",
    "external": true,
    "frontend": 1,
    "namespace": "mui",
    "value_parameter": "event.target.value",
    "parameters": [
      "event"
    ],
    "save_null": true,
    "keywords": [],
    "related_widgets": []
  }
},
{
  "model": "widgets.widget",
  "pk": 153,
  "fields": {
    "code": "<Box py={2}>\n<TextField variant='outlined' fullWidth multiline rows={3} rowsMax={6} label={label} defaultValue={defaultValue} onChange={handleChange} onBlur={handleBlur}/>\n</Box>",
    "is_multiple_choice": false,
    "primary_language": "en",
    "address": null,
    "external": false,
    "frontend": 1,
    "namespace": "Widget",
    "value_parameter": "event.target.value",
    "parameters": [
      "event"
    ],
    "save_null": true,
    "keywords": [],
    "related_widgets": []
  }
},
{
  "model": "widgets.widget",
  "pk": 155,
  "fields": {
    "code": "<Container maxWidth=\"lg\">\n  <Box mx=\"auto\" width=\"50%\">\n    <Typography>\n      {helperText}\n    </Typography>\n    <QR maxWidth=\"4000\" width=\"100%\" onScan={handleScan} />\n    {OptionalInput ? <OptionalInput defaultValue={defaultValue} /> : \"\" }\n  </Box>\n</Container>",
    "is_multiple_choice": false,
    "primary_language": "en",
    "address": null,
    "external": false,
    "frontend": 1,
    "namespace": "Widget",
    "value_parameter": "data",
    "parameters": [
      "data"
    ],
    "save_null": false,
    "keywords": [],
    "related_widgets": []
  }
},
{
  "model": "widgets.widget",
  "pk": 157,
  "fields": {
    "code": "<Button className=\"close-dialog\" color='primary' variant='contained' onClick={handleClick} fullWidth={fullWidth} >{children != null ? children : \"Continue\"}</Button>",
    "is_multiple_choice": false,
    "primary_language": "en",
    "address": null,
    "external": false,
    "frontend": 1,
    "namespace": "Widget",
    "value_parameter": "event.target.value",
    "parameters": [
      "event"
    ],
    "save_null": true,
    "keywords": [],
    "related_widgets": []
  }
},
{
  "model": "widgets.widget",
  "pk": 159,
  "fields": {
    "code": "<Slider {...props}/>",
    "is_multiple_choice": false,
    "primary_language": "en",
    "address": null,
    "external": false,
    "frontend": 1,
    "namespace": "Widget",
    "value_parameter": "value",
    "parameters": [
      "event",
      "value"
    ],
    "save_null": true,
    "keywords": [],
    "related_widgets": []
  }
},
{
  "model": "widgets.widget",
  "pk": 160,
  "fields": {
    "code": "<Button disabled={autoDisable || disabled} onClick={handleClick} variant={variant || \"contained\"} color={color}>{autoDisable ? \"Loading\" : children}\n</Button>",
    "is_multiple_choice": false,
    "primary_language": "en",
    "address": null,
    "external": false,
    "frontend": 1,
    "namespace": "Widget",
    "value_parameter": "event.target.value",
    "parameters": [
      "event"
    ],
    "save_null": true,
    "keywords": [],
    "related_widgets": []
  }
},
{
  "model": "widgets.widget",
  "pk": 161,
  "fields": {
    "code": "{choices ? \n  <React.Fragment>\n    <Typography>{helperText}</Typography>\n    <RadioButtons\n      \n      name={name}\n      row={true}\n      onChange={handleChange}\n      id={id}\n      choices={JSON.stringify(choices)}\n      defaultValue={value}\n      gqlId={gqlId}\n      />\n  </React.Fragment> :\n  <div>Warning: RadioButtons widget needs choices</div>\n}",
    "is_multiple_choice": false,
    "primary_language": "en",
    "address": null,
    "external": false,
    "frontend": 1,
    "namespace": "Widget",
    "value_parameter": "event.target.value",
    "parameters": [
      "event"
    ],
    "save_null": true,
    "keywords": [],
    "related_widgets": []
  }
},
{
  "model": "widgets.widget",
  "pk": 162,
  "fields": {
    "code": "<TextField label={label} defaultValue={defaultValue} onChange={handleChange} onFocus={handleFocus} onBlur={handleBlur} type=\"number\" error={error}/>",
    "is_multiple_choice": false,
    "primary_language": "en",
    "address": null,
    "external": false,
    "frontend": 1,
    "namespace": "Widget",
    "value_parameter": "event.target.value",
    "parameters": [
      "event"
    ],
    "save_null": true,
    "keywords": [],
    "related_widgets": []
  }
},
{
  "model": "widgets.widget",
  "pk": 163,
  "fields": {
    "code": "<MenuItem innerRef={ref} {...props} />",
    "is_multiple_choice": false,
    "primary_language": "en",
    "address": null,
    "external": false,
    "frontend": 1,
    "namespace": "Widget",
    "value_parameter": "event.target.value",
    "parameters": [
      "event"
    ],
    "save_null": true,
    "keywords": [],
    "related_widgets": []
  }
},
{
  "model": "widgets.widget",
  "pk": 164,
  "fields": {
    "code": "<Grid container>\n  <Grid item xs={12} md={6}>\n    <FormHorizontalRadioButtons helperText={helperText} name={name} id={id} choices={JSON.stringify(choices)} />\n  </Grid>\n  <Grid item xs={12} md={6}>\n    <img src={imageUrl} height={imageHeight} width={imageWidth} />\n  </Grid>\n</Grid>",
    "is_multiple_choice": false,
    "primary_language": "en",
    "address": null,
    "external": false,
    "frontend": 1,
    "namespace": "Widget",
    "value_parameter": "event.target.value",
    "parameters": [
      "event"
    ],
    "save_null": true,
    "keywords": [],
    "related_widgets": []
  }
},
{
  "model": "widgets.widget",
  "pk": 165,
  "fields": {
    "code": "<Input defaultValue={defaultValue} onChange={handleChange} onBlur={handleBlur} onKeyDown={handleKeyDown} />",
    "is_multiple_choice": false,
    "primary_language": "en",
    "address": null,
    "external": false,
    "frontend": 1,
    "namespace": "Widget",
    "value_parameter": "event.target.value",
    "parameters": [
      "event"
    ],
    "save_null": true,
    "keywords": [],
    "related_widgets": []
  }
},
{
  "model": "widgets.widget",
  "pk": 166,
  "fields": {
    "code": "{choices ? choices.map((choice, index) => <React.Fragment key={index}><Button id={'button-' + index}>{choice.caption || choice.value}</Button><Divider /></React.Fragment>) : 'WebMultipleChoiceWidget needs choices in order to render.'}",
    "is_multiple_choice": false,
    "primary_language": "en",
    "address": null,
    "external": false,
    "frontend": 1,
    "namespace": "Widget",
    "value_parameter": "event.target.value",
    "parameters": [
      "event"
    ],
    "save_null": true,
    "keywords": [],
    "related_widgets": []
  }
},
{
  "model": "widgets.widget",
  "pk": 167,
  "fields": {
    "code": "{(!isGeolocationAvailable) ?\n<Typography variant=\"body1\">Your browser does not support Geolocation</Typography> : coords ? \n<Table >\n    <TableHead>\n        <TableRow>\n            <TableCell align=\"left\"><b>Name</b></TableCell>\n            <TableCell align=\"left\"><b>Value</b></TableCell>\n        </TableRow>\n    </TableHead>\n    <TableBody>\n        <TableRow>\n            <TableCell align=\"left\">Latitude</TableCell>\n            <TableCell align=\"left\">{coords.latitude}</TableCell>\n        </TableRow>\n        <TableRow>\n            <TableCell align=\"left\">Longitude</TableCell>\n            <TableCell align=\"left\">{coords.longitude}</TableCell>\n        </TableRow>\n        <TableRow>\n            <TableCell align=\"left\">Altitude</TableCell>\n            <TableCell align=\"left\">{coords.altitude ? coords.altitude : \"N/A\"}</TableCell>\n        </TableRow>\n        <TableRow>\n            <TableCell align=\"left\">Heading</TableCell>\n            <TableCell align=\"left\">{coords.heading ? coords.heading : \"N/A\"}</TableCell>\n        </TableRow>\n        <TableRow>\n            <TableCell align=\"left\">Speed</TableCell>\n            <TableCell align=\"left\">{coords.speed ? coords.speed : \"N/A\"}</TableCell>\n        </TableRow>\n    </TableBody>\n</Table> :\n<Typography variant='body1'>{location.protocol == 'https' ? \"Getting the location data&hellip;\" : \"GPS tracking can only be used on  secured connections\"} </Typography> }",
    "is_multiple_choice": false,
    "primary_language": "en",
    "address": null,
    "external": false,
    "frontend": 1,
    "namespace": "Widget",
    "value_parameter": "event.target.value",
    "parameters": [
      "event"
    ],
    "save_null": true,
    "keywords": [],
    "related_widgets": []
  }
},
{
  "model": "widgets.widget",
  "pk": 168,
  "fields": {
    "code": "<WebIntWidget defaultValue={defaultValue} onChange={handleChange} onBlur={handleBlur} onFocus={handleFocus} />",
    "is_multiple_choice": false,
    "primary_language": "en",
    "address": null,
    "external": false,
    "frontend": 1,
    "namespace": "Widget",
    "value_parameter": "event.target.value",
    "parameters": [
      "event"
    ],
    "save_null": true,
    "keywords": [],
    "related_widgets": []
  }
},
{
  "model": "widgets.widget",
  "pk": 170,
  "fields": {
    "code": "{useLocation ? (() => {const RenderGeolocation = geolocated({watchPosition: true})(BaseGeolocation); return <RenderGeolocation /> })(): <span className=\"geolocation-helper-text\">Please click the button below to allow tracking</span>}\n<br/><br/>\n<Button className=\"geolocation-tracking-toggle\" variant=\"contained\" color=\"primary\" onClick={handleButtonClick}>{useLocation ? \"Stop Tracking\" : \"Allow Tracking\"}</Button>",
    "is_multiple_choice": false,
    "primary_language": "en",
    "address": null,
    "external": false,
    "frontend": 1,
    "namespace": "Widget",
    "value_parameter": "event.target.value",
    "parameters": [
      "event"
    ],
    "save_null": true,
    "keywords": [],
    "related_widgets": []
  }
},
{
  "model": "widgets.widget",
  "pk": 171,
  "fields": {
    "code": "<Dialog open={close ? false : open}>\n{children||null}\n{\n    (() => {\n        if (closeWidget){\n            const CloseWidget = closeWidget;\n            return <CloseWidget\n                        closeDialog={() => {setClose(true)}}\n                    />\n        }\n        else {\n            return <DialogCloser closeDialog={() => {setClose(true)}}\n            />\n        }\n    })()\n}\n<br/>\n</Dialog>",
    "is_multiple_choice": false,
    "primary_language": "en",
    "address": null,
    "external": false,
    "frontend": 1,
    "namespace": "Widget",
    "value_parameter": "event.target.value",
    "parameters": [
      "event"
    ],
    "save_null": true,
    "keywords": [],
    "related_widgets": []
  }
},
{
  "model": "widgets.widget",
  "pk": 172,
  "fields": {
    "code": "{choices ?\n<FormControl>\n  <InputLabel id={labelId}>{label}</InputLabel>\n  <Select \n    displayEmpty\n    value= {\n    stateValue == null ? \n        defaultValue != null  ?\n        defaultValue :\n        \"\":\n    stateValue} \n    disabled={disabled}\n    labelWidth={labelWidth}\n    id={id}\n    labelId={labelId}\n    onChange={handleChange}\n    onClick={handleClick}\n    name={name}\n  \n  >\n    <CustomMenuItem value=\"\">\n      <em>Click to Select</em>\n    </CustomMenuItem>\n    {choices.map((choice, index) => <CustomMenuItem className=\"dropdown-choice\" key={index} value={choice.value} id={index} > \n      {choice.caption}\n    </CustomMenuItem>)}\n  </Select>\n  <FormHelperText>{helperText}</FormHelperText>\n</FormControl>:  <div>Warning: Dropdown widget needs choices</div>}",
    "is_multiple_choice": false,
    "primary_language": "en",
    "address": null,
    "external": false,
    "frontend": 1,
    "namespace": "Widget",
    "value_parameter": "event.target.value",
    "parameters": [
      "event"
    ],
    "save_null": true,
    "keywords": [],
    "related_widgets": []
  }
},
{
  "model": "widgets.widget",
  "pk": 173,
  "fields": {
    "code": "<Button variant=\"contained\" id={props.id} color={props.color || 'primary'} disabled={props.disabled} {...props} onClick={ handleClick }>{props.children || \"Next\"}</Button>",
    "is_multiple_choice": false,
    "primary_language": "en",
    "address": null,
    "external": false,
    "frontend": 1,
    "namespace": "Widget",
    "value_parameter": "event.target.value",
    "parameters": [
      "event"
    ],
    "save_null": true,
    "keywords": [],
    "related_widgets": []
  }
},
{
  "model": "widgets.widget",
  "pk": 174,
  "fields": {
    "code": "<Input {...props} />",
    "is_multiple_choice": false,
    "primary_language": "en",
    "address": null,
    "external": false,
    "frontend": 1,
    "namespace": "Widget",
    "value_parameter": "event.target.value",
    "parameters": [
      "event"
    ],
    "save_null": true,
    "keywords": [],
    "related_widgets": []
  }
},
{
  "model": "widgets.widget",
  "pk": 175,
  "fields": {
    "code": "<Button id={id} variant=\"contained\" color={props.color || \"secondary\"} disabled={props.disabled} onClick={handleClick}>{children || \"Back\"}</Button>",
    "is_multiple_choice": false,
    "primary_language": "en",
    "address": null,
    "external": false,
    "frontend": 1,
    "namespace": "Widget",
    "value_parameter": "event.target.value",
    "parameters": [
      "event"
    ],
    "save_null": true,
    "keywords": [],
    "related_widgets": []
  }
},
{
  "model": "widgets.widget",
  "pk": 176,
  "fields": {
    "code": "{choices ? \n  <React.Fragment>\n    <Typography>{helperText}</Typography>\n    <Dropdown\n      \n      name={name}\n      id={id}\n      choices={JSON.stringify(choices)}\n      defaultValue={value}\n      disabled={disabled}\n      onChange={handleChange}\n      gqlId={gqlId}\n      />\n  </React.Fragment> :\n  <div>Warning: RadioButtons widget needs choices</div>\n}",
    "is_multiple_choice": false,
    "primary_language": "en",
    "address": null,
    "external": false,
    "frontend": 1,
    "namespace": "Widget",
    "value_parameter": "event.target.value",
    "parameters": [
      "event"
    ],
    "save_null": true,
    "keywords": [],
    "related_widgets": []
  }
},
{
  "model": "widgets.widget",
  "pk": 210,
  "fields": {
    "code": "var output='Reply with your response: \\n';",
    "is_multiple_choice": false,
    "primary_language": "en",
    "address": null,
    "external": false,
    "frontend": 3,
    "namespace": "Widget",
    "value_parameter": "event.target.value",
    "parameters": [
      "event"
    ],
    "save_null": true,
    "keywords": [],
    "related_widgets": []
  }
},
{
  "model": "widgets.widget",
  "pk": 211,
  "fields": {
    "code": "var output='Reply with one of the following to send your response: \\n'; for (i=0; i<choices.length; i++){output = output + i + ' for ' + choices[i]['caption'] + '\\n'}output",
    "is_multiple_choice": false,
    "primary_language": "en",
    "address": null,
    "external": false,
    "frontend": 3,
    "namespace": "Widget",
    "value_parameter": "event.target.value",
    "parameters": [
      "event"
    ],
    "save_null": true,
    "keywords": [],
    "related_widgets": []
  }
},
{
  "model": "widgets.widgetconnection",
  "pk": 1,
  "fields": {
    "created": "2020-04-23T16:54:05.478Z",
    "modified": "2020-04-23T16:54:05.478Z",
    "name": "QrReader",
    "comment": null,
    "originator": 66,
    "target": 28
  }
},
{
  "model": "widgets.widgetconnection",
  "pk": 9,
  "fields": {
    "created": "2020-04-23T16:54:07.320Z",
    "modified": "2020-04-23T16:54:07.320Z",
    "name": "Button",
    "comment": null,
    "originator": 137,
    "target": 109
  }
},
{
  "model": "widgets.widgetconnection",
  "pk": 10,
  "fields": {
    "created": "2020-04-23T16:54:07.398Z",
    "modified": "2020-04-23T16:54:07.398Z",
    "name": "Radio",
    "comment": null,
    "originator": 139,
    "target": 103
  }
},
{
  "model": "widgets.widgetconnection",
  "pk": 11,
  "fields": {
    "created": "2020-04-23T16:54:07.405Z",
    "modified": "2020-04-23T16:54:07.405Z",
    "name": "FormControlLabel",
    "comment": null,
    "originator": 139,
    "target": 63
  }
},
{
  "model": "widgets.widgetconnection",
  "pk": 12,
  "fields": {
    "created": "2020-04-23T16:54:07.412Z",
    "modified": "2020-04-23T16:54:07.412Z",
    "name": "RadioGroup",
    "comment": null,
    "originator": 139,
    "target": 27
  }
},
{
  "model": "widgets.widgetconnection",
  "pk": 13,
  "fields": {
    "created": "2020-04-23T16:54:07.419Z",
    "modified": "2020-04-23T16:54:07.419Z",
    "name": "FormControl",
    "comment": null,
    "originator": 139,
    "target": 90
  }
},
{
  "model": "widgets.widgetconnection",
  "pk": 15,
  "fields": {
    "created": "2020-04-23T16:54:07.951Z",
    "modified": "2020-04-23T16:54:07.951Z",
    "name": "Box",
    "comment": null,
    "originator": 153,
    "target": 49
  }
},
{
  "model": "widgets.widgetconnection",
  "pk": 16,
  "fields": {
    "created": "2020-04-23T16:54:07.958Z",
    "modified": "2020-04-23T16:54:07.958Z",
    "name": "TextField",
    "comment": null,
    "originator": 153,
    "target": 26
  }
},
{
  "model": "widgets.widgetconnection",
  "pk": 17,
  "fields": {
    "created": "2020-04-23T16:54:08.043Z",
    "modified": "2020-04-23T16:54:08.043Z",
    "name": "QR",
    "comment": null,
    "originator": 155,
    "target": 66
  }
},
{
  "model": "widgets.widgetconnection",
  "pk": 18,
  "fields": {
    "created": "2020-04-23T16:54:08.050Z",
    "modified": "2020-04-23T16:54:08.050Z",
    "name": "Box",
    "comment": null,
    "originator": 155,
    "target": 49
  }
},
{
  "model": "widgets.widgetconnection",
  "pk": 19,
  "fields": {
    "created": "2020-04-23T16:54:08.057Z",
    "modified": "2020-04-23T16:54:08.057Z",
    "name": "Container",
    "comment": null,
    "originator": 155,
    "target": 91
  }
},
{
  "model": "widgets.widgetconnection",
  "pk": 20,
  "fields": {
    "created": "2020-04-23T16:54:08.064Z",
    "modified": "2020-04-23T16:54:08.064Z",
    "name": "Typography",
    "comment": null,
    "originator": 155,
    "target": 62
  }
},
{
  "model": "widgets.widgetconnection",
  "pk": 21,
  "fields": {
    "created": "2020-04-23T16:54:08.145Z",
    "modified": "2020-04-23T16:54:08.145Z",
    "name": "Button",
    "comment": null,
    "originator": 157,
    "target": 109
  }
},
{
  "model": "widgets.widgetconnection",
  "pk": 22,
  "fields": {
    "created": "2020-04-23T16:54:08.229Z",
    "modified": "2020-04-23T16:54:08.229Z",
    "name": "Slider",
    "comment": null,
    "originator": 159,
    "target": 129
  }
},
{
  "model": "widgets.widgetconnection",
  "pk": 23,
  "fields": {
    "created": "2020-04-23T16:54:08.273Z",
    "modified": "2020-04-23T16:54:08.273Z",
    "name": "Button",
    "comment": null,
    "originator": 160,
    "target": 109
  }
},
{
  "model": "widgets.widgetconnection",
  "pk": 24,
  "fields": {
    "created": "2020-04-23T16:54:08.343Z",
    "modified": "2020-04-23T16:54:08.343Z",
    "name": "Typography",
    "comment": null,
    "originator": 161,
    "target": 62
  }
},
{
  "model": "widgets.widgetconnection",
  "pk": 25,
  "fields": {
    "created": "2020-04-23T16:54:08.350Z",
    "modified": "2020-04-23T16:54:08.350Z",
    "name": "RadioButtons",
    "comment": null,
    "originator": 161,
    "target": 139
  }
},
{
  "model": "widgets.widgetconnection",
  "pk": 26,
  "fields": {
    "created": "2020-04-23T16:54:08.426Z",
    "modified": "2020-04-23T16:54:08.426Z",
    "name": "TextField",
    "comment": null,
    "originator": 162,
    "target": 26
  }
},
{
  "model": "widgets.widgetconnection",
  "pk": 27,
  "fields": {
    "created": "2020-04-23T16:54:08.433Z",
    "modified": "2020-04-23T16:54:08.433Z",
    "name": "FormControl",
    "comment": null,
    "originator": 162,
    "target": 90
  }
},
{
  "model": "widgets.widgetconnection",
  "pk": 28,
  "fields": {
    "created": "2020-04-23T16:54:08.440Z",
    "modified": "2020-04-23T16:54:08.440Z",
    "name": "FormControlLabel",
    "comment": null,
    "originator": 162,
    "target": 63
  }
},
{
  "model": "widgets.widgetconnection",
  "pk": 29,
  "fields": {
    "created": "2020-04-23T16:54:08.523Z",
    "modified": "2020-04-23T16:54:08.523Z",
    "name": "MenuItem",
    "comment": null,
    "originator": 163,
    "target": 107
  }
},
{
  "model": "widgets.widgetconnection",
  "pk": 30,
  "fields": {
    "created": "2020-04-23T16:54:08.555Z",
    "modified": "2020-04-23T16:54:08.555Z",
    "name": "FormHorizontalRadioButtons",
    "comment": null,
    "originator": 164,
    "target": 161
  }
},
{
  "model": "widgets.widgetconnection",
  "pk": 31,
  "fields": {
    "created": "2020-04-23T16:54:08.562Z",
    "modified": "2020-04-23T16:54:08.562Z",
    "name": "Grid",
    "comment": null,
    "originator": 164,
    "target": 35
  }
},
{
  "model": "widgets.widgetconnection",
  "pk": 32,
  "fields": {
    "created": "2020-04-23T16:54:08.637Z",
    "modified": "2020-04-23T16:54:08.637Z",
    "name": "Input",
    "comment": null,
    "originator": 165,
    "target": 140
  }
},
{
  "model": "widgets.widgetconnection",
  "pk": 33,
  "fields": {
    "created": "2020-04-23T16:54:08.695Z",
    "modified": "2020-04-23T16:54:08.695Z",
    "name": "Divider",
    "comment": null,
    "originator": 166,
    "target": 106
  }
},
{
  "model": "widgets.widgetconnection",
  "pk": 34,
  "fields": {
    "created": "2020-04-23T16:54:08.703Z",
    "modified": "2020-04-23T16:54:08.703Z",
    "name": "Button",
    "comment": null,
    "originator": 166,
    "target": 109
  }
},
{
  "model": "widgets.widgetconnection",
  "pk": 35,
  "fields": {
    "created": "2020-04-23T16:54:08.735Z",
    "modified": "2020-04-23T16:54:08.735Z",
    "name": "Typography",
    "comment": null,
    "originator": 167,
    "target": 62
  }
},
{
  "model": "widgets.widgetconnection",
  "pk": 36,
  "fields": {
    "created": "2020-04-23T16:54:08.742Z",
    "modified": "2020-04-23T16:54:08.742Z",
    "name": "TableBody",
    "comment": null,
    "originator": 167,
    "target": 41
  }
},
{
  "model": "widgets.widgetconnection",
  "pk": 37,
  "fields": {
    "created": "2020-04-23T16:54:08.749Z",
    "modified": "2020-04-23T16:54:08.749Z",
    "name": "TableRow",
    "comment": null,
    "originator": 167,
    "target": 98
  }
},
{
  "model": "widgets.widgetconnection",
  "pk": 38,
  "fields": {
    "created": "2020-04-23T16:54:08.756Z",
    "modified": "2020-04-23T16:54:08.756Z",
    "name": "TableHead",
    "comment": null,
    "originator": 167,
    "target": 59
  }
},
{
  "model": "widgets.widgetconnection",
  "pk": 39,
  "fields": {
    "created": "2020-04-23T16:54:08.763Z",
    "modified": "2020-04-23T16:54:08.763Z",
    "name": "TableCell",
    "comment": null,
    "originator": 167,
    "target": 142
  }
},
{
  "model": "widgets.widgetconnection",
  "pk": 40,
  "fields": {
    "created": "2020-04-23T16:54:08.770Z",
    "modified": "2020-04-23T16:54:08.770Z",
    "name": "Table",
    "comment": null,
    "originator": 167,
    "target": 25
  }
},
{
  "model": "widgets.widgetconnection",
  "pk": 41,
  "fields": {
    "created": "2020-04-23T16:54:08.812Z",
    "modified": "2020-04-23T16:54:08.812Z",
    "name": "WebIntWidget",
    "comment": null,
    "originator": 168,
    "target": 162
  }
},
{
  "model": "widgets.widgetconnection",
  "pk": 43,
  "fields": {
    "created": "2020-04-23T16:54:08.920Z",
    "modified": "2020-04-23T16:54:08.920Z",
    "name": "Button",
    "comment": null,
    "originator": 170,
    "target": 109
  }
},
{
  "model": "widgets.widgetconnection",
  "pk": 44,
  "fields": {
    "created": "2020-04-23T16:54:08.927Z",
    "modified": "2020-04-23T16:54:08.927Z",
    "name": "BaseGeolocation",
    "comment": null,
    "originator": 170,
    "target": 167
  }
},
{
  "model": "widgets.widgetconnection",
  "pk": 45,
  "fields": {
    "created": "2020-04-23T16:54:08.977Z",
    "modified": "2020-04-23T16:54:08.977Z",
    "name": "DialogCloser",
    "comment": null,
    "originator": 171,
    "target": 157
  }
},
{
  "model": "widgets.widgetconnection",
  "pk": 46,
  "fields": {
    "created": "2020-04-23T16:54:08.984Z",
    "modified": "2020-04-23T16:54:08.984Z",
    "name": "Button",
    "comment": null,
    "originator": 171,
    "target": 109
  }
},
{
  "model": "widgets.widgetconnection",
  "pk": 47,
  "fields": {
    "created": "2020-04-23T16:54:08.992Z",
    "modified": "2020-04-23T16:54:08.992Z",
    "name": "Dialog",
    "comment": null,
    "originator": 171,
    "target": 88
  }
},
{
  "model": "widgets.widgetconnection",
  "pk": 48,
  "fields": {
    "created": "2020-04-23T16:54:09.041Z",
    "modified": "2020-04-23T16:54:09.041Z",
    "name": "InputLabel",
    "comment": null,
    "originator": 172,
    "target": 40
  }
},
{
  "model": "widgets.widgetconnection",
  "pk": 49,
  "fields": {
    "created": "2020-04-23T16:54:09.049Z",
    "modified": "2020-04-23T16:54:09.049Z",
    "name": "CustomMenuItem",
    "comment": null,
    "originator": 172,
    "target": 163
  }
},
{
  "model": "widgets.widgetconnection",
  "pk": 50,
  "fields": {
    "created": "2020-04-23T16:54:09.056Z",
    "modified": "2020-04-23T16:54:09.056Z",
    "name": "FormHelperText",
    "comment": null,
    "originator": 172,
    "target": 149
  }
},
{
  "model": "widgets.widgetconnection",
  "pk": 51,
  "fields": {
    "created": "2020-04-23T16:54:09.063Z",
    "modified": "2020-04-23T16:54:09.063Z",
    "name": "Select",
    "comment": null,
    "originator": 172,
    "target": 64
  }
},
{
  "model": "widgets.widgetconnection",
  "pk": 52,
  "fields": {
    "created": "2020-04-23T16:54:09.069Z",
    "modified": "2020-04-23T16:54:09.069Z",
    "name": "FormControl",
    "comment": null,
    "originator": 172,
    "target": 90
  }
},
{
  "model": "widgets.widgetconnection",
  "pk": 53,
  "fields": {
    "created": "2020-04-23T16:54:09.165Z",
    "modified": "2020-04-23T16:54:09.165Z",
    "name": "Button",
    "comment": null,
    "originator": 173,
    "target": 160
  }
},
{
  "model": "widgets.widgetconnection",
  "pk": 54,
  "fields": {
    "created": "2020-04-23T16:54:09.209Z",
    "modified": "2020-04-23T16:54:09.209Z",
    "name": "Input",
    "comment": null,
    "originator": 174,
    "target": 165
  }
},
{
  "model": "widgets.widgetconnection",
  "pk": 55,
  "fields": {
    "created": "2020-04-23T16:54:09.261Z",
    "modified": "2020-04-23T16:54:09.261Z",
    "name": "Button",
    "comment": null,
    "originator": 175,
    "target": 160
  }
},
{
  "model": "widgets.widgetconnection",
  "pk": 56,
  "fields": {
    "created": "2020-04-23T16:54:09.313Z",
    "modified": "2020-04-23T16:54:09.313Z",
    "name": "Typography",
    "comment": null,
    "originator": 176,
    "target": 62
  }
},
{
  "model": "widgets.widgetconnection",
  "pk": 57,
  "fields": {
    "created": "2020-04-23T16:54:09.322Z",
    "modified": "2020-04-23T16:54:09.322Z",
    "name": "Dropdown",
    "comment": null,
    "originator": 176,
    "target": 172
  }
},
{
  "model": "roles.roleassignment",
  "pk": 1,
  "fields": {
    "created": "2020-04-23T16:54:12.890Z",
    "modified": "2020-04-23T16:54:12.890Z",
    "content_type": 31,
    "object_id": 1,
    "role": 4,
    "user": 1,
    "group": null
  }
}
]
